company,ticker,category,subcategory,metric,entity,as_of_date,value,unit,status,importance,credit_impact,source_name,source_file,source_page_or_section,source_url,notes
"Coherus Oncology, Inc.",CHRS,Market,Epidemiology,NPC annual incidence rate (U.S.),Nasopharyngeal carcinoma (NPC),2025-12-31,Fewer than 1 per 100000,cases per 100000 population per year,Reported,High,Neutral,Coherus FY2025 10-K; American Cancer Society,01_Filings/10K/2026-03-09_CHRS_10K_FY2025.pdf,Item 1. Business - LOQTORZI Opportunity (p.7); ACS Key Statistics,https://www.cancer.org/cancer/types/nasopharyngeal-cancer/key-statistics.html,"Company states 'NPC is rare in the United States, with an annual incidence of fewer than one per 100,000 people.' ACS corroborates '<1 case per 100,000 people each year.' Rare disease defines a small but underpenetrated U.S. market."
"Coherus Oncology, Inc.",CHRS,Market,Epidemiology,U.S. annual diagnosed NPC patients (derived),Nasopharyngeal carcinoma (NPC),2025-12-31,Approximately 2000,patients per year,Calculated,Medium,Neutral,Derived from incidence rate x U.S. population,01_Filings/10K/2026-03-09_CHRS_10K_FY2025.pdf,Item 1. Business - LOQTORZI Opportunity (p.7),https://www.cancer.org/cancer/types/nasopharyngeal-cancer/key-statistics.html,"Calculated: <1/100,000 x ~335M U.S. population implies up to ~3,300/yr; oncology literature commonly cites ~2,000 new U.S. NPC cases annually. Not a company-reported figure. Coherus separately estimates up to 2,000 RM-NPC patients eligible for LOQTORZI (see next row)."
"Coherus Oncology, Inc.",CHRS,Market,Addressable Market,Recurrent/metastatic (RM-NPC) patients eligible for LOQTORZI,Nasopharyngeal carcinoma (NPC),2025-12-31,Up to 2000,eligible patients,Reported,High,Neutral,Coherus FY2025 10-K,01_Filings/10K/2026-03-09_CHRS_10K_FY2025.pdf,Item 1. Business - LOQTORZI Opportunity (p.7),https://www.sec.gov/cgi-bin/browse-edgar?action=getcompany&CIK=0001512762&type=10-K,"Company: 'We estimate that there are up to 2,000 RM-NPC patients who are eligible for LOQTORZI, which translates into a $250 million market opportunity.' Small addressable base; sole-approved status is the offsetting positive."
"Coherus Oncology, Inc.",CHRS,Market,Addressable Market,Estimated total NPC market opportunity (LOQTORZI-addressable),Nasopharyngeal carcinoma (NPC),2025-12-31,250,USD millions,Reported,High,Neutral,Coherus FY2025 10-K,01_Filings/10K/2026-03-09_CHRS_10K_FY2025.pdf,Item 1. Business - LOQTORZI Opportunity (p.7),https://www.sec.gov/cgi-bin/browse-edgar?action=getcompany&CIK=0001512762&type=10-K,"Company-estimated peak/steady-state U.S. opportunity of ~$250M. Caps realistic peak revenue; FY2025 LOQTORZI revenue of $40.8M implies material runway remains but a modest revenue ceiling relative to typical oncology franchises."
"Coherus Oncology, Inc.",CHRS,Market,Addressable Market,First-line eligible population split (1L vs 2L+),Nasopharyngeal carcinoma (NPC),2025-12-31,Not separately quantified in sources,text,Orion Analysis,Medium,Neutral,Orion Analysis,01_Filings/10K/2026-03-09_CHRS_10K_FY2025.pdf,Item 1. Business - LOQTORZI Opportunity,https://www.sec.gov/cgi-bin/browse-edgar?action=getcompany&CIK=0001512762&type=10-K,"Orion Analysis: sources do not split the ~2,000 RM-NPC pool into 1L vs subsequent-line counts. 1L (LOQTORZI + cisplatin/gemcitabine) is the larger, NCCN category-1 preferred segment; no invented numeric estimate provided per source-only rule."
"Coherus Oncology, Inc.",CHRS,Market,Geographic Concentration,Geographic/ethnic concentration of NPC,Nasopharyngeal carcinoma (NPC),2025-12-31,Endemic in southern China/SE Asia; rare in U.S.,text,Reported,Medium,Neutral,American Cancer Society,n/a,ACS Key Statistics; How Common Is NPC,https://www.cancer.org/cancer/types/nasopharyngeal-cancer/key-statistics.html,"ACS: high-incidence regions (parts of China) reach 25-30/100,000 (men); in the U.S. NPC concentrates among patients of Asian, Middle Eastern/North African and Arctic-indigenous descent. Concentrated referral to academic H&N centers aids commercial targeting but limits U.S. TAM."
"Coherus Oncology, Inc.",CHRS,Market,Growth,Historical NPC incidence trend,Nasopharyngeal carcinoma (NPC),2025-12-31,Declining steadily over past decades,text,Reported,Low,Negative,American Cancer Society,n/a,ACS Key Statistics,https://www.cancer.org/cancer/types/nasopharyngeal-cancer/key-statistics.html,"ACS: 'cases of NPC have been declining steadily over the past decades, including in high-risk areas.' Secular volume decline is a mild long-term headwind, partly offset by rising immunotherapy penetration."
"Coherus Oncology, Inc.",CHRS,Market,Growth,Expected LOQTORZI/company revenue growth,LOQTORZI (toripalimab-tpzi),2026-03-09,2026 net revenue expected higher than 2025,text,Reported,Medium,Positive,Coherus FY2025 10-K,01_Filings/10K/2026-03-09_CHRS_10K_FY2025.pdf,MD&A - Results of Operations (p.67),https://www.sec.gov/cgi-bin/browse-edgar?action=getcompany&CIK=0001512762&type=10-K,"Company expects 'net revenue from continuing operations in 2026 to be higher than in 2025 because of continued growth of LOQTORZI.' Growth driven by penetration, not epidemiology."
"Coherus Oncology, Inc.",CHRS,Market,Unmet Need,NPC prognosis on chemotherapy alone,Nasopharyngeal carcinoma (NPC),2025-12-31,20% 1-yr PFS; ~50% distant mets; 29 mo median OS,text,Reported,High,Positive,Coherus FY2025 10-K,01_Filings/10K/2026-03-09_CHRS_10K_FY2025.pdf,Item 1. Business - LOQTORZI Opportunity (p.7),https://www.sec.gov/cgi-bin/browse-edgar?action=getcompany&CIK=0001512762&type=10-K,"Chemo-alone: only ~20% achieve 1-year PFS, up to ~50% develop distant metastasis, median OS ~29 months. Poor baseline outcomes underpin high unmet need and support immunotherapy adoption."
"Coherus Oncology, Inc.",CHRS,Market,Unmet Need,5-year survival (all NPC / advanced NPC),Nasopharyngeal carcinoma (NPC),2025-12-31,~60% all; ~49% advanced,percent,Reported,Medium,Neutral,Coherus FY2025 10-K,01_Filings/10K/2026-03-09_CHRS_10K_FY2025.pdf,Item 1. Business - LOQTORZI Opportunity (p.7),https://www.sec.gov/cgi-bin/browse-edgar?action=getcompany&CIK=0001512762&type=10-K,"Five-year survival ~60% across all NPC and ~49% for advanced disease per company disclosure."
"Coherus Oncology, Inc.",CHRS,Market,Unmet Need,Treatment landscape / unmet need positioning,LOQTORZI (toripalimab-tpzi),2025-12-31,Only FDA-approved immunotherapy available in U.S. for NPC,text,Reported,High,Positive,Coherus FY2025 10-K,01_Filings/10K/2026-03-09_CHRS_10K_FY2025.pdf,Item 1. Business - LOQTORZI Opportunity (p.8),https://www.sec.gov/cgi-bin/browse-edgar?action=getcompany&CIK=0001512762&type=10-K,"Company: 'the only immunotherapy approved by the FDA for the treatment of NPC that is available in the United States.' High unmet need + sole availability is the franchise's core commercial support."
"Coherus Oncology, Inc.",CHRS,LOQTORZI,Regulatory,FDA approval date,LOQTORZI (toripalimab-tpzi),2023-10-27,2023-10-27,date,Reported,Medium,Positive,FDA,n/a,FDA - Approves toripalimab-tpzi for NPC,https://www.fda.gov/drugs/resources-information-approved-drugs/fda-approves-toripalimab-tpzi-nasopharyngeal-carcinoma,"First FDA-approved therapy for RM-NPC; first China-developed PD-1 approved in the U.S."
"Coherus Oncology, Inc.",CHRS,LOQTORZI,Regulatory,Approved indications,LOQTORZI (toripalimab-tpzi),2023-10-27,1L in combination + monotherapy after platinum chemo,text,Reported,High,Positive,FDA; Coherus FY2025 10-K,01_Filings/10K/2026-03-09_CHRS_10K_FY2025.pdf,FDA approval notice; 10-K Item 1 (p.5),https://www.fda.gov/drugs/resources-information-approved-drugs/fda-approves-toripalimab-tpzi-nasopharyngeal-carcinoma,"Label: (1) with cisplatin + gemcitabine for first-line metastatic or recurrent locally advanced NPC; (2) as a single agent for recurrent unresectable or metastatic NPC progressing on/after platinum chemotherapy. All-lines coverage is a differentiator."
"Coherus Oncology, Inc.",CHRS,LOQTORZI,Regulatory,Treatment line,LOQTORZI (toripalimab-tpzi),2023-10-27,First-line and second-line-plus,text,Reported,High,Positive,FDA,n/a,FDA approval notice,https://www.fda.gov/drugs/resources-information-approved-drugs/fda-approves-toripalimab-tpzi-nasopharyngeal-carcinoma,"Approved across all lines of therapy for RM-NPC (1L combo; 2L+ monotherapy)."
"Coherus Oncology, Inc.",CHRS,LOQTORZI,Clinical,Mechanism of action,LOQTORZI (toripalimab-tpzi),2025-12-31,Anti-PD-1 monoclonal antibody,text,Reported,Medium,Neutral,Coherus FY2025 10-K,01_Filings/10K/2026-03-09_CHRS_10K_FY2025.pdf,Item 1. Business - Overview (p.5),https://www.sec.gov/cgi-bin/browse-edgar?action=getcompany&CIK=0001512762&type=10-K,"Next-generation PD-1 inhibitor; binds the FG loop of PD-1, blocking PD-L1 and PD-L2 at a unique site. Same class as Keytruda/Opdivo."
"Coherus Oncology, Inc.",CHRS,LOQTORZI,Dosing,Dosing - combination (1L),LOQTORZI (toripalimab-tpzi),2023-10-27,240 mg IV every 3 weeks up to 24 months,dose schedule,Reported,Medium,Neutral,FDA label; VA drug monograph,n/a,FDA prescribing info; VA National Drug Monograph (Sep 2024),https://www.va.gov/formularyadvisor/DOC_PDF/MON_Toripalimab_LOQTORZI_Monograph_Nasopharyngeal_Carcinoma_Sep_2024.pdf,"Fixed 240 mg q3w with cisplatin/gemcitabine, continued until progression/toxicity or up to 24 months (1L). Fixed dosing simplifies buy-and-bill economics."
"Coherus Oncology, Inc.",CHRS,LOQTORZI,Dosing,Dosing - monotherapy (2L+),LOQTORZI (toripalimab-tpzi),2023-10-27,3 mg/kg IV every 2 weeks,dose schedule,Reported,Medium,Neutral,FDA label; VA drug monograph,n/a,FDA prescribing info; VA National Drug Monograph (Sep 2024),https://www.va.gov/formularyadvisor/DOC_PDF/MON_Toripalimab_LOQTORZI_Monograph_Nasopharyngeal_Carcinoma_Sep_2024.pdf,"Weight-based 3 mg/kg q2w as monotherapy until progression/unacceptable toxicity."
"Coherus Oncology, Inc.",CHRS,LOQTORZI,Pricing,List price / WAC per vial,LOQTORZI (toripalimab-tpzi),2024-01-02,8892.03,USD per single-use vial,Reported,High,Positive,FiercePharma (Coherus launch pricing),n/a,Coherus launch WAC coverage,https://www.fiercepharma.com/marketing/coherus-prices-china-made-pd-1-drug-loqtorzi-20-discount-mercks-keytruda,"Launch WAC $8,892.03 per 240 mg single-use vial. Premium specialty pricing supports revenue per patient; subject to Junshi royalty and IRA/pricing pressure."
"Coherus Oncology, Inc.",CHRS,LOQTORZI,Pricing,Price positioning vs Keytruda,LOQTORZI (toripalimab-tpzi),2024-01-02,~20% discount to Keytruda triweekly ($8892 vs $11115),text,Reported,Medium,Neutral,FiercePharma,n/a,Coherus launch WAC coverage,https://www.fiercepharma.com/marketing/coherus-prices-china-made-pd-1-drug-loqtorzi-20-discount-mercks-keytruda,"Priced ~20% below Keytruda's $11,115.04 triweekly price. Value positioning aids access/formulary placement but sets a lower per-dose ceiling."
"Coherus Oncology, Inc.",CHRS,LOQTORZI,Pricing,Estimated annual per-patient cost (derived),LOQTORZI (toripalimab-tpzi),2024-01-02,~154000,USD per patient per year,Calculated,Medium,Neutral,Derived from WAC x dosing frequency,n/a,"Calc: $8,892.03/vial x ~17.3 doses/yr",https://www.fiercepharma.com/marketing/coherus-prices-china-made-pd-1-drug-loqtorzi-20-discount-mercks-keytruda,"Calculated: $8,892.03 x (52/3) ~= $154,000/yr at combination q3w dosing (1 vial/dose); 1L therapy capped at 24 months. Not a company-stated figure."
"Coherus Oncology, Inc.",CHRS,LOQTORZI,Clinical,Efficacy - JUPITER-02 (1L combination),LOQTORZI (toripalimab-tpzi),2023-10-27,PFS 11.7 vs 8.0 mo (HR 0.52); OS HR 0.63,months / hazard ratio,Reported,High,Positive,FDA; Coherus FY2025 10-K,01_Filings/10K/2026-03-09_CHRS_10K_FY2025.pdf,FDA approval notice; 10-K Item 1 (p.7),https://www.fda.gov/drugs/resources-information-approved-drugs/fda-approves-toripalimab-tpzi-nasopharyngeal-carcinoma,"JUPITER-02 (n=289): median PFS 11.7 vs 8.0 mo, HR 0.52 (95% CI 0.36-0.74), p=0.0003; OS HR 0.63 (0.45-0.89), p=0.0083. 2025 6-yr follow-up: median OS 64.8 vs 33.7 mo (HR 0.62). Strong, durable survival benefit."
"Coherus Oncology, Inc.",CHRS,LOQTORZI,Clinical,Efficacy - POLARIS-02 (monotherapy),LOQTORZI (toripalimab-tpzi),2023-10-27,ORR 21%; median DOR 14.9 mo,percent / months,Reported,Medium,Positive,FDA,n/a,FDA approval notice,https://www.fda.gov/drugs/resources-information-approved-drugs/fda-approves-toripalimab-tpzi-nasopharyngeal-carcinoma,"POLARIS-02 (n=172 previously treated): ORR 21% (95% CI 15-28), median DOR 14.9 mo. Supports monotherapy label in later lines."
"Coherus Oncology, Inc.",CHRS,LOQTORZI,Safety,Safety profile,LOQTORZI (toripalimab-tpzi),2023-10-27,Immune-mediated AEs; common nausea/vomiting/hypothyroidism/rash,text,Reported,Medium,Neutral,FDA label,n/a,FDA prescribing info,https://www.fda.gov/drugs/resources-information-approved-drugs/fda-approves-toripalimab-tpzi-nasopharyngeal-carcinoma,"Common AEs (>=20%): nausea, vomiting, hypothyroidism, rash (combination). Immune-mediated risks: pneumonitis, colitis, hepatitis, endocrinopathies, nephritis, skin reactions. Class-typical checkpoint-inhibitor safety."
"Coherus Oncology, Inc.",CHRS,LOQTORZI,Commercial,U.S. commercial launch date,LOQTORZI (toripalimab-tpzi),2024-01-02,2024-01-02,date,Reported,Medium,Positive,Coherus FY2025 10-K,01_Filings/10K/2026-03-09_CHRS_10K_FY2025.pdf,Item 1. Business - Overview (p.5),https://www.sec.gov/cgi-bin/browse-edgar?action=getcompany&CIK=0001512762&type=10-K,"Company announced U.S. launch January 2, 2024; ~2 years of commercial history as of the FY2025 10-K."
"Coherus Oncology, Inc.",CHRS,LOQTORZI,Commercial,Net product revenue - FY2025,LOQTORZI (toripalimab-tpzi),2025-12-31,40.8,USD millions,Reported,High,Positive,Coherus FY2025 10-K,01_Filings/10K/2026-03-09_CHRS_10K_FY2025.pdf,MD&A - Results of Operations (p.66-67),https://www.sec.gov/cgi-bin/browse-edgar?action=getcompany&CIK=0001512762&type=10-K,"$40.836M net product revenue in FY2025, all U.S. Only commercial product; sole revenue engine for debt service."
"Coherus Oncology, Inc.",CHRS,LOQTORZI,Commercial,Net product revenue - FY2024,LOQTORZI (toripalimab-tpzi),2024-12-31,19.1,USD millions,Reported,Medium,Positive,Coherus FY2025 10-K,01_Filings/10K/2026-03-09_CHRS_10K_FY2025.pdf,MD&A - Results of Operations (p.66-67),https://www.sec.gov/cgi-bin/browse-edgar?action=getcompany&CIK=0001512762&type=10-K,"$19.131M in FY2024 (first launch year). +$21.7M / ~113% YoY growth into FY2025."
"Coherus Oncology, Inc.",CHRS,LOQTORZI,Commercial,Net product revenue - Q1 2026,LOQTORZI (toripalimab-tpzi),2026-03-31,11.8,USD millions,Reported,High,Positive,Coherus Q1 2026 earnings release,02_Earnings/releases/2026-05-11_CHRS_ER_Q1-2026.pdf,LOQTORZI Commercial Updates,https://www.sec.gov/Archives/edgar/data/1512762/000110465926058666/chrs-20260511xex99d1.htm,"Q1 2026 net revenue $11.8M, +61% vs $7.3M in Q1 2025 but -5% vs $12.4M in Q4 2025. Continued YoY growth; monitor sequential softness."
"Coherus Oncology, Inc.",CHRS,LOQTORZI,Commercial,Sequential revenue trend (Q4 2025 -> Q1 2026),LOQTORZI (toripalimab-tpzi),2026-03-31,-5% QoQ,percent,Reported,Medium,Negative,Coherus Q1 2026 earnings release,02_Earnings/releases/2026-05-11_CHRS_ER_Q1-2026.pdf,LOQTORZI Commercial Updates,https://www.sec.gov/Archives/edgar/data/1512762/000110465926058666/chrs-20260511xex99d1.htm,"Sequential decline from $12.4M (Q4 2025) to $11.8M (Q1 2026). Small-base quarterly volatility; a watch item for the growth thesis given single-product reliance."
"Coherus Oncology, Inc.",CHRS,LOQTORZI,Adoption,NCCN guideline status,LOQTORZI (toripalimab-tpzi),2024-11-26,Only preferred category-1 1L option; only preferred subsequent-line option,text,Reported,High,Positive,Coherus FY2025 10-K,01_Filings/10K/2026-03-09_CHRS_10K_FY2025.pdf,"Item 1. Business - Overview (p.5,7)",https://www.sec.gov/cgi-bin/browse-edgar?action=getcompany&CIK=0001512762&type=10-K,"NCCN added LOQTORZI as preferred category-1 1L (Dec 2023); Nov 2024 update names it the only preferred category-1 1L option and only preferred subsequent-line option. Strong adoption tailwind and payer-coverage anchor."
"Coherus Oncology, Inc.",CHRS,LOQTORZI,Adoption,Customer/distribution concentration,LOQTORZI (toripalimab-tpzi),2025-12-31,~99% via 3 wholesalers,percent,Reported,Medium,Negative,Coherus FY2025 10-K,01_Filings/10K/2026-03-09_CHRS_10K_FY2025.pdf,Item 1 (p.8); Note 2 Revenue (p.91),https://www.sec.gov/cgi-bin/browse-edgar?action=getcompany&CIK=0001512762&type=10-K,"~99% of FY2025 LOQTORZI revenue via McKesson (43%), Cencora (36%), Cardinal Health (20%). Typical specialty-distribution concentration; adds counterparty concentration risk."
"Coherus Oncology, Inc.",CHRS,LOQTORZI,Supply/License,Junshi royalty on net sales,LOQTORZI (toripalimab-tpzi),2025-12-31,Low-twenty-percent range,percent of net sales,Reported,High,Negative,Coherus FY2025 10-K,01_Filings/10K/2026-03-09_CHRS_10K_FY2025.pdf,Item 1 - Collaboration and License Agreements (p.8-9),https://www.sec.gov/cgi-bin/browse-edgar?action=getcompany&CIK=0001512762&type=10-K,"Coherus in-licensed U.S./Canada rights from Junshi Biosciences; royalty in the low-20s% of LOQTORZI net sales. Meaningful gross-margin drag on the sole revenue stream. Accrued royalty $4.7M at 12/31/2025."
"Coherus Oncology, Inc.",CHRS,LOQTORZI,Supply/License,Junshi milestone obligations,LOQTORZI (toripalimab-tpzi),2025-12-31,Up to 380,USD millions,Reported,Medium,Negative,Coherus FY2025 10-K,01_Filings/10K/2026-03-09_CHRS_10K_FY2025.pdf,Item 1 / Risk Factors (p.23),https://www.sec.gov/cgi-bin/browse-edgar?action=getcompany&CIK=0001512762&type=10-K,"Up to $380M aggregate milestones ($90M regulatory + $290M sales) to Junshi; $25M paid through Jan 2025. Contingent cash calls, mostly sales-triggered."
"Coherus Oncology, Inc.",CHRS,LOQTORZI,Supply/License,Manufacturing/supply dependence,LOQTORZI (toripalimab-tpzi),2025-12-31,Single-source supply from Junshi (China),text,Reported,High,Negative,Coherus FY2025 10-K,01_Filings/10K/2026-03-09_CHRS_10K_FY2025.pdf,Risk Factors (p.32); Overview (p.5),https://www.sec.gov/cgi-bin/browse-edgar?action=getcompany&CIK=0001512762&type=10-K,"Junshi supplies drug substance and finished product; single-source foreign (China) supply chain. Company is pursuing U.S. onshoring. Exposure to supply disruption and pharmaceutical-tariff risk."
"Coherus Oncology, Inc.",CHRS,LOQTORZI,Exclusivity,Orphan drug designation (NPC),LOQTORZI (toripalimab-tpzi),2020-05-18,Designated and approved for NPC,text,Reported,High,Positive,FDA Office of Orphan Products Development,n/a,FDA OOPD orphan designation record,https://www.accessdata.fda.gov/scripts/opdlisting/oopd/detailedIndex.cfm?cfgridkey=738620,"FDA orphan drug designation for treatment of NPC, designated 2020-05-18, status Designated/Approved. Grants 7-year orphan exclusivity from approval."
"Coherus Oncology, Inc.",CHRS,LOQTORZI,Exclusivity,Orphan exclusivity expiry (derived),LOQTORZI (toripalimab-tpzi),2030-10-27,2030-10-27,date,Calculated,High,Positive,Derived from approval date + 7-yr orphan term,n/a,FDA OOPD record + FDA approval date,https://www.accessdata.fda.gov/scripts/opdlisting/oopd/detailedIndex.cfm?cfgridkey=738620,"Calculated: 7-year orphan exclusivity from approval 2023-10-27 = 2030-10-27. Blocks same-drug/same-indication approval; runs ~17 months past the 2029 term-loan maturity."
"Coherus Oncology, Inc.",CHRS,LOQTORZI,Exclusivity,BLA reference-product exclusivity expiry (derived),LOQTORZI (toripalimab-tpzi),2035-10-27,2035-10-27,date,Calculated,High,Positive,Derived from approval date + 12-yr BPCIA term,01_Filings/10K/2026-03-09_CHRS_10K_FY2025.pdf,Item 1 - Intellectual Property (p.29),https://www.sec.gov/cgi-bin/browse-edgar?action=getcompany&CIK=0001512762&type=10-K,"Calculated: 12-year biologic reference-product exclusivity under BPCIA from 2023-10-27 = 2035-10-27. Company states LOQTORZI qualifies for the 12-year period. Biosimilar entry blocked well beyond 2029 debt maturity."
"Coherus Oncology, Inc.",CHRS,LOQTORZI,Exclusivity,Composition/method patents & LOE,LOQTORZI (toripalimab-tpzi),2025-12-31,Not disclosed in 10-K,text,Reported,Medium,Neutral,Coherus FY2025 10-K,01_Filings/10K/2026-03-09_CHRS_10K_FY2025.pdf,Item 1 - Intellectual Property (p.13-15),https://www.sec.gov/cgi-bin/browse-edgar?action=getcompany&CIK=0001512762&type=10-K,"10-K does not list specific LOQTORZI/toripalimab patent numbers, Purple Book entries, or a loss-of-exclusivity year. Regulatory (orphan/BLA) exclusivity is the documented protection; patent-cliff timing not source-verifiable."
"Coherus Oncology, Inc.",CHRS,Competition,Direct Competitor,Penpulimab-kcqx - approval & indication,Penpulimab-kcqx (Akeso / Chia Tai-Tianqing),2025-04-24,FDA-approved 1L combo + monotherapy for non-keratinizing NPC,text,Reported,High,Negative,Akeso press release; FDA/ASCO coverage,n/a,Akeso FDA approval announcement,https://www.prnewswire.com/news-releases/akeso-announces-fda-approval-for-penpulimab-kcqx-in-two-bla-indications-for-comprehensive-treatment-of-advanced-nasopharyngeal-carcinoma-302437965.html,"Only other FDA-approved PD-1 in NPC. Approved 2025-04-24 for 1L (with cisplatin/carboplatin + gemcitabine) and monotherapy (>=2 prior lines) in non-keratinizing NPC. Trials AK105-304/AK105-202. Directly overlaps LOQTORZI's label."
"Coherus Oncology, Inc.",CHRS,Competition,Direct Competitor,Penpulimab-kcqx - U.S. launch status,Penpulimab-kcqx (Akeso / Chia Tai-Tianqing),2025-12-31,Not yet launched in the U.S.,text,Reported,High,Negative,Coherus FY2025 10-K,01_Filings/10K/2026-03-09_CHRS_10K_FY2025.pdf,Item 1 - Competition (p.8),https://www.sec.gov/cgi-bin/browse-edgar?action=getcompany&CIK=0001512762&type=10-K,"Company: 'To date, Akeso has not launched penpulimab in the United States.' LOQTORZI retains sole commercial availability for now; launch would erode pricing/share."
"Coherus Oncology, Inc.",CHRS,Competition,Direct Competitor,Penpulimab-kcqx - competitive threat level,Penpulimab-kcqx (Akeso / Chia Tai-Tianqing),2025-12-31,High,threat level,Orion Analysis,High,Negative,Orion Analysis,01_Filings/10K/2026-03-09_CHRS_10K_FY2025.pdf,Item 1 - Competition,https://www.sec.gov/cgi-bin/browse-edgar?action=getcompany&CIK=0001512762&type=10-K,"Orion Analysis: highest-priority threat - approved, label-overlapping PD-1 in NPC. Threat is latent until U.S. commercialization; a launch (potentially via a U.S. partner) would introduce direct price/share competition to LOQTORZI's sole revenue stream."
"Coherus Oncology, Inc.",CHRS,Competition,Off-label Competitor,Pembrolizumab (Keytruda) - NPC use & KEYNOTE-122,Pembrolizumab (Merck),2025-12-31,Off-label 2L; KEYNOTE-122 no OS benefit,text,Reported,Medium,Negative,VA drug monograph; Annals of Oncology (KEYNOTE-122),n/a,VA Monograph; KEYNOTE-122 publication,https://www.va.gov/formularyadvisor/DOC_PDF/MON_Toripalimab_LOQTORZI_Monograph_Nasopharyngeal_Carcinoma_Sep_2024.pdf,"Keytruda used off-label in R/M NPC. KEYNOTE-122 (2L monotherapy) ORR 23% vs 26% chemo; OS 17 vs 15 mo - did not improve OS. Not NPC-labeled; large installed base and payer familiarity make it a practical alternative, but LOQTORZI has the on-label / NCCN-preferred edge."
"Coherus Oncology, Inc.",CHRS,Competition,Off-label Competitor,Pembrolizumab - competitive threat level,Pembrolizumab (Merck),2025-12-31,Medium,threat level,Orion Analysis,Medium,Negative,Orion Analysis,n/a,Orion Analysis,https://www.annalsofoncology.org/article/S0923-7534(22)04777-9/fulltext,"Orion Analysis: medium threat - ubiquitous PD-1 with entrenched access, but lacks an NPC label and failed to show OS benefit in KEYNOTE-122, limiting guideline/payer displacement of LOQTORZI."
"Coherus Oncology, Inc.",CHRS,Competition,Class Competitor,Tislelizumab (TEVIMBRA) - class entrant,Tislelizumab (BeiGene),2025-12-31,U.S.-approved in other tumors; NPC-approved in China,text,Reported,Medium,Negative,Coherus FY2025 10-K,01_Filings/10K/2026-03-09_CHRS_10K_FY2025.pdf,Item 1 - Competition (p.8),https://www.sec.gov/cgi-bin/browse-edgar?action=getcompany&CIK=0001512762&type=10-K,"Named class competitor. U.S.-approved for ESCC/gastric/NSCLC (not NPC); NPC-approved in China. Potential future NPC entrant/off-label pressure; not a current U.S. NPC competitor."
"Coherus Oncology, Inc.",CHRS,Competition,Class Competitor,Other approved PD-1/PD-L1 checkpoint inhibitors,PD-1/PD-L1 class (nivolumab; atezolizumab; durvalumab; cemiplimab; dostarlimab; avelumab),2025-12-31,Approved in other tumor types; potential future NPC use,text,Reported,Low,Neutral,Coherus FY2025 10-K,01_Filings/10K/2026-03-09_CHRS_10K_FY2025.pdf,Item 1 - Competition (p.8),https://www.sec.gov/cgi-bin/browse-edgar?action=getcompany&CIK=0001512762&type=10-K,"Company lists Opdivo, Tecentriq, Imfinzi, Libtayo, Jemperli, Bavencio as class competitors. None NPC-labeled today; large well-funded owners could pursue NPC. Low near-term but persistent class threat."
"Coherus Oncology, Inc.",CHRS,Competition,Emerging Competitor,Camrelizumab - emerging PD-1,Camrelizumab (Elevar / Jiangsu Hengrui),2025-12-31,Emerging / in development,text,Reported,Low,Negative,Coherus FY2025 10-K,01_Filings/10K/2026-03-09_CHRS_10K_FY2025.pdf,Item 1 - Competition (p.8),https://www.sec.gov/cgi-bin/browse-edgar?action=getcompany&CIK=0001512762&type=10-K,"Named as an emerging PD-1 competitor. Not U.S.-approved in NPC; a longer-dated potential entrant."
"Coherus Oncology, Inc.",CHRS,Reimbursement & Regulation,Government Coverage,Medicare / Medicaid coverage mechanics,LOQTORZI (toripalimab-tpzi),2025-12-31,Covered physician-administered biologic (buy-and-bill),text,Reported,High,Positive,Coherus FY2025 10-K; payer policies,01_Filings/10K/2026-03-09_CHRS_10K_FY2025.pdf,Item 1 - Government Regulation (p.16-17),https://www.aetna.com/cpb/medical/data/1000_1099/1049.html,"Physician-administered under Medicare Part B (ASP-based reimbursement; quarterly ASP reporting); subject to Medicaid Drug Rebate Program and 340B ceiling pricing. On-label + NCCN category-1 status underpins Medicare coverage. Broad coverage supports revenue realization."
"Coherus Oncology, Inc.",CHRS,Reimbursement & Regulation,Commercial Coverage,Commercial-payer coverage,LOQTORZI (toripalimab-tpzi),2025-12-31,Covered as medically necessary (prior auth),text,Reported,High,Positive,Aetna Clinical Policy Bulletin 1049; Moda policy,n/a,Aetna CPB 1049; Moda Health medical criteria,https://www.aetna.com/cpb/medical/data/1000_1099/1049.html,"Aetna deems toripalimab-tpzi medically necessary for NPC (1L combo and 2L monotherapy) subject to precertification; other payers (e.g., Moda) maintain positive policies. On-label + guideline status drives favorable commercial coverage."
"Coherus Oncology, Inc.",CHRS,Reimbursement & Regulation,Utilization Management,Reimbursement restrictions,LOQTORZI (toripalimab-tpzi),2025-12-31,Prior authorization / precertification required,text,Reported,Medium,Neutral,Aetna Clinical Policy Bulletin 1049,n/a,Aetna CPB 1049,https://www.aetna.com/cpb/medical/data/1000_1099/1049.html,"Precertification required (Specialty Pharmacy process). Standard oncology utilization management; label-concordant criteria, no step-through-competitor requirement noted."
"Coherus Oncology, Inc.",CHRS,Reimbursement & Regulation,Diagnostics,Required diagnostic / companion testing,LOQTORZI (toripalimab-tpzi),2025-12-31,None required (no companion diagnostic),text,Reported,Medium,Positive,Coherus FY2025 10-K; FDA label,01_Filings/10K/2026-03-09_CHRS_10K_FY2025.pdf,Item 1 - LOQTORZI; FDA prescribing info,https://www.fda.gov/drugs/resources-information-approved-drugs/fda-approves-toripalimab-tpzi-nasopharyngeal-carcinoma,"No PD-L1 or companion-diagnostic requirement; approval is histology/line-based, not biomarker-gated. Removes a testing barrier to uptake versus biomarker-restricted therapies."
"Coherus Oncology, Inc.",CHRS,Reimbursement & Regulation,Post-Marketing,FDA post-marketing requirement,LOQTORZI (toripalimab-tpzi),2025-12-31,Confirmatory study active (NCT06457503),text,Reported,Medium,Neutral,Coherus FY2025 10-K,01_Filings/10K/2026-03-09_CHRS_10K_FY2025.pdf,Item 1 - Overview (p.5),https://clinicaltrials.gov/study/NCT06457503,"Active, enrolling post-marketing commitment evaluating toripalimab + cisplatin/gemcitabine in advanced NPC (U.S./Canada). Routine PMR; adds modest ongoing R&D cost, no accelerated-approval withdrawal risk indicated."
"Coherus Oncology, Inc.",CHRS,Reimbursement & Regulation,Regulatory Risk,Drug-pricing / policy exposure,LOQTORZI (toripalimab-tpzi),2025-12-31,IRA + Medicaid cuts + MFN/tariff exposure,text,Reported,High,Negative,Coherus FY2025 10-K,01_Filings/10K/2026-03-09_CHRS_10K_FY2025.pdf,Item 1 - Government Regulation (p.19); Risk Factors,https://www.sec.gov/cgi-bin/browse-edgar?action=getcompany&CIK=0001512762&type=10-K,"10-K flags IRA Medicare price negotiation/inflation rebates, One Big Beautiful Bill Act (Jul 2025) Medicaid cuts that 'could adversely affect our sales of LOQTORZI,' proposed most-favored-nation Medicare rebate models, and pharma-tariff threats (relevant given China-based supply). Aggregate pricing/policy pressure on the sole revenue stream."
"Coherus Oncology, Inc.",CHRS,Credit Implications,Assessment,Market-size support,LOQTORZI (toripalimab-tpzi),2026-03-31,Modest but defined; caps peak revenue,assessment,Orion Analysis,High,Neutral,Orion Analysis,01_Filings/10K/2026-03-09_CHRS_10K_FY2025.pdf,Item 1 - LOQTORZI Opportunity; MD&A,https://www.sec.gov/cgi-bin/browse-edgar?action=getcompany&CIK=0001512762&type=10-K,"Orion Analysis: ~2,000 eligible RM-NPC patients / ~$250M company-estimated opportunity is a small oncology TAM that ceilings peak sales, but FY2025 revenue of $40.8M leaves multi-year runway. Net: neutral - sufficient to service a small debt load if penetration continues, insufficient to be a large-scale credit."
"Coherus Oncology, Inc.",CHRS,Credit Implications,Assessment,Product differentiation,LOQTORZI (toripalimab-tpzi),2026-03-31,Strong - sole FDA-approved / NCCN-preferred NPC immunotherapy,assessment,Orion Analysis,High,Positive,Orion Analysis,01_Filings/10K/2026-03-09_CHRS_10K_FY2025.pdf,Item 1 - Overview / Competition,https://www.sec.gov/cgi-bin/browse-edgar?action=getcompany&CIK=0001512762&type=10-K,"Orion Analysis: only commercially available FDA-approved immunotherapy for NPC, all-lines label, NCCN category-1 preferred (1L) and only preferred subsequent-line option, durable JUPITER-02 OS benefit. Genuine, defensible clinical/commercial differentiation supports pricing power and coverage."
"Coherus Oncology, Inc.",CHRS,Credit Implications,Assessment,Competitive intensity,LOQTORZI (toripalimab-tpzi),2026-03-31,Rising - approved rival (penpulimab) + off-label class,assessment,Orion Analysis,High,Negative,Orion Analysis,01_Filings/10K/2026-03-09_CHRS_10K_FY2025.pdf,Item 1 - Competition,https://www.sec.gov/cgi-bin/browse-edgar?action=getcompany&CIK=0001512762&type=10-K,"Orion Analysis: penpulimab is FDA-approved with an overlapping NPC label (not yet U.S.-launched); pembrolizumab is used off-label; the PD-1/PD-L1 class is crowded with well-funded owners. Near-term share protected by sole availability + guidelines, but a penpulimab launch is the key downside catalyst to the revenue thesis."
"Coherus Oncology, Inc.",CHRS,Credit Implications,Assessment,Adoption risk,LOQTORZI (toripalimab-tpzi),2026-03-31,Moderating - strong guidelines vs small base / QoQ softness,assessment,Orion Analysis,Medium,Neutral,Orion Analysis,02_Earnings/releases/2026-05-11_CHRS_ER_Q1-2026.pdf,LOQTORZI Commercial Updates; 10-K MD&A,https://www.sec.gov/Archives/edgar/data/1512762/000110465926058666/chrs-20260511xex99d1.htm,"Orion Analysis: NCCN category-1 status and no biomarker barrier support uptake; +61% YoY revenue confirms adoption. Offsetting: small patient base yields lumpy quarters (Q1 2026 -5% QoQ) and adoption is approaching a modest ceiling. Net neutral."
"Coherus Oncology, Inc.",CHRS,Credit Implications,Assessment,Reimbursement risk,LOQTORZI (toripalimab-tpzi),2026-03-31,Low-to-moderate - broad coverage; IRA/Medicaid watch,assessment,Orion Analysis,Medium,Neutral,Orion Analysis,01_Filings/10K/2026-03-09_CHRS_10K_FY2025.pdf,Item 1 - Government Regulation; payer policies,https://www.aetna.com/cpb/medical/data/1000_1099/1049.html,"Orion Analysis: on-label, NCCN-preferred, buy-and-bill biologic with favorable Medicare Part B and commercial coverage (prior auth only) - reimbursement is currently a support. Watch items: IRA rebates and OBBBA Medicaid cuts the company flags as able to hurt LOQTORZI sales. Net neutral."
"Coherus Oncology, Inc.",CHRS,Credit Implications,Assessment,Regulatory risk,LOQTORZI (toripalimab-tpzi),2026-03-31,Elevated - pricing policy + China single-source supply,assessment,Orion Analysis,High,Negative,Orion Analysis,01_Filings/10K/2026-03-09_CHRS_10K_FY2025.pdf,Item 1 - Government Regulation (p.19); Risk Factors,https://www.sec.gov/cgi-bin/browse-edgar?action=getcompany&CIK=0001512762&type=10-K,"Orion Analysis: IRA/most-favored-nation/OBBBA pricing pressure plus single-source China-based manufacturing (tariff and supply-disruption exposure) concentrate regulatory risk on the sole product. Onshoring initiative mitigates over time. Net negative for the credit."
"Coherus Oncology, Inc.",CHRS,Credit Implications,Assessment,Patent / exclusivity risk,LOQTORZI (toripalimab-tpzi),2026-03-31,Low through debt tenor - orphan (2030) + BLA (2035),assessment,Orion Analysis,High,Positive,Orion Analysis,01_Filings/10K/2026-03-09_CHRS_10K_FY2025.pdf,Item 1 - IP; FDA OOPD,https://www.accessdata.fda.gov/scripts/opdlisting/oopd/detailedIndex.cfm?cfgridkey=738620,"Orion Analysis: 7-year orphan exclusivity (to ~2030-10-27) and 12-year BLA reference-product exclusivity (to ~2035-10-27) both extend past the 2029 term-loan maturity, so biosimilar/same-drug erosion is not a repayment-window risk. Caveat: specific composition patents/LOE not disclosed. Net positive vs the debt tenor."
"Coherus Oncology, Inc.",CHRS,Credit Implications,Assessment,Revenue-concentration risk,LOQTORZI (toripalimab-tpzi),2026-03-31,High - single product / single indication / U.S.-only,assessment,Orion Analysis,High,Negative,Orion Analysis,01_Filings/10K/2026-03-09_CHRS_10K_FY2025.pdf,"Risk Factors (p.23-24,36); Note 2",https://www.sec.gov/cgi-bin/browse-edgar?action=getcompany&CIK=0001512762&type=10-K,"Orion Analysis: 100% of product revenue is one drug (LOQTORZI), one indication (NPC), one geography (U.S.), sold through three wholesalers (~99%). Pipeline (casdozokitug, tagmokitug) is only Phase 1b/2 - no near-term diversification. Concentration is the dominant structural credit weakness."
"Coherus Oncology, Inc.",CHRS,Credit Implications,Assessment,Overall industry / franchise outlook,LOQTORZI (toripalimab-tpzi),2026-03-31,Niche but defensible; growth must continue to matter for credit,assessment,Orion Analysis,High,Neutral,Orion Analysis,01_Filings/10K/2026-03-09_CHRS_10K_FY2025.pdf,Item 1; MD&A; Risk Factors,https://www.sec.gov/cgi-bin/browse-edgar?action=getcompany&CIK=0001512762&type=10-K,"Orion Analysis: a differentiated, guideline-anchored, exclusivity-protected franchise in a small, slowly-declining-incidence indication. Outlook cautiously neutral: durable clinical position and long exclusivity vs small TAM, single-product concentration, an approved rival waiting to launch, and pricing-policy pressure. Credit thesis hinges on continued LOQTORZI ramp toward the ~$250M ceiling."
"Coherus Oncology, Inc.",CHRS,Credit Implications,Assessment,Direct implication for debt repayment,"2029 Term Loan (SOFR+8%, ~$37M, matures 2029-05-08)",2026-03-31,Near-term covered by liquidity; long-term hinges on LOQTORZI ramp + capital access,assessment,Orion Analysis,High,Neutral,Orion Analysis,01_Filings/10K/2026-03-09_CHRS_10K_FY2025.pdf,MD&A - Liquidity; Note 8,https://www.sec.gov/cgi-bin/browse-edgar?action=getcompany&CIK=0001512762&type=10-K,"Orion Analysis: the ~$37M 2029 term loan (SOFR+8%, interest-only) matures 2029-05-08 - before both exclusivity cliffs (2030/2035), so franchise durability is not the repayment constraint. Near-term default risk is low given a net-cash balance sheet (~$167M liquidity, Q1 2026) and covenant-light terms. Long-term repayment depends on LOQTORZI scaling revenue/turning cash-generative and/or continued equity-market access, since the company still runs operating losses. Balanced/neutral overall; single-product execution is the swing factor."
