company,ticker,category,instrument,metric,as_of_date,value,unit,status,calculation_method,issuer,borrower,holder_or_lender,priority,security,collateral,guarantors,maturity_date,source_file,source_form,source_page_or_section,source_url,notes
"Coherus BioSciences, Inc.",CHRS,First-Lien Term Loan,2029 Term Loan (Senior Secured Term Loan Facility),Original principal (facility amount),2024-05-08,"38,660",USD thousands,Reported,,"Coherus BioSciences, Inc.","Coherus BioSciences, Inc.","Barings (2029 Lenders; specific lender names redacted [***] in CHRS filing); Ankura Trust Company, LLC as Administrative/Collateral Agent",First lien (senior secured); most senior in capital structure,Secured,"Lien on substantially all assets incl. intellectual property, subject to customary exclusions (Excluded Accounts/Property/Licenses)","Coherus Intermediate Corp.; InteKrin Therapeutics Inc.; Surface Oncology, LLC; Coherus Oncology Supportive Care LLC (Credit Parties)",2029-05-08,01_Filings/10K/2026-03-09_CHRS_10K_FY2025.pdf,10-K,Note 8. Financial Liabilities - 2029 Term Loan,https://www.sec.gov/Archives/edgar/data/1512762/000110465926025308/chrs-20251231x10k.htm,"Senior secured term loan facility of $38.7M fully funded on 2029 Term Loan Effective Date (May 8, 2024); net proceeds $37.5M after OID used to repay 2027 Term Loans"
"Coherus BioSciences, Inc.",CHRS,First-Lien Term Loan,2029 Term Loan (Senior Secured Term Loan Facility),Current principal outstanding,2026-03-31,"38,660",USD thousands,Reported,,"Coherus BioSciences, Inc.","Coherus BioSciences, Inc.","Barings (2029 Lenders; specific lender names redacted [***] in CHRS filing); Ankura Trust Company, LLC as Administrative/Collateral Agent",First lien (senior secured); most senior in capital structure,Secured,"Lien on substantially all assets incl. intellectual property, subject to customary exclusions (Excluded Accounts/Property/Licenses)","Coherus Intermediate Corp.; InteKrin Therapeutics Inc.; Surface Oncology, LLC; Coherus Oncology Supportive Care LLC (Credit Parties)",2029-05-08,01_Filings/10Q/2026-05-11_CHRS_10Q_Q1-2026.pdf,10-Q,Note 8. Financial Liabilities,https://www.sec.gov/Archives/edgar/data/1512762/000110465926058703/chrs-20260331x10q.htm,"Principal unchanged since origination (interest-only, no amortization)"
"Coherus BioSciences, Inc.",CHRS,First-Lien Term Loan,2029 Term Loan (Senior Secured Term Loan Facility),Net carrying value,2026-03-31,"37,147",USD thousands,Reported,,"Coherus BioSciences, Inc.","Coherus BioSciences, Inc.","Barings (2029 Lenders; specific lender names redacted [***] in CHRS filing); Ankura Trust Company, LLC as Administrative/Collateral Agent",First lien (senior secured); most senior in capital structure,Secured,"Lien on substantially all assets incl. intellectual property, subject to customary exclusions (Excluded Accounts/Property/Licenses)","Coherus Intermediate Corp.; InteKrin Therapeutics Inc.; Surface Oncology, LLC; Coherus Oncology Supportive Care LLC (Credit Parties)",2029-05-08,01_Filings/10Q/2026-05-11_CHRS_10Q_Q1-2026.pdf,10-Q,Note 8; Debt obligations table,https://www.sec.gov/Archives/edgar/data/1512762/000110465926058703/chrs-20260331x10q.htm,"Principal 38,660 less unamortized discount & issuance costs (1,513)"
"Coherus BioSciences, Inc.",CHRS,First-Lien Term Loan,2029 Term Loan (Senior Secured Term Loan Facility),Estimated fair value,2026-03-31,"37,147",USD thousands,Reported,,"Coherus BioSciences, Inc.","Coherus BioSciences, Inc.","Barings (2029 Lenders; specific lender names redacted [***] in CHRS filing); Ankura Trust Company, LLC as Administrative/Collateral Agent",First lien (senior secured); most senior in capital structure,Secured,"Lien on substantially all assets incl. intellectual property, subject to customary exclusions (Excluded Accounts/Property/Licenses)","Coherus Intermediate Corp.; InteKrin Therapeutics Inc.; Surface Oncology, LLC; Coherus Oncology Supportive Care LLC (Credit Parties)",2029-05-08,01_Filings/10Q/2026-05-11_CHRS_10Q_Q1-2026.pdf,10-Q,Note 8; Debt obligations table (Level 2*),https://www.sec.gov/Archives/edgar/data/1512762/000110465926058703/chrs-20260331x10q.htm,Carrying approximates FV given variable rate (3M SOFR + fixed spread)
"Coherus BioSciences, Inc.",CHRS,First-Lien Term Loan,2029 Term Loan (Senior Secured Term Loan Facility),Unamortized debt discount & issuance costs,2026-03-31,"(1,513)",USD thousands,Reported,,"Coherus BioSciences, Inc.","Coherus BioSciences, Inc.","Barings (2029 Lenders; specific lender names redacted [***] in CHRS filing); Ankura Trust Company, LLC as Administrative/Collateral Agent",First lien (senior secured); most senior in capital structure,Secured,"Lien on substantially all assets incl. intellectual property, subject to customary exclusions (Excluded Accounts/Property/Licenses)","Coherus Intermediate Corp.; InteKrin Therapeutics Inc.; Surface Oncology, LLC; Coherus Oncology Supportive Care LLC (Credit Parties)",2029-05-08,01_Filings/10Q/2026-05-11_CHRS_10Q_Q1-2026.pdf,10-Q,Note 8; Debt obligations table,https://www.sec.gov/Archives/edgar/data/1512762/000110465926058703/chrs-20260331x10q.htm,"Was (1,609) at 12/31/2025"
"Coherus BioSciences, Inc.",CHRS,First-Lien Term Loan,2029 Term Loan (Senior Secured Term Loan Facility),Original issue discount + issuance costs,2024-05-08,"2,200",USD thousands,Reported,,"Coherus BioSciences, Inc.","Coherus BioSciences, Inc.","Barings (2029 Lenders; specific lender names redacted [***] in CHRS filing); Ankura Trust Company, LLC as Administrative/Collateral Agent",First lien (senior secured); most senior in capital structure,Secured,"Lien on substantially all assets incl. intellectual property, subject to customary exclusions (Excluded Accounts/Property/Licenses)","Coherus Intermediate Corp.; InteKrin Therapeutics Inc.; Surface Oncology, LLC; Coherus Oncology Supportive Care LLC (Credit Parties)",2029-05-08,01_Filings/10K/2026-03-09_CHRS_10K_FY2025.pdf,10-K,Note 8. 2029 Term Loan,https://www.sec.gov/Archives/edgar/data/1512762/000110465926025308/chrs-20251231x10k.htm,$2.2M debt discount & issuance costs; amortized to interest expense over 5-yr term (effective interest method)
"Coherus BioSciences, Inc.",CHRS,First-Lien Term Loan,2029 Term Loan (Senior Secured Term Loan Facility),Issue date,2024-05-08,2024-05-08,date,Reported,,"Coherus BioSciences, Inc.","Coherus BioSciences, Inc.","Barings (2029 Lenders; specific lender names redacted [***] in CHRS filing); Ankura Trust Company, LLC as Administrative/Collateral Agent",First lien (senior secured); most senior in capital structure,Secured,"Lien on substantially all assets incl. intellectual property, subject to customary exclusions (Excluded Accounts/Property/Licenses)","Coherus Intermediate Corp.; InteKrin Therapeutics Inc.; Surface Oncology, LLC; Coherus Oncology Supportive Care LLC (Credit Parties)",2029-05-08,03_Credit_Docs/2024-05-21_CHRS_EX10-28_Loan-Agreement-2024-05-08.pdf,EX-10.28,"Loan Agreement, preamble / 10-K Note 8",https://www.sec.gov/Archives/edgar/data/1512762/000155837024008542/chrs-20240508xex10d1.htm,2029 Term Loan Effective Date
"Coherus BioSciences, Inc.",CHRS,First-Lien Term Loan,2029 Term Loan (Senior Secured Term Loan Facility),Maturity date,2026-03-31,2029-05-08,date,Reported,,"Coherus BioSciences, Inc.","Coherus BioSciences, Inc.","Barings (2029 Lenders; specific lender names redacted [***] in CHRS filing); Ankura Trust Company, LLC as Administrative/Collateral Agent",First lien (senior secured); most senior in capital structure,Secured,"Lien on substantially all assets incl. intellectual property, subject to customary exclusions (Excluded Accounts/Property/Licenses)","Coherus Intermediate Corp.; InteKrin Therapeutics Inc.; Surface Oncology, LLC; Coherus Oncology Supportive Care LLC (Credit Parties)",2029-05-08,01_Filings/10K/2026-03-09_CHRS_10K_FY2025.pdf,10-K,Note 8. 2029 Term Loan,https://www.sec.gov/Archives/edgar/data/1512762/000110465926025308/chrs-20251231x10k.htm,5-year term; principal due in full at maturity
"Coherus BioSciences, Inc.",CHRS,First-Lien Term Loan,2029 Term Loan (Senior Secured Term Loan Facility),Reference rate & spread,2026-03-31,3-month Term SOFR + 800,basis points,Reported,,"Coherus BioSciences, Inc.","Coherus BioSciences, Inc.","Barings (2029 Lenders; specific lender names redacted [***] in CHRS filing); Ankura Trust Company, LLC as Administrative/Collateral Agent",First lien (senior secured); most senior in capital structure,Secured,"Lien on substantially all assets incl. intellectual property, subject to customary exclusions (Excluded Accounts/Property/Licenses)","Coherus Intermediate Corp.; InteKrin Therapeutics Inc.; Surface Oncology, LLC; Coherus Oncology Supportive Care LLC (Credit Parties)",2029-05-08,01_Filings/10K/2026-03-09_CHRS_10K_FY2025.pdf,10-K,Note 8; Loan Agreement 'Applicable Margin'=8.00%,https://www.sec.gov/Archives/edgar/data/1512762/000110465926025308/chrs-20251231x10k.htm,Term Loan Rate = Term SOFR + Applicable Margin (8.00%); interest payable quarterly in arrears
"Coherus BioSciences, Inc.",CHRS,First-Lien Term Loan,2029 Term Loan (Senior Secured Term Loan Facility),Cash interest rate (all-in),2026-03-31,11.7,%,Reported,,"Coherus BioSciences, Inc.","Coherus BioSciences, Inc.","Barings (2029 Lenders; specific lender names redacted [***] in CHRS filing); Ankura Trust Company, LLC as Administrative/Collateral Agent",First lien (senior secured); most senior in capital structure,Secured,"Lien on substantially all assets incl. intellectual property, subject to customary exclusions (Excluded Accounts/Property/Licenses)","Coherus Intermediate Corp.; InteKrin Therapeutics Inc.; Surface Oncology, LLC; Coherus Oncology Supportive Care LLC (Credit Parties)",2029-05-08,"04_BBDC (not on disk - placeholder); BBDC 10-Q for 3/31/2026, Consolidated Schedule of Investments",BBDC SOI/Tear Sheet,BBDC Consolidated Schedule of Investments - Coherus line,https://www.sec.gov/Archives/edgar/data/1379785/000137978526000022/R7.htm,"All-in cash coupon (3M SOFR + 800 bps, 1.00% floor) as reported on BBDC's Schedule of Investments/Tear Sheet. Note: Coherus's own future-payment projection in the 10-K instead assumed a 12.0% all-in rate"
"Coherus BioSciences, Inc.",CHRS,First-Lien Term Loan,2029 Term Loan (Senior Secured Term Loan Facility),SOFR floor,2024-05-08,1.00,%,Reported,,"Coherus BioSciences, Inc.","Coherus BioSciences, Inc.","Barings (2029 Lenders; specific lender names redacted [***] in CHRS filing); Ankura Trust Company, LLC as Administrative/Collateral Agent",First lien (senior secured); most senior in capital structure,Secured,"Lien on substantially all assets incl. intellectual property, subject to customary exclusions (Excluded Accounts/Property/Licenses)","Coherus Intermediate Corp.; InteKrin Therapeutics Inc.; Surface Oncology, LLC; Coherus Oncology Supportive Care LLC (Credit Parties)",2029-05-08,03_Credit_Docs/2024-05-21_CHRS_EX10-28_Loan-Agreement-2024-05-08.pdf,EX-10.28,"Loan Agreement, defn 'Floor' (Sec.)",https://www.sec.gov/Archives/edgar/data/1512762/000155837024008542/chrs-20240508xex10d1.htm,'Floor' = 1.00% per annum on the benchmark/Term SOFR
"Coherus BioSciences, Inc.",CHRS,First-Lien Term Loan,2029 Term Loan (Senior Secured Term Loan Facility),PIK rate,2026-03-31,0,%,Reported,,"Coherus BioSciences, Inc.","Coherus BioSciences, Inc.","Barings (2029 Lenders; specific lender names redacted [***] in CHRS filing); Ankura Trust Company, LLC as Administrative/Collateral Agent",First lien (senior secured); most senior in capital structure,Secured,"Lien on substantially all assets incl. intellectual property, subject to customary exclusions (Excluded Accounts/Property/Licenses)","Coherus Intermediate Corp.; InteKrin Therapeutics Inc.; Surface Oncology, LLC; Coherus Oncology Supportive Care LLC (Credit Parties)",2029-05-08,03_Credit_Docs/2024-05-21_CHRS_EX10-28_Loan-Agreement-2024-05-08.pdf,EX-10.28,Loan Agreement Sec. 2.3 (interest),https://www.sec.gov/Archives/edgar/data/1512762/000155837024008542/chrs-20240508xex10d1.htm,All interest payable in cash quarterly; no PIK feature
"Coherus BioSciences, Inc.",CHRS,First-Lien Term Loan,2029 Term Loan (Senior Secured Term Loan Facility),Default rate,2024-05-08,+4.00 (400 bps over applicable rate),basis points,Reported,,"Coherus BioSciences, Inc.","Coherus BioSciences, Inc.","Barings (2029 Lenders; specific lender names redacted [***] in CHRS filing); Ankura Trust Company, LLC as Administrative/Collateral Agent",First lien (senior secured); most senior in capital structure,Secured,"Lien on substantially all assets incl. intellectual property, subject to customary exclusions (Excluded Accounts/Property/Licenses)","Coherus Intermediate Corp.; InteKrin Therapeutics Inc.; Surface Oncology, LLC; Coherus Oncology Supportive Care LLC (Credit Parties)",2029-05-08,03_Credit_Docs/2024-05-21_CHRS_EX10-28_Loan-Agreement-2024-05-08.pdf,EX-10.28,Loan Agreement Sec. 2.3(b) 'Default Rate',https://www.sec.gov/Archives/edgar/data/1512762/000155837024008542/chrs-20240508xex10d1.htm,Past-due Obligations accrue at 4.00 percentage points above otherwise applicable rate; also 10-K: +4.0% during EoD
"Coherus BioSciences, Inc.",CHRS,First-Lien Term Loan,2029 Term Loan (Senior Secured Term Loan Facility),Prepayment premium,2024-05-08,10% yr1-2 / 5% yr2-3 / 0% after yr3,text,Reported,,"Coherus BioSciences, Inc.","Coherus BioSciences, Inc.","Barings (2029 Lenders; specific lender names redacted [***] in CHRS filing); Ankura Trust Company, LLC as Administrative/Collateral Agent",First lien (senior secured); most senior in capital structure,Secured,"Lien on substantially all assets incl. intellectual property, subject to customary exclusions (Excluded Accounts/Property/Licenses)","Coherus Intermediate Corp.; InteKrin Therapeutics Inc.; Surface Oncology, LLC; Coherus Oncology Supportive Care LLC (Credit Parties)",2029-05-08,01_Filings/10K/2026-03-09_CHRS_10K_FY2025.pdf,10-K,Note 8. 2029 Term Loan (prepayment),https://www.sec.gov/Archives/edgar/data/1512762/000110465926025308/chrs-20251231x10k.htm,"Prepayment fee: 10.0% (on/after 1st, before 2nd anniv); 5.0% (after 2nd, on/before 3rd); 0% after 3rd anniversary"
"Coherus BioSciences, Inc.",CHRS,First-Lien Term Loan,2029 Term Loan (Senior Secured Term Loan Facility),Make-whole,2024-05-08,Make-whole if prepaid before 1st anniversary,text,Reported,,"Coherus BioSciences, Inc.","Coherus BioSciences, Inc.","Barings (2029 Lenders; specific lender names redacted [***] in CHRS filing); Ankura Trust Company, LLC as Administrative/Collateral Agent",First lien (senior secured); most senior in capital structure,Secured,"Lien on substantially all assets incl. intellectual property, subject to customary exclusions (Excluded Accounts/Property/Licenses)","Coherus Intermediate Corp.; InteKrin Therapeutics Inc.; Surface Oncology, LLC; Coherus Oncology Supportive Care LLC (Credit Parties)",2029-05-08,01_Filings/10K/2026-03-09_CHRS_10K_FY2025.pdf,10-K,Note 8. 2029 Term Loan (prepayment),https://www.sec.gov/Archives/edgar/data/1512762/000110465926025308/chrs-20251231x10k.htm,If prepaid before 1st anniversary: make-whole = interest that would accrue from prepayment date through the 1st anniversary
"Coherus BioSciences, Inc.",CHRS,First-Lien Term Loan,2029 Term Loan (Senior Secured Term Loan Facility),Required amortization,2026-03-31,None (interest-only; bullet at maturity),text,Reported,,"Coherus BioSciences, Inc.","Coherus BioSciences, Inc.","Barings (2029 Lenders; specific lender names redacted [***] in CHRS filing); Ankura Trust Company, LLC as Administrative/Collateral Agent",First lien (senior secured); most senior in capital structure,Secured,"Lien on substantially all assets incl. intellectual property, subject to customary exclusions (Excluded Accounts/Property/Licenses)","Coherus Intermediate Corp.; InteKrin Therapeutics Inc.; Surface Oncology, LLC; Coherus Oncology Supportive Care LLC (Credit Parties)",2029-05-08,01_Filings/10K/2026-03-09_CHRS_10K_FY2025.pdf,10-K,Note 8. 2029 Term Loan,https://www.sec.gov/Archives/edgar/data/1512762/000110465926025308/chrs-20251231x10k.htm,Interest-only quarterly until maturity; entire principal due 2029-05-08
"Coherus BioSciences, Inc.",CHRS,First-Lien Term Loan,2029 Term Loan (Senior Secured Term Loan Facility),Mandatory prepayment provisions,2024-05-08,Change-of-control / asset-sale triggers; acquisition liquidity & Positive EBITDA conditions,text,Reported,,"Coherus BioSciences, Inc.","Coherus BioSciences, Inc.","Barings (2029 Lenders; specific lender names redacted [***] in CHRS filing); Ankura Trust Company, LLC as Administrative/Collateral Agent",First lien (senior secured); most senior in capital structure,Secured,"Lien on substantially all assets incl. intellectual property, subject to customary exclusions (Excluded Accounts/Property/Licenses)","Coherus Intermediate Corp.; InteKrin Therapeutics Inc.; Surface Oncology, LLC; Coherus Oncology Supportive Care LLC (Credit Parties)",2029-05-08,03_Credit_Docs/2024-05-21_CHRS_EX10-28_Loan-Agreement-2024-05-08.pdf,EX-10.28,Loan Agreement (change in control; Sec. covenants),https://www.sec.gov/Archives/edgar/data/1512762/000155837024008542/chrs-20240508xex10d1.htm,CoC and certain asset dispositions require prepayment; permitted acquisitions require pro forma Liquidity >=105% of outstanding Term Loans for 12 months
"Coherus BioSciences, Inc.",CHRS,First-Lien Term Loan,2029 Term Loan (Senior Secured Term Loan Facility),Lien priority,2024-05-08,First priority (senior secured),text,Reported,,"Coherus BioSciences, Inc.","Coherus BioSciences, Inc.","Barings (2029 Lenders; specific lender names redacted [***] in CHRS filing); Ankura Trust Company, LLC as Administrative/Collateral Agent",First lien (senior secured); most senior in capital structure,Secured,"Lien on substantially all assets incl. intellectual property, subject to customary exclusions (Excluded Accounts/Property/Licenses)","Coherus Intermediate Corp.; InteKrin Therapeutics Inc.; Surface Oncology, LLC; Coherus Oncology Supportive Care LLC (Credit Parties)",2029-05-08,01_Filings/10K/2026-03-09_CHRS_10K_FY2025.pdf,10-K,Note 8. 2029 Term Loan,https://www.sec.gov/Archives/edgar/data/1512762/000110465926025308/chrs-20251231x10k.htm,Secured by lien on substantially all assets incl. IP
"Coherus BioSciences, Inc.",CHRS,First-Lien Term Loan,2029 Term Loan (Senior Secured Term Loan Facility),Secured / unsecured status,2026-03-31,Secured,text,Reported,,"Coherus BioSciences, Inc.","Coherus BioSciences, Inc.","Barings (2029 Lenders; specific lender names redacted [***] in CHRS filing); Ankura Trust Company, LLC as Administrative/Collateral Agent",First lien (senior secured); most senior in capital structure,Secured,"Lien on substantially all assets incl. intellectual property, subject to customary exclusions (Excluded Accounts/Property/Licenses)","Coherus Intermediate Corp.; InteKrin Therapeutics Inc.; Surface Oncology, LLC; Coherus Oncology Supportive Care LLC (Credit Parties)",2029-05-08,01_Filings/10K/2026-03-09_CHRS_10K_FY2025.pdf,10-K,Note 8. 2029 Term Loan,https://www.sec.gov/Archives/edgar/data/1512762/000110465926025308/chrs-20251231x10k.htm,
"Coherus BioSciences, Inc.",CHRS,First-Lien Term Loan,2029 Term Loan (Senior Secured Term Loan Facility),Collateral description,2024-05-08,Substantially all assets incl. intellectual property (customary exclusions),text,Reported,,"Coherus BioSciences, Inc.","Coherus BioSciences, Inc.","Barings (2029 Lenders; specific lender names redacted [***] in CHRS filing); Ankura Trust Company, LLC as Administrative/Collateral Agent",First lien (senior secured); most senior in capital structure,Secured,"Lien on substantially all assets incl. intellectual property, subject to customary exclusions (Excluded Accounts/Property/Licenses)","Coherus Intermediate Corp.; InteKrin Therapeutics Inc.; Surface Oncology, LLC; Coherus Oncology Supportive Care LLC (Credit Parties)",2029-05-08,03_Credit_Docs/2024-05-21_CHRS_EX10-28_Loan-Agreement-2024-05-08.pdf,EX-10.28,Loan Agreement (Collateral; Excluded Accounts),https://www.sec.gov/Archives/edgar/data/1512762/000155837024008542/chrs-20240508xex10d1.htm,Excludes certain Excluded Accounts/Property/Licenses
"Coherus BioSciences, Inc.",CHRS,First-Lien Term Loan,2029 Term Loan (Senior Secured Term Loan Facility),Guarantors,2024-05-08,"Coherus Intermediate Corp.; InteKrin Therapeutics Inc.; Surface Oncology, LLC; Coherus Oncology Supportive Care LLC",text,Reported,,"Coherus BioSciences, Inc.","Coherus BioSciences, Inc.","Barings (2029 Lenders; specific lender names redacted [***] in CHRS filing); Ankura Trust Company, LLC as Administrative/Collateral Agent",First lien (senior secured); most senior in capital structure,Secured,"Lien on substantially all assets incl. intellectual property, subject to customary exclusions (Excluded Accounts/Property/Licenses)","Coherus Intermediate Corp.; InteKrin Therapeutics Inc.; Surface Oncology, LLC; Coherus Oncology Supportive Care LLC (Credit Parties)",2029-05-08,03_Credit_Docs/2024-05-21_CHRS_EX10-28_Loan-Agreement-2024-05-08.pdf,EX-10.28,"Loan Agreement, preamble (Credit Parties)",https://www.sec.gov/Archives/edgar/data/1512762/000155837024008542/chrs-20240508xex10d1.htm,Plus other Guarantors party from time to time
"Coherus BioSciences, Inc.",CHRS,First-Lien Term Loan,2029 Term Loan (Senior Secured Term Loan Facility),Financial covenant - Minimum Liquidity,2024-05-08,"15,000",USD thousands,Reported,,"Coherus BioSciences, Inc.","Coherus BioSciences, Inc.","Barings (2029 Lenders; specific lender names redacted [***] in CHRS filing); Ankura Trust Company, LLC as Administrative/Collateral Agent",First lien (senior secured); most senior in capital structure,Secured,"Lien on substantially all assets incl. intellectual property, subject to customary exclusions (Excluded Accounts/Property/Licenses)","Coherus Intermediate Corp.; InteKrin Therapeutics Inc.; Surface Oncology, LLC; Coherus Oncology Supportive Care LLC (Credit Parties)",2029-05-08,03_Credit_Docs/2024-05-21_CHRS_EX10-28_Loan-Agreement-2024-05-08.pdf,EX-10.28,Loan Agreement Sec. 6.16 Minimum Liquidity,https://www.sec.gov/Archives/edgar/data/1512762/000155837024008542/chrs-20240508xex10d1.htm,"Must not permit Liquidity (unrestricted cash + Cash Equivalents) below $15,000,000 from Closing Date"
"Coherus BioSciences, Inc.",CHRS,First-Lien Term Loan,2029 Term Loan (Senior Secured Term Loan Facility),Covenant compliance status,2025-12-31,In full compliance; no events of default,text,Reported,,"Coherus BioSciences, Inc.","Coherus BioSciences, Inc.","Barings (2029 Lenders; specific lender names redacted [***] in CHRS filing); Ankura Trust Company, LLC as Administrative/Collateral Agent",First lien (senior secured); most senior in capital structure,Secured,"Lien on substantially all assets incl. intellectual property, subject to customary exclusions (Excluded Accounts/Property/Licenses)","Coherus Intermediate Corp.; InteKrin Therapeutics Inc.; Surface Oncology, LLC; Coherus Oncology Supportive Care LLC (Credit Parties)",2029-05-08,01_Filings/10K/2026-03-09_CHRS_10K_FY2025.pdf,10-K,Note 8. 2029 Term Loan,https://www.sec.gov/Archives/edgar/data/1512762/000110465926025308/chrs-20251231x10k.htm,As of 12/31/2025
"Coherus BioSciences, Inc.",CHRS,First-Lien Term Loan,2029 Term Loan (Senior Secured Term Loan Facility),Events of default,2024-05-08,Payment; covenant; material adverse change; attachment/levy; insolvency; cross-default; judgments,text,Reported,,"Coherus BioSciences, Inc.","Coherus BioSciences, Inc.","Barings (2029 Lenders; specific lender names redacted [***] in CHRS filing); Ankura Trust Company, LLC as Administrative/Collateral Agent",First lien (senior secured); most senior in capital structure,Secured,"Lien on substantially all assets incl. intellectual property, subject to customary exclusions (Excluded Accounts/Property/Licenses)","Coherus Intermediate Corp.; InteKrin Therapeutics Inc.; Surface Oncology, LLC; Coherus Oncology Supportive Care LLC (Credit Parties)",2029-05-08,03_Credit_Docs/2024-05-21_CHRS_EX10-28_Loan-Agreement-2024-05-08.pdf,EX-10.28,Loan Agreement Art. 7-8 (Sec. 7.1-7.7),https://www.sec.gov/Archives/edgar/data/1512762/000155837024008542/chrs-20240508xex10d1.htm,Customary EoD set
"Coherus BioSciences, Inc.",CHRS,First-Lien Term Loan,2029 Term Loan (Senior Secured Term Loan Facility),Cross-default provision,2024-05-08,"Other indebtedness unpaid/accelerated > $5,000,000",text,Reported,,"Coherus BioSciences, Inc.","Coherus BioSciences, Inc.","Barings (2029 Lenders; specific lender names redacted [***] in CHRS filing); Ankura Trust Company, LLC as Administrative/Collateral Agent",First lien (senior secured); most senior in capital structure,Secured,"Lien on substantially all assets incl. intellectual property, subject to customary exclusions (Excluded Accounts/Property/Licenses)","Coherus Intermediate Corp.; InteKrin Therapeutics Inc.; Surface Oncology, LLC; Coherus Oncology Supportive Care LLC (Credit Parties)",2029-05-08,03_Credit_Docs/2024-05-21_CHRS_EX10-28_Loan-Agreement-2024-05-08.pdf,EX-10.28,Loan Agreement (cross-default threshold),https://www.sec.gov/Archives/edgar/data/1512762/000155837024008542/chrs-20240508xex10d1.htm,"Cross-default triggered if total such Indebtedness unpaid or accelerated exceeds $5,000,000"
"Coherus BioSciences, Inc.",CHRS,First-Lien Term Loan,2029 Term Loan (Senior Secured Term Loan Facility),Interest expense (FY2025 actual),2025-12-31,"5,100",USD thousands,Reported,,"Coherus BioSciences, Inc.","Coherus BioSciences, Inc.","Barings (2029 Lenders; specific lender names redacted [***] in CHRS filing); Ankura Trust Company, LLC as Administrative/Collateral Agent",First lien (senior secured); most senior in capital structure,Secured,"Lien on substantially all assets incl. intellectual property, subject to customary exclusions (Excluded Accounts/Property/Licenses)","Coherus Intermediate Corp.; InteKrin Therapeutics Inc.; Surface Oncology, LLC; Coherus Oncology Supportive Care LLC (Credit Parties)",2029-05-08,01_Filings/10K/2026-03-09_CHRS_10K_FY2025.pdf,10-K,Note 8. 2029 Term Loan,https://www.sec.gov/Archives/edgar/data/1512762/000110465926025308/chrs-20251231x10k.htm,FY2024: $3.5M; Q1 2026: $1.2M
"Coherus BioSciences, Inc.",CHRS,First-Lien Term Loan,2029 Term Loan (Senior Secured Term Loan Facility),Estimated annual cash interest (2026),2026-12-31,"4,704",USD thousands,Calculated,"Interest-only, 38,660 principal x ~12.0% assumed all-in rate (company projection); ~4,522 at the 11.7% BBDC-reported rate","Coherus BioSciences, Inc.","Coherus BioSciences, Inc.","Barings (2029 Lenders; specific lender names redacted [***] in CHRS filing); Ankura Trust Company, LLC as Administrative/Collateral Agent",First lien (senior secured); most senior in capital structure,Secured,"Lien on substantially all assets incl. intellectual property, subject to customary exclusions (Excluded Accounts/Property/Licenses)","Coherus Intermediate Corp.; InteKrin Therapeutics Inc.; Surface Oncology, LLC; Coherus Oncology Supportive Care LLC (Credit Parties)",2029-05-08,01_Filings/10K/2026-03-09_CHRS_10K_FY2025.pdf,10-K,Note 8; future payments table,https://www.sec.gov/Archives/edgar/data/1512762/000110465926025308/chrs-20251231x10k.htm,"Company future-payment schedule (assumed 12.0%): interest-only $4,704 (2026), $4,704 (2027), $4,717 (2028); principal+interest $40,297 (2029). At the 11.7% BBDC all-in rate, annual interest is ~$4,522K"
"Coherus BioSciences, Inc.",CHRS,Revenue Participation,Revenue Participation Right Purchase & Sale Agreement (synthetic royalty; UDENYCA portion bought out 4/2025 - continuing obligation relates to LOQTORZI only),Original amount funded (Revenue Purchase Price),2024-05-08,"37,500",USD thousands,Reported,,"Coherus BioSciences, Inc. (Seller)","Coherus BioSciences, Inc. (Seller)","Coduet Royalty Holdings, LLC (Buyer Representative / collateral agent for Purchaser Group, Barings affiliates); Ankura Trust Company, LLC as Paying Agent",Senior claim on 5.0%/0.5% of UDENYCA+LOQTORZI U.S. net sales (revenue sold via true sale); back-up security interest,True sale + Back-Up Security Interest,Back-up security interest in the sold Revenue Participation Right / product net sales (outside the 2029 Term Loan collateral),Not specified in extracted sections,No stated maturity (terminates at 2.25x cap),03_Credit_Docs/2024-05-21_CHRS_EX10-29_Revenue-Participation-Right-PSA.pdf,EX-10.29,RPR PSA Sec. 3.2; 10-K Note 8,https://www.sec.gov/Archives/edgar/data/1512762/000155837024008542/chrs-20240508xex10d2.htm,Purchaser Group paid $37.5M at closing (5/8/2024); proceeds used toward 2027 Term Loan payoff
"Coherus BioSciences, Inc.",CHRS,Revenue Participation,Revenue Participation Right Purchase & Sale Agreement (synthetic royalty; UDENYCA portion bought out 4/2025 - continuing obligation relates to LOQTORZI only),"Current carrying value (revenue participation liability, net) - LOQTORZI only",2026-03-31,"14,372",USD thousands,Reported,,"Coherus BioSciences, Inc. (Seller)","Coherus BioSciences, Inc. (Seller)","Coduet Royalty Holdings, LLC (Buyer Representative / collateral agent for Purchaser Group, Barings affiliates); Ankura Trust Company, LLC as Paying Agent",Senior claim on 5.0%/0.5% of UDENYCA+LOQTORZI U.S. net sales (revenue sold via true sale); back-up security interest,True sale + Back-Up Security Interest,Back-up security interest in the sold Revenue Participation Right / product net sales (outside the 2029 Term Loan collateral),Not specified in extracted sections,No stated maturity (terminates at 2.25x cap),01_Filings/10Q/2026-05-11_CHRS_10Q_Q1-2026.pdf,10-Q,"Note 8; balance sheet (Other liabilities, non-current)",https://www.sec.gov/Archives/edgar/data/1512762/000110465926058703/chrs-20260331x10q.htm,"CONTINUING OBLIGATION IS LOQTORZI ONLY - the UDENYCA revenue-payment right was bought out 4/15/2025 for $47.7M. Gross liability 16,698 less unamortized discount & issuance costs 2,326; was 14,028 net at 12/31/2025"
"Coherus BioSciences, Inc.",CHRS,Revenue Participation,Revenue Participation Right Purchase & Sale Agreement (synthetic royalty; UDENYCA portion bought out 4/2025 - continuing obligation relates to LOQTORZI only),Gross revenue participation liability,2026-03-31,"16,698",USD thousands,Reported,,"Coherus BioSciences, Inc. (Seller)","Coherus BioSciences, Inc. (Seller)","Coduet Royalty Holdings, LLC (Buyer Representative / collateral agent for Purchaser Group, Barings affiliates); Ankura Trust Company, LLC as Paying Agent",Senior claim on 5.0%/0.5% of UDENYCA+LOQTORZI U.S. net sales (revenue sold via true sale); back-up security interest,True sale + Back-Up Security Interest,Back-up security interest in the sold Revenue Participation Right / product net sales (outside the 2029 Term Loan collateral),Not specified in extracted sections,No stated maturity (terminates at 2.25x cap),01_Filings/10Q/2026-05-11_CHRS_10Q_Q1-2026.pdf,10-Q,Note 8; revenue participation liability table,https://www.sec.gov/Archives/edgar/data/1512762/000110465926058703/chrs-20260331x10q.htm,
"Coherus BioSciences, Inc.",CHRS,Revenue Participation,Revenue Participation Right Purchase & Sale Agreement (synthetic royalty; UDENYCA portion bought out 4/2025 - continuing obligation relates to LOQTORZI only),Revenue-participation rate,2024-05-08,5.0% of U.S. net sales up to threshold; 0.5% above threshold,%,Reported,,"Coherus BioSciences, Inc. (Seller)","Coherus BioSciences, Inc. (Seller)","Coduet Royalty Holdings, LLC (Buyer Representative / collateral agent for Purchaser Group, Barings affiliates); Ankura Trust Company, LLC as Paying Agent",Senior claim on 5.0%/0.5% of UDENYCA+LOQTORZI U.S. net sales (revenue sold via true sale); back-up security interest,True sale + Back-Up Security Interest,Back-up security interest in the sold Revenue Participation Right / product net sales (outside the 2029 Term Loan collateral),Not specified in extracted sections,No stated maturity (terminates at 2.25x cap),01_Filings/10K/2026-03-09_CHRS_10K_FY2025.pdf,10-K,Note 8. Revenue Purchase and Sale Agreement,https://www.sec.gov/Archives/edgar/data/1512762/000110465926025308/chrs-20251231x10k.htm,Applies to UDENYCA (bought out 4/2025) and LOQTORZI; per calendar quarter
"Coherus BioSciences, Inc.",CHRS,Revenue Participation,Revenue Participation Right Purchase & Sale Agreement (synthetic royalty; UDENYCA portion bought out 4/2025 - continuing obligation relates to LOQTORZI only),Payment mechanics,2024-05-08,Quarterly Revenue Payment on UDENYCA+LOQTORZI U.S. net sales since 2024-05-08,text,Reported,,"Coherus BioSciences, Inc. (Seller)","Coherus BioSciences, Inc. (Seller)","Coduet Royalty Holdings, LLC (Buyer Representative / collateral agent for Purchaser Group, Barings affiliates); Ankura Trust Company, LLC as Paying Agent",Senior claim on 5.0%/0.5% of UDENYCA+LOQTORZI U.S. net sales (revenue sold via true sale); back-up security interest,True sale + Back-Up Security Interest,Back-up security interest in the sold Revenue Participation Right / product net sales (outside the 2029 Term Loan collateral),Not specified in extracted sections,No stated maturity (terminates at 2.25x cap),03_Credit_Docs/2024-05-21_CHRS_EX10-29_Revenue-Participation-Right-PSA.pdf,EX-10.29,RPR PSA Sec. 7.3; defn 'Revenue Payment',https://www.sec.gov/Archives/edgar/data/1512762/000155837024008542/chrs-20240508xex10d2.htm,Revenue Payment = sum of (net sales x applicable Revenue Percentage) per product each Calendar Quarter; paid via Ankura paying agent
"Coherus BioSciences, Inc.",CHRS,Revenue Participation,Revenue Participation Right Purchase & Sale Agreement (synthetic royalty; UDENYCA portion bought out 4/2025 - continuing obligation relates to LOQTORZI only),Cap / termination (Investment Return Amount),2024-05-08,2.25x Revenue Purchase Price per product,x,Reported,,"Coherus BioSciences, Inc. (Seller)","Coherus BioSciences, Inc. (Seller)","Coduet Royalty Holdings, LLC (Buyer Representative / collateral agent for Purchaser Group, Barings affiliates); Ankura Trust Company, LLC as Paying Agent",Senior claim on 5.0%/0.5% of UDENYCA+LOQTORZI U.S. net sales (revenue sold via true sale); back-up security interest,True sale + Back-Up Security Interest,Back-up security interest in the sold Revenue Participation Right / product net sales (outside the 2029 Term Loan collateral),Not specified in extracted sections,No stated maturity (terminates at 2.25x cap),03_Credit_Docs/2024-05-21_CHRS_EX10-29_Revenue-Participation-Right-PSA.pdf,EX-10.29,RPR PSA defn 'Investment Return Amount'; 10-K Note 8,https://www.sec.gov/Archives/edgar/data/1512762/000155837024008542/chrs-20240508xex10d2.htm,Obligation terminates once Purchaser Group receives 2.25x of purchase price allocated to each product; buy-out option available
"Coherus BioSciences, Inc.",CHRS,Revenue Participation,Revenue Participation Right Purchase & Sale Agreement (synthetic royalty; UDENYCA portion bought out 4/2025 - continuing obligation relates to LOQTORZI only),UDENYCA buy-out,2025-04-15,"47,700",USD thousands,Reported,,"Coherus BioSciences, Inc. (Seller)","Coherus BioSciences, Inc. (Seller)","Coduet Royalty Holdings, LLC (Buyer Representative / collateral agent for Purchaser Group, Barings affiliates); Ankura Trust Company, LLC as Paying Agent",Senior claim on 5.0%/0.5% of UDENYCA+LOQTORZI U.S. net sales (revenue sold via true sale); back-up security interest,True sale + Back-Up Security Interest,Back-up security interest in the sold Revenue Participation Right / product net sales (outside the 2029 Term Loan collateral),Not specified in extracted sections,No stated maturity (terminates at 2.25x cap),01_Filings/10K/2026-03-09_CHRS_10K_FY2025.pdf,10-K,Note 8. Revenue Purchase and Sale Agreement,https://www.sec.gov/Archives/edgar/data/1512762/000110465926025308/chrs-20251231x10k.htm,On 4/15/2025 Coherus paid $47.7M to buy out the UDENYCA revenue-payment right; LOQTORZI portion remains outstanding
"Coherus BioSciences, Inc.",CHRS,Revenue Participation,Revenue Participation Right Purchase & Sale Agreement (synthetic royalty; UDENYCA portion bought out 4/2025 - continuing obligation relates to LOQTORZI only),Effective interest rate (LOQTORZI portion),2025-12-31,27.6,%,Reported,,"Coherus BioSciences, Inc. (Seller)","Coherus BioSciences, Inc. (Seller)","Coduet Royalty Holdings, LLC (Buyer Representative / collateral agent for Purchaser Group, Barings affiliates); Ankura Trust Company, LLC as Paying Agent",Senior claim on 5.0%/0.5% of UDENYCA+LOQTORZI U.S. net sales (revenue sold via true sale); back-up security interest,True sale + Back-Up Security Interest,Back-up security interest in the sold Revenue Participation Right / product net sales (outside the 2029 Term Loan collateral),Not specified in extracted sections,No stated maturity (terminates at 2.25x cap),01_Filings/10K/2026-03-09_CHRS_10K_FY2025.pdf,10-K,Note 8. Revenue Purchase and Sale Agreement,https://www.sec.gov/Archives/edgar/data/1512762/000110465926025308/chrs-20251231x10k.htm,Effective interest method over estimated term
"Coherus BioSciences, Inc.",CHRS,Revenue Participation,Revenue Participation Right Purchase & Sale Agreement (synthetic royalty; UDENYCA portion bought out 4/2025 - continuing obligation relates to LOQTORZI only),Issue date,2024-05-08,2024-05-08,date,Reported,,"Coherus BioSciences, Inc. (Seller)","Coherus BioSciences, Inc. (Seller)","Coduet Royalty Holdings, LLC (Buyer Representative / collateral agent for Purchaser Group, Barings affiliates); Ankura Trust Company, LLC as Paying Agent",Senior claim on 5.0%/0.5% of UDENYCA+LOQTORZI U.S. net sales (revenue sold via true sale); back-up security interest,True sale + Back-Up Security Interest,Back-up security interest in the sold Revenue Participation Right / product net sales (outside the 2029 Term Loan collateral),Not specified in extracted sections,No stated maturity (terminates at 2.25x cap),03_Credit_Docs/2024-05-21_CHRS_EX10-29_Revenue-Participation-Right-PSA.pdf,EX-10.29,"RPR PSA, preamble",https://www.sec.gov/Archives/edgar/data/1512762/000155837024008542/chrs-20240508xex10d2.htm,Concurrent with 2029 Term Loan
"Coherus BioSciences, Inc.",CHRS,Revenue Participation,Revenue Participation Right Purchase & Sale Agreement (synthetic royalty; UDENYCA portion bought out 4/2025 - continuing obligation relates to LOQTORZI only),Amended by Omnibus Amendment,2024-06-25,Control-account / paying-agent definitions amended,text,Reported,,"Coherus BioSciences, Inc. (Seller)","Coherus BioSciences, Inc. (Seller)","Coduet Royalty Holdings, LLC (Buyer Representative / collateral agent for Purchaser Group, Barings affiliates); Ankura Trust Company, LLC as Paying Agent",Senior claim on 5.0%/0.5% of UDENYCA+LOQTORZI U.S. net sales (revenue sold via true sale); back-up security interest,True sale + Back-Up Security Interest,Back-up security interest in the sold Revenue Participation Right / product net sales (outside the 2029 Term Loan collateral),Not specified in extracted sections,No stated maturity (terminates at 2.25x cap),03_Credit_Docs/2024-08-08_CHRS_EX10-31_Omnibus-Amendment-Transaction-Docs.pdf,EX-10.4,Omnibus Amendment to Transaction Documents,https://www.sec.gov/Archives/edgar/data/1512762/000155837024011629/chrs-20240630xex10d4.htm,Dated 6/25/2024 (filed 8/8/2024); amends RPR PSA and Security & Paying Agent Agreement (Control Agreement / deposit-account mechanics)
"Coherus BioSciences, Inc.",CHRS,Revenue Participation,Revenue Participation Right Purchase & Sale Agreement (synthetic royalty; UDENYCA portion bought out 4/2025 - continuing obligation relates to LOQTORZI only),Covenant compliance status,2025-12-31,In full compliance,text,Reported,,"Coherus BioSciences, Inc. (Seller)","Coherus BioSciences, Inc. (Seller)","Coduet Royalty Holdings, LLC (Buyer Representative / collateral agent for Purchaser Group, Barings affiliates); Ankura Trust Company, LLC as Paying Agent",Senior claim on 5.0%/0.5% of UDENYCA+LOQTORZI U.S. net sales (revenue sold via true sale); back-up security interest,True sale + Back-Up Security Interest,Back-up security interest in the sold Revenue Participation Right / product net sales (outside the 2029 Term Loan collateral),Not specified in extracted sections,No stated maturity (terminates at 2.25x cap),01_Filings/10K/2026-03-09_CHRS_10K_FY2025.pdf,10-K,Note 8. Revenue Purchase and Sale Agreement,https://www.sec.gov/Archives/edgar/data/1512762/000110465926025308/chrs-20251231x10k.htm,RPR PSA contains certain covenants; Company in full compliance as of 12/31/2025
"Coherus BioSciences, Inc.",CHRS,Revenue Participation,Revenue Participation Right Purchase & Sale Agreement (synthetic royalty; UDENYCA portion bought out 4/2025 - continuing obligation relates to LOQTORZI only),Change-of-control trigger,2024-05-08,35% beneficial ownership,%,Reported,,"Coherus BioSciences, Inc. (Seller)","Coherus BioSciences, Inc. (Seller)","Coduet Royalty Holdings, LLC (Buyer Representative / collateral agent for Purchaser Group, Barings affiliates); Ankura Trust Company, LLC as Paying Agent",Senior claim on 5.0%/0.5% of UDENYCA+LOQTORZI U.S. net sales (revenue sold via true sale); back-up security interest,True sale + Back-Up Security Interest,Back-up security interest in the sold Revenue Participation Right / product net sales (outside the 2029 Term Loan collateral),Not specified in extracted sections,No stated maturity (terminates at 2.25x cap),03_Credit_Docs/2024-05-21_CHRS_EX10-29_Revenue-Participation-Right-PSA.pdf,EX-10.29,RPR PSA defn (Change of Control),https://www.sec.gov/Archives/edgar/data/1512762/000155837024008542/chrs-20240508xex10d2.htm,Acquisition of 35% of outstanding capital stock
"Coherus BioSciences, Inc.",CHRS,Revenue Participation,Revenue Participation Right Purchase & Sale Agreement (synthetic royalty; UDENYCA portion bought out 4/2025 - continuing obligation relates to LOQTORZI only),Estimated annual revenue-participation payments (LOQTORZI run-rate),2025-12-31,"~2,040",USD thousands,Calculated,"5.0% x LOQTORZI FY2025 U.S. net revenue of $40,800K (up-to-threshold rate; excludes 0.5% over-threshold tier)","Coherus BioSciences, Inc. (Seller)","Coherus BioSciences, Inc. (Seller)","Coduet Royalty Holdings, LLC (Buyer Representative / collateral agent for Purchaser Group, Barings affiliates); Ankura Trust Company, LLC as Paying Agent",Senior claim on 5.0%/0.5% of UDENYCA+LOQTORZI U.S. net sales (revenue sold via true sale); back-up security interest,True sale + Back-Up Security Interest,Back-up security interest in the sold Revenue Participation Right / product net sales (outside the 2029 Term Loan collateral),Not specified in extracted sections,No stated maturity (terminates at 2.25x cap),01_Filings/10K/2026-03-09_CHRS_10K_FY2025.pdf,10-K,Note 8; LOQTORZI 2025 net revenue $40.8M,https://www.sec.gov/Archives/edgar/data/1512762/000110465926025308/chrs-20251231x10k.htm,"Reported total RPR royalty payments were $3,234K in FY2025 (included UDENYCA pre-buyout); post-buyout only LOQTORZI remains"
"Coherus BioSciences, Inc.",CHRS,Convertible Notes,1.500% Convertible Senior Subordinated Notes due 2026 ('2026 Convertible Notes'),Original principal,2020-04-17,"230,000",USD thousands,Reported,,"Coherus BioSciences, Inc.","Coherus BioSciences, Inc.","Public/institutional holders; U.S. Bank Trust Company, N.A. as Trustee",Senior subordinated (subordinated to Designated Senior Indebtedness incl. 2029 Term Loan); senior to equity,Unsecured,None (unsecured),None stated,2026-04-15,01_Filings/10K/2026-03-09_CHRS_10K_FY2025.pdf,10-K,Note 8. 1.5% Convertible Senior Subordinated Notes,https://www.sec.gov/Archives/edgar/data/1512762/000110465926025308/chrs-20251231x10k.htm,Issued/sold April 2020
"Coherus BioSciences, Inc.",CHRS,Convertible Notes,1.500% Convertible Senior Subordinated Notes due 2026 ('2026 Convertible Notes'),Principal outstanding at 3/31/2026 (balance-sheet date),2026-03-31,121,USD thousands,Reported,,"Coherus BioSciences, Inc.","Coherus BioSciences, Inc.","Public/institutional holders; U.S. Bank Trust Company, N.A. as Trustee",Senior subordinated (subordinated to Designated Senior Indebtedness incl. 2029 Term Loan); senior to equity,Unsecured,None (unsecured),None stated,2026-04-15,01_Filings/10Q/2026-05-11_CHRS_10Q_Q1-2026.pdf,10-Q,Note 8; Debt obligations table,https://www.sec.gov/Archives/edgar/data/1512762/000110465926058703/chrs-20260331x10q.htm,"$121,000 residual stub on the 3/31/2026 balance sheet - only notes NOT tendered for repurchase. This is the balance-sheet-date figure, superseded by the April 2026 repayment (see next row)"
"Coherus BioSciences, Inc.",CHRS,Convertible Notes,1.500% Convertible Senior Subordinated Notes due 2026 ('2026 Convertible Notes'),Principal outstanding currently (post-April 2026),2026-07-19,0,USD thousands,Reported,,"Coherus BioSciences, Inc.","Coherus BioSciences, Inc.","Public/institutional holders; U.S. Bank Trust Company, N.A. as Trustee",Senior subordinated (subordinated to Designated Senior Indebtedness incl. 2029 Term Loan); senior to equity,Unsecured,None (unsecured),None stated,2026-04-15,01_Filings/10Q/2026-05-11_CHRS_10Q_Q1-2026.pdf,10-Q,Note 8 (subsequent event - matured 4/15/2026),https://www.sec.gov/Archives/edgar/data/1512762/000110465926058703/chrs-20260331x10q.htm,"CURRENT BALANCE = $0. The $121,000 stub matured 4/15/2026 and was fully repaid in April 2026; the 2026 Convertible Notes are now retired. Controlling vs the 3/31/2026 $121K figure"
"Coherus BioSciences, Inc.",CHRS,Convertible Notes,1.500% Convertible Senior Subordinated Notes due 2026 ('2026 Convertible Notes'),Net carrying value,2026-03-31,121,USD thousands,Reported,,"Coherus BioSciences, Inc.","Coherus BioSciences, Inc.","Public/institutional holders; U.S. Bank Trust Company, N.A. as Trustee",Senior subordinated (subordinated to Designated Senior Indebtedness incl. 2029 Term Loan); senior to equity,Unsecured,None (unsecured),None stated,2026-04-15,01_Filings/10Q/2026-05-11_CHRS_10Q_Q1-2026.pdf,10-Q,Note 8; Debt obligations table,https://www.sec.gov/Archives/edgar/data/1512762/000110465926058703/chrs-20260331x10q.htm,
"Coherus BioSciences, Inc.",CHRS,Convertible Notes,1.500% Convertible Senior Subordinated Notes due 2026 ('2026 Convertible Notes'),Estimated fair value,2026-03-31,119,USD thousands,Reported,,"Coherus BioSciences, Inc.","Coherus BioSciences, Inc.","Public/institutional holders; U.S. Bank Trust Company, N.A. as Trustee",Senior subordinated (subordinated to Designated Senior Indebtedness incl. 2029 Term Loan); senior to equity,Unsecured,None (unsecured),None stated,2026-04-15,01_Filings/10Q/2026-05-11_CHRS_10Q_Q1-2026.pdf,10-Q,Note 8; Debt obligations table (Level 2**),https://www.sec.gov/Archives/edgar/data/1512762/000110465926058703/chrs-20260331x10q.htm,
"Coherus BioSciences, Inc.",CHRS,Convertible Notes,1.500% Convertible Senior Subordinated Notes due 2026 ('2026 Convertible Notes'),Cash interest rate (coupon),2026-03-31,1.50,%,Reported,,"Coherus BioSciences, Inc.","Coherus BioSciences, Inc.","Public/institutional holders; U.S. Bank Trust Company, N.A. as Trustee",Senior subordinated (subordinated to Designated Senior Indebtedness incl. 2029 Term Loan); senior to equity,Unsecured,None (unsecured),None stated,2026-04-15,01_Filings/10K/2026-03-09_CHRS_10K_FY2025.pdf,10-K,Note 8. Convertible Notes,https://www.sec.gov/Archives/edgar/data/1512762/000110465926025308/chrs-20251231x10k.htm,Payable semi-annually in arrears on April 15 and October 15
"Coherus BioSciences, Inc.",CHRS,Convertible Notes,1.500% Convertible Senior Subordinated Notes due 2026 ('2026 Convertible Notes'),Annual effective interest rate,2025-12-31,2.1,%,Reported,,"Coherus BioSciences, Inc.","Coherus BioSciences, Inc.","Public/institutional holders; U.S. Bank Trust Company, N.A. as Trustee",Senior subordinated (subordinated to Designated Senior Indebtedness incl. 2029 Term Loan); senior to equity,Unsecured,None (unsecured),None stated,2026-04-15,01_Filings/10K/2026-03-09_CHRS_10K_FY2025.pdf,10-K,Note 8. Convertible Notes,https://www.sec.gov/Archives/edgar/data/1512762/000110465926025308/chrs-20251231x10k.htm,
"Coherus BioSciences, Inc.",CHRS,Convertible Notes,1.500% Convertible Senior Subordinated Notes due 2026 ('2026 Convertible Notes'),PIK rate,2026-03-31,0,%,Reported,,"Coherus BioSciences, Inc.","Coherus BioSciences, Inc.","Public/institutional holders; U.S. Bank Trust Company, N.A. as Trustee",Senior subordinated (subordinated to Designated Senior Indebtedness incl. 2029 Term Loan); senior to equity,Unsecured,None (unsecured),None stated,2026-04-15,03_Credit_Docs/2020-04-17_CHRS_EX4-4_Indenture-2020-Convertible-Notes.pdf,EX-4.4,Indenture,https://www.sec.gov/Archives/edgar/data/1512762/000110465920048214/tm2015668d4_ex4-1.htm,Cash coupon only
"Coherus BioSciences, Inc.",CHRS,Convertible Notes,1.500% Convertible Senior Subordinated Notes due 2026 ('2026 Convertible Notes'),Issue date,2020-04-17,2020-04-17,date,Reported,,"Coherus BioSciences, Inc.","Coherus BioSciences, Inc.","Public/institutional holders; U.S. Bank Trust Company, N.A. as Trustee",Senior subordinated (subordinated to Designated Senior Indebtedness incl. 2029 Term Loan); senior to equity,Unsecured,None (unsecured),None stated,2026-04-15,03_Credit_Docs/2020-04-17_CHRS_EX4-4_Indenture-2020-Convertible-Notes.pdf,EX-4.4,"Indenture, dated April 17, 2020",https://www.sec.gov/Archives/edgar/data/1512762/000110465920048214/tm2015668d4_ex4-1.htm,
"Coherus BioSciences, Inc.",CHRS,Convertible Notes,1.500% Convertible Senior Subordinated Notes due 2026 ('2026 Convertible Notes'),Maturity date,2026-03-31,2026-04-15,date,Reported,,"Coherus BioSciences, Inc.","Coherus BioSciences, Inc.","Public/institutional holders; U.S. Bank Trust Company, N.A. as Trustee",Senior subordinated (subordinated to Designated Senior Indebtedness incl. 2029 Term Loan); senior to equity,Unsecured,None (unsecured),None stated,2026-04-15,01_Filings/10K/2026-03-09_CHRS_10K_FY2025.pdf,10-K,Note 8. Convertible Notes,https://www.sec.gov/Archives/edgar/data/1512762/000110465926025308/chrs-20251231x10k.htm,Matured 4/15/2026
"Coherus BioSciences, Inc.",CHRS,Convertible Notes,1.500% Convertible Senior Subordinated Notes due 2026 ('2026 Convertible Notes'),Conversion rate,2020-04-17,"51.9224 shares per $1,000 principal",text,Reported,,"Coherus BioSciences, Inc.","Coherus BioSciences, Inc.","Public/institutional holders; U.S. Bank Trust Company, N.A. as Trustee",Senior subordinated (subordinated to Designated Senior Indebtedness incl. 2029 Term Loan); senior to equity,Unsecured,None (unsecured),None stated,2026-04-15,03_Credit_Docs/2020-04-17_CHRS_EX4-4_Indenture-2020-Convertible-Notes.pdf,EX-4.4,"Indenture, defn 'Conversion Rate'",https://www.sec.gov/Archives/edgar/data/1512762/000110465920048214/tm2015668d4_ex4-1.htm,"Initial conversion rate, subject to Article 5 adjustments"
"Coherus BioSciences, Inc.",CHRS,Convertible Notes,1.500% Convertible Senior Subordinated Notes due 2026 ('2026 Convertible Notes'),Conversion price,2020-04-17,19.26,USD per share,Calculated,"$1,000 / 51.9224 conversion rate","Coherus BioSciences, Inc.","Coherus BioSciences, Inc.","Public/institutional holders; U.S. Bank Trust Company, N.A. as Trustee",Senior subordinated (subordinated to Designated Senior Indebtedness incl. 2029 Term Loan); senior to equity,Unsecured,None (unsecured),None stated,2026-04-15,03_Credit_Docs/2020-04-17_CHRS_EX4-4_Indenture-2020-Convertible-Notes.pdf,EX-4.4,"Indenture, defn 'Conversion Price' = $1,000 / Conversion Rate",https://www.sec.gov/Archives/edgar/data/1512762/000110465920048214/tm2015668d4_ex4-1.htm,"Remaining $121K stub was convertible into 6,283 shares (per Q1-2026 dilution table)"
"Coherus BioSciences, Inc.",CHRS,Convertible Notes,1.500% Convertible Senior Subordinated Notes due 2026 ('2026 Convertible Notes'),Conversion terms,2020-04-17,Convertible into common stock; make-whole fundamental-change adjustment; fundamental-change repurchase right,text,Reported,,"Coherus BioSciences, Inc.","Coherus BioSciences, Inc.","Public/institutional holders; U.S. Bank Trust Company, N.A. as Trustee",Senior subordinated (subordinated to Designated Senior Indebtedness incl. 2029 Term Loan); senior to equity,Unsecured,None (unsecured),None stated,2026-04-15,03_Credit_Docs/2020-04-17_CHRS_EX4-4_Indenture-2020-Convertible-Notes.pdf,EX-4.4,Indenture Art. 4-5 (conversion; fundamental change),https://www.sec.gov/Archives/edgar/data/1512762/000110465920048214/tm2015668d4_ex4-1.htm,
"Coherus BioSciences, Inc.",CHRS,Convertible Notes,1.500% Convertible Senior Subordinated Notes due 2026 ('2026 Convertible Notes'),Lien priority / subordination,2020-04-17,Senior subordinated; unsecured,text,Reported,,"Coherus BioSciences, Inc.","Coherus BioSciences, Inc.","Public/institutional holders; U.S. Bank Trust Company, N.A. as Trustee",Senior subordinated (subordinated to Designated Senior Indebtedness incl. 2029 Term Loan); senior to equity,Unsecured,None (unsecured),None stated,2026-04-15,03_Credit_Docs/2020-04-17_CHRS_EX4-4_Indenture-2020-Convertible-Notes.pdf,EX-4.4,Indenture Art. 6 (Subordination),https://www.sec.gov/Archives/edgar/data/1512762/000110465920048214/tm2015668d4_ex4-1.htm,Subordinated to Designated Senior Indebtedness
"Coherus BioSciences, Inc.",CHRS,Convertible Notes,1.500% Convertible Senior Subordinated Notes due 2026 ('2026 Convertible Notes'),Repurchases in 2025,2025-05-15,"229,879",USD thousands,Reported,,"Coherus BioSciences, Inc.","Coherus BioSciences, Inc.","Public/institutional holders; U.S. Bank Trust Company, N.A. as Trustee",Senior subordinated (subordinated to Designated Senior Indebtedness incl. 2029 Term Loan); senior to equity,Unsecured,None (unsecured),None stated,2026-04-15,01_Filings/10K/2026-03-09_CHRS_10K_FY2025.pdf,10-K,Note 8. Convertible Notes,https://www.sec.gov/Archives/edgar/data/1512762/000110465926025308/chrs-20251231x10k.htm,$170.0M repurchased 4/15/2025 (privately negotiated) + $59.9M via Fundamental Change Repurchase Right 5/15/2025; from UDENYCA Sale proceeds
"Coherus BioSciences, Inc.",CHRS,Convertible Notes,1.500% Convertible Senior Subordinated Notes due 2026 ('2026 Convertible Notes'),First Supplemental Indenture (amendment),2025-03-31,Amended definitions (Business Combination Event) via consent solicitation,text,Reported,,"Coherus BioSciences, Inc.","Coherus BioSciences, Inc.","Public/institutional holders; U.S. Bank Trust Company, N.A. as Trustee",Senior subordinated (subordinated to Designated Senior Indebtedness incl. 2029 Term Loan); senior to equity,Unsecured,None (unsecured),None stated,2026-04-15,03_Credit_Docs/2025-04-01_CHRS_EX4-7_First-Supplemental-Indenture-2025.pdf,EX-4.1,"First Supplemental Indenture, dated March 31, 2025",https://www.sec.gov/Archives/edgar/data/1512762/000155837025004264/chrs-20250331xex4d1.htm,Consent solicitation permitting the UDENYCA Sale; Requisite Consents obtained; also 8-K dated 4/1/2025
"Coherus BioSciences, Inc.",CHRS,Convertible Notes,1.500% Convertible Senior Subordinated Notes due 2026 ('2026 Convertible Notes'),Events of default,2025-12-31,Customary indenture events of default,text,Reported,,"Coherus BioSciences, Inc.","Coherus BioSciences, Inc.","Public/institutional holders; U.S. Bank Trust Company, N.A. as Trustee",Senior subordinated (subordinated to Designated Senior Indebtedness incl. 2029 Term Loan); senior to equity,Unsecured,None (unsecured),None stated,2026-04-15,01_Filings/10K/2026-03-09_CHRS_10K_FY2025.pdf,10-K,Note 8. Convertible Notes,https://www.sec.gov/Archives/edgar/data/1512762/000110465926025308/chrs-20251231x10k.htm,In full compliance; no EoD as of 12/31/2025
"Coherus BioSciences, Inc.",CHRS,Prior/Repaid Debt,2027 Term Loans (BioPharma Credit / Pharmakon) - REPAID,Original principal funded,2022-01-01,"250,000",USD thousands,Reported,,"Coherus BioSciences, Inc.","Coherus BioSciences, Inc.","BioPharma Credit, PLC; BPCR Limited Partnership; Biopharma Credit Investments V (Master) LP (2027 Lenders)",Was senior secured (first lien),Was Secured,Was substantially all assets,,2027 (terminated 2024-05-08),01_Filings/10K/2026-03-09_CHRS_10K_FY2025.pdf,10-K,Note 8. 2027 Term Loan,https://www.sec.gov/Archives/edgar/data/1512762/000110465926025308/chrs-20251231x10k.htm,Loan agreement January 2022; $250.0M funded
"Coherus BioSciences, Inc.",CHRS,Prior/Repaid Debt,2027 Term Loans (BioPharma Credit / Pharmakon) - REPAID,Cash interest rate,2024-12-31,8.25% + Adjusted Term SOFR (3M SOFR + 0.26161%),text,Reported,,"Coherus BioSciences, Inc.","Coherus BioSciences, Inc.","BioPharma Credit, PLC; BPCR Limited Partnership; Biopharma Credit Investments V (Master) LP (2027 Lenders)",Was senior secured (first lien),Was Secured,Was substantially all assets,,2027 (terminated 2024-05-08),01_Filings/10K/2026-03-09_CHRS_10K_FY2025.pdf,10-K,Note 8. 2027 Term Loan,https://www.sec.gov/Archives/edgar/data/1512762/000110465926025308/chrs-20251231x10k.htm,Adjusted Term SOFR floor of 1.0%
"Coherus BioSciences, Inc.",CHRS,Prior/Repaid Debt,2027 Term Loans (BioPharma Credit / Pharmakon) - REPAID,Current principal outstanding,2024-05-08,0,USD thousands,Reported,,"Coherus BioSciences, Inc.","Coherus BioSciences, Inc.","BioPharma Credit, PLC; BPCR Limited Partnership; Biopharma Credit Investments V (Master) LP (2027 Lenders)",Was senior secured (first lien),Was Secured,Was substantially all assets,,2027 (terminated 2024-05-08),01_Filings/10K/2026-03-09_CHRS_10K_FY2025.pdf,10-K,Note 8. 2027 Term Loan,https://www.sec.gov/Archives/edgar/data/1512762/000110465926025308/chrs-20251231x10k.htm,$175.0M prepaid 4/1/2024 (CIMERLI Sale); remaining $75.0M repaid 5/8/2024; repaid in full and commitments terminated
"Coherus BioSciences, Inc.",CHRS,Prior/Repaid Debt,2027 Term Loans (BioPharma Credit / Pharmakon) - REPAID,Payoff terms,2024-05-08,"79,600",USD thousands,Reported,,"Coherus BioSciences, Inc.","Coherus BioSciences, Inc.","BioPharma Credit, PLC; BPCR Limited Partnership; Biopharma Credit Investments V (Master) LP (2027 Lenders)",Was senior secured (first lien),Was Secured,Was substantially all assets,,2027 (terminated 2024-05-08),01_Filings/10K/2026-03-09_CHRS_10K_FY2025.pdf,10-K,Note 8. 2027 Term Loan,https://www.sec.gov/Archives/edgar/data/1512762/000110465926025308/chrs-20251231x10k.htm,"5/8/2024 payoff incl. principal, accrued interest, 3.0% prepayment premium, make-whole & lender fees; $12.6M loss on extinguishment"
"Coherus BioSciences, Inc.",CHRS,Lease,Finance leases,Finance lease obligations,2025-12-31,0,USD thousands,Reported,,"Coherus BioSciences, Inc.","Coherus BioSciences, Inc.",,n/a,n/a,,,,01_Filings/10K/2026-03-09_CHRS_10K_FY2025.pdf,10-K,Note 10. Leases,https://www.sec.gov/Archives/edgar/data/1512762/000110465926025308/chrs-20251231x10k.htm,Company reports only operating leases (office/laboratory); no finance leases disclosed
"Coherus BioSciences, Inc.",CHRS,Lease,"Operating leases (non-debt, memo)",Operating lease liabilities (current + non-current),2025-12-31,"3,285",USD thousands,Reported,,"Coherus BioSciences, Inc.","Coherus BioSciences, Inc.",,Unsecured (lease),Unsecured,,,,01_Filings/10K/2026-03-09_CHRS_10K_FY2025.pdf,10-K,Balance sheet; Note 10. Leases,https://www.sec.gov/Archives/edgar/data/1512762/000110465926025308/chrs-20251231x10k.htm,"Current $1,828 + non-current $1,457 at 12/31/2025; operating leases, not debt-like/finance leases - shown as memo only, excluded from debt totals"
"Coherus BioSciences, Inc.",CHRS,Capital Structure Summary,Consolidated,"Total financial liabilities (net carrying, as reported)",2026-03-31,"51,640",USD thousands,Reported,,"Coherus BioSciences, Inc.","Coherus BioSciences, Inc.",,,,,,,01_Filings/10Q/2026-05-11_CHRS_10Q_Q1-2026.pdf,10-Q,"Liquidity table (2029 TL 37,147 + RPR 14,372 + Converts 121)",https://www.sec.gov/Archives/edgar/data/1512762/000110465926058703/chrs-20260331x10q.htm,Company-reported total of financial liabilities
"Coherus BioSciences, Inc.",CHRS,Capital Structure Summary,Consolidated,Total debt - funded (principal basis),2026-03-31,"38,781",USD thousands,Calculated,"2029 Term Loan principal 38,660 + 2026 Convertible Notes principal 121","Coherus BioSciences, Inc.","Coherus BioSciences, Inc.",,,,,,,01_Filings/10Q/2026-05-11_CHRS_10Q_Q1-2026.pdf,10-Q,Note 8 debt obligations table,https://www.sec.gov/Archives/edgar/data/1512762/000110465926058703/chrs-20260331x10q.htm,Excludes RPR (revenue-participation liability); as of 3/31/2026
"Coherus BioSciences, Inc.",CHRS,Capital Structure Summary,Consolidated,Total debt incl. RPR (net carrying),2026-03-31,"51,640",USD thousands,Calculated,"Term loan 37,147 + RPR 14,372 + converts 121","Coherus BioSciences, Inc.","Coherus BioSciences, Inc.",,,,,,,01_Filings/10Q/2026-05-11_CHRS_10Q_Q1-2026.pdf,10-Q,Liquidity table,https://www.sec.gov/Archives/edgar/data/1512762/000110465926058703/chrs-20260331x10q.htm,Matches reported total financial liabilities
"Coherus BioSciences, Inc.",CHRS,Capital Structure Summary,Consolidated,Total secured debt,2026-03-31,"38,660",USD thousands,Calculated,2029 Term Loan principal (only senior-secured funded debt); RPR carries only a back-up security interest,"Coherus BioSciences, Inc.","Coherus BioSciences, Inc.",,,,,,,01_Filings/10Q/2026-05-11_CHRS_10Q_Q1-2026.pdf,10-Q,Note 8,https://www.sec.gov/Archives/edgar/data/1512762/000110465926058703/chrs-20260331x10q.htm,"On net-carrying basis 37,147; RPR back-up lien not included here"
"Coherus BioSciences, Inc.",CHRS,Capital Structure Summary,Consolidated,Total unsecured debt,2026-03-31,121,USD thousands,Calculated,"2026 Convertible Notes principal (unsecured, senior subordinated)","Coherus BioSciences, Inc.","Coherus BioSciences, Inc.",,,,,,,01_Filings/10Q/2026-05-11_CHRS_10Q_Q1-2026.pdf,10-Q,Note 8,https://www.sec.gov/Archives/edgar/data/1512762/000110465926058703/chrs-20260331x10q.htm,Reduced to $0 after April 2026 maturity/repayment
"Coherus BioSciences, Inc.",CHRS,Capital Structure Summary,Consolidated,Gross debt (funded),2026-03-31,"38,781",USD thousands,Calculated,Sum of term loan + convertible principal,"Coherus BioSciences, Inc.","Coherus BioSciences, Inc.",,,,,,,01_Filings/10Q/2026-05-11_CHRS_10Q_Q1-2026.pdf,10-Q,Note 8,https://www.sec.gov/Archives/edgar/data/1512762/000110465926058703/chrs-20260331x10q.htm,
"Coherus BioSciences, Inc.",CHRS,Capital Structure Summary,Consolidated,Cash & marketable securities,2026-03-31,"167,048",USD thousands,Reported,,"Coherus BioSciences, Inc.","Coherus BioSciences, Inc.",,,,,,,01_Filings/10Q/2026-05-11_CHRS_10Q_Q1-2026.pdf,10-Q,"Liquidity table - Total cash, cash equivalents and marketable securities",https://www.sec.gov/Archives/edgar/data/1512762/000110465926058703/chrs-20260331x10q.htm,"$172,125 at 12/31/2025"
"Coherus BioSciences, Inc.",CHRS,Capital Structure Summary,Consolidated,Net debt (funded basis),2026-03-31,"(128,267)",USD thousands,Calculated,"Gross funded debt 38,781 - cash & mkt securities 167,048","Coherus BioSciences, Inc.","Coherus BioSciences, Inc.",,,,,,,01_Filings/10Q/2026-05-11_CHRS_10Q_Q1-2026.pdf,10-Q,Derived,https://www.sec.gov/Archives/edgar/data/1512762/000110465926058703/chrs-20260331x10q.htm,Negative = net cash position of ~$128.3M
"Coherus BioSciences, Inc.",CHRS,Capital Structure Summary,Consolidated,Net debt (incl. RPR net carrying),2026-03-31,"(115,408)",USD thousands,Calculated,"Total financial liabilities 51,640 - cash & mkt securities 167,048","Coherus BioSciences, Inc.","Coherus BioSciences, Inc.",,,,,,,01_Filings/10Q/2026-05-11_CHRS_10Q_Q1-2026.pdf,10-Q,Derived,https://www.sec.gov/Archives/edgar/data/1512762/000110465926058703/chrs-20260331x10q.htm,Negative = net cash even including revenue-participation liability
"Coherus BioSciences, Inc.",CHRS,Capital Structure Summary,Consolidated,Estimated annual cash interest (total),2026-12-31,"4,706",USD thousands,Calculated,"2029 Term Loan ~4,704 (12.0% assumed all-in, interest-only) + 2026 Converts 1.5% x 121 ~2","Coherus BioSciences, Inc.","Coherus BioSciences, Inc.",,,,,,,01_Filings/10K/2026-03-09_CHRS_10K_FY2025.pdf,10-K,Derived from Note 8,https://www.sec.gov/Archives/edgar/data/1512762/000110465926025308/chrs-20251231x10k.htm,"Converts now retired; effectively ~$4,704 term-loan interest only"
"Coherus BioSciences, Inc.",CHRS,Capital Structure Summary,Consolidated,Estimated annual PIK interest (total),2026-03-31,0,USD thousands,Calculated,No instrument bears PIK interest,"Coherus BioSciences, Inc.","Coherus BioSciences, Inc.",,,,,,,01_Filings/10Q/2026-05-11_CHRS_10Q_Q1-2026.pdf,10-Q,Derived,https://www.sec.gov/Archives/edgar/data/1512762/000110465926058703/chrs-20260331x10q.htm,Term loan and converts both cash-pay
"Coherus BioSciences, Inc.",CHRS,Maturity Schedule,2026 Convertible Notes,Principal maturing,2026-03-31,121,USD thousands,Reported,,"Coherus BioSciences, Inc.","Coherus BioSciences, Inc.",,,,,,2026-04-15,01_Filings/10Q/2026-05-11_CHRS_10Q_Q1-2026.pdf,10-Q,Note 8,https://www.sec.gov/Archives/edgar/data/1512762/000110465926058703/chrs-20260331x10q.htm,Matured 4/15/2026; $121K stub fully repaid April 2026
"Coherus BioSciences, Inc.",CHRS,Maturity Schedule,2029 Term Loan,Principal maturing,2026-03-31,"38,660",USD thousands,Reported,,"Coherus BioSciences, Inc.","Coherus BioSciences, Inc.",,,,,,2029-05-08,01_Filings/10Q/2026-05-11_CHRS_10Q_Q1-2026.pdf,10-Q,Note 8,https://www.sec.gov/Archives/edgar/data/1512762/000110465926058703/chrs-20260331x10q.htm,Bullet maturity; interest-only until then
"Coherus BioSciences, Inc.",CHRS,Maturity Schedule,Revenue Participation Right (RPR),Principal maturing,2026-03-31,No fixed maturity,text,Reported,,"Coherus BioSciences, Inc.","Coherus BioSciences, Inc.",,,,,,Revenue-based (2.25x cap),01_Filings/10K/2026-03-09_CHRS_10K_FY2025.pdf,10-K,Note 8,https://www.sec.gov/Archives/edgar/data/1512762/000110465926025308/chrs-20251231x10k.htm,"Terminates when Purchaser Group receives 2.25x purchase price per product; net carrying $14,372 at 3/31/2026"
"Coherus BioSciences, Inc.",CHRS,BBDC Exposure,Coherus 2029 Term Loan (and Barings royalty financing),Lender identity confirmation,2024-05-08,Barings is the term-loan lender group and royalty purchaser,text,Reported,,"Coherus BioSciences, Inc.","Coherus BioSciences, Inc.","Barings BDC, Inc. (BBDC)",First lien (term loan) / revenue-participation (royalty),Secured,,,,01_Filings/10K/2026-03-09_CHRS_10K_FY2025.pdf,Press release / 10-K,Latham & Watkins deal announcement; CHRS lenders redacted [***],https://www.lw.com/en/news/2024/05/latham-watkins-advises-coherus-in-term-loan-and-royalty-financing-agreement-with-barings,Coherus lender names redacted in SEC filings; Latham & Watkins confirms Barings provided both the term loan and the royalty financing; Coduet Royalty Holdings (RPR buyer) is a Barings affiliate
"Coherus BioSciences, Inc.",CHRS,BBDC Exposure,Coherus 2029 Term Loan (and Barings royalty financing),Total Barings financing to Coherus,2024-05-08,"76,200",USD thousands,Reported,,"Coherus BioSciences, Inc.","Coherus BioSciences, Inc.","Barings BDC, Inc. (BBDC)",First lien (term loan) / revenue-participation (royalty),Secured,,,,01_Filings/10K/2026-03-09_CHRS_10K_FY2025.pdf,Press release,Latham & Watkins,https://www.lw.com/en/news/2024/05/latham-watkins-advises-coherus-in-term-loan-and-royalty-financing-agreement-with-barings,"$38.7M 2029 Term Loan + $37.5M Revenue Purchase (royalty) = $76.2M combined; total Barings-originated, split across Barings vehicles"
"Coherus BioSciences, Inc.",CHRS,BBDC Exposure,Coherus 2029 Term Loan (and Barings royalty financing),BBDC holds a portion of the Coherus term loan,2026-03-31,"Confirmed - ~$3,991K loan par",text,Reported,,"Coherus BioSciences, Inc.","Coherus BioSciences, Inc.","Barings BDC, Inc. (BBDC)",First lien (term loan) / revenue-participation (royalty),Secured,,,,"04_BBDC (not on disk - placeholder); BBDC 10-Q for 3/31/2026, Consolidated Schedule of Investments",BBDC Tear Sheet / 10-Q,Consolidated Schedule of Investments (Pharmaceuticals),https://www.sec.gov/Archives/edgar/data/1379785/000137978526000022/R7.htm,Barings BDC (CIK 1379785) discloses Coherus in its Schedule of Investments in every 10-K/10-Q since Q2 2024 (first appearance 8/7/2024 filing); holds ~$3.991M loan par of the 2029 Term Loan
"Coherus BioSciences, Inc.",CHRS,BBDC Exposure,Coherus 2029 Term Loan (and Barings royalty financing),BBDC loan par (2029 Term Loan),2026-03-31,"3,991",USD thousands,Reported,,"Coherus BioSciences, Inc.","Coherus BioSciences, Inc.","Barings BDC, Inc. (BBDC)",First lien (term loan) / revenue-participation (royalty),Secured,,,,"04_BBDC (not on disk - placeholder); BBDC 10-Q for 3/31/2026, Consolidated Schedule of Investments",BBDC Tear Sheet,Consolidated Schedule of Investments - Coherus line,https://www.sec.gov/Archives/edgar/data/1379785/000137978526000022/R7.htm,"~$3.991M par per BBDC Tear Sheet; a subset (~10.3%) of the $38.66M total 2029 Term Loan, co-held with other Barings vehicles (Barings Capital Investment Corp, Barings Private Credit Corp)"
"Coherus BioSciences, Inc.",CHRS,BBDC Exposure,Coherus 2029 Term Loan (and Barings royalty financing),BBDC combined cost (loan + royalty position),2026-03-31,"5,172",USD thousands,Reported,,"Coherus BioSciences, Inc.","Coherus BioSciences, Inc.","Barings BDC, Inc. (BBDC)",First lien (term loan) / revenue-participation (royalty),Secured,,,,"04_BBDC (not on disk - placeholder); BBDC 10-Q for 3/31/2026, Consolidated Schedule of Investments",BBDC Tear Sheet,BBDC Tear Sheet - Coherus,https://www.sec.gov/Archives/edgar/data/1379785/000137978526000022/R7.htm,$5.172M combined amortized cost per BBDC Tear Sheet (Coherus term loan + revenue-participation/royalty position combined)
"Coherus BioSciences, Inc.",CHRS,BBDC Exposure,Coherus 2029 Term Loan (and Barings royalty financing),BBDC combined fair value (loan + royalty position),2026-03-31,"5,429",USD thousands,Reported,,"Coherus BioSciences, Inc.","Coherus BioSciences, Inc.","Barings BDC, Inc. (BBDC)",First lien (term loan) / revenue-participation (royalty),Secured,,,,"04_BBDC (not on disk - placeholder); BBDC 10-Q for 3/31/2026, Consolidated Schedule of Investments",BBDC Tear Sheet,BBDC Tear Sheet - Coherus,https://www.sec.gov/Archives/edgar/data/1379785/000137978526000022/R7.htm,$5.429M combined fair value per BBDC Tear Sheet; marked ~5% above cost
"Coherus BioSciences, Inc.",CHRS,BBDC Exposure,Coherus 2029 Term Loan (and Barings royalty financing),BBDC total exposure (fair value),2026-03-31,"5,429",USD thousands,Reported,,"Coherus BioSciences, Inc.","Coherus BioSciences, Inc.","Barings BDC, Inc. (BBDC)",First lien (term loan) / revenue-participation (royalty),Secured,,,,"04_BBDC (not on disk - placeholder); BBDC 10-Q for 3/31/2026, Consolidated Schedule of Investments",BBDC Tear Sheet,BBDC Tear Sheet - Coherus,https://www.sec.gov/Archives/edgar/data/1379785/000137978526000022/R7.htm,Total BBDC exposure to Coherus = $5.429M combined fair value ($5.172M cost)
"Coherus BioSciences, Inc.",CHRS,BBDC Exposure,Coherus 2029 Term Loan (and Barings royalty financing),BBDC exposure as % of Coherus capital structure,2026-03-31,~10.5,%,Calculated,"BBDC combined fair value 5,429 / Coherus total financial liabilities 51,640","Coherus BioSciences, Inc.","Coherus BioSciences, Inc.","Barings BDC, Inc. (BBDC)",First lien (term loan) / revenue-participation (royalty),Secured,,,,"04_BBDC (not on disk - placeholder); BBDC 10-Q for 3/31/2026, Consolidated Schedule of Investments",Derived,BBDC Tear Sheet + CHRS 10-Q,https://www.sec.gov/Archives/edgar/data/1379785/000137978526000022/R7.htm,"On a par basis, BBDC's $3,991 loan par is ~10.3% of the $38.66M 2029 Term Loan; on combined-FV vs Coherus total financial liabilities (51,640) it is ~10.5%"
"Coherus BioSciences, Inc.",CHRS,BBDC Exposure,Coherus 2029 Term Loan (and Barings royalty financing),BBDC exposure as % of BBDC portfolio,2026-03-31,0.23,%,Reported,,"Coherus BioSciences, Inc.","Coherus BioSciences, Inc.","Barings BDC, Inc. (BBDC)",First lien (term loan) / revenue-participation (royalty),Secured,,,,"04_BBDC (not on disk - placeholder); BBDC 10-Q for 3/31/2026, Consolidated Schedule of Investments",BBDC Tear Sheet,BBDC Tear Sheet - Coherus,https://www.sec.gov/Archives/edgar/data/1379785/000137978526000022/R7.htm,Coherus position = 0.23% of BBDC's total investment portfolio per BBDC Tear Sheet
"Coherus BioSciences, Inc.",CHRS,Orion Assessment,BBDC position in Coherus 2029 Term Loan,Priority of BBDC's claim,2026-03-31,Strong - first-lien senior secured,text,Orion Analysis,Orion analyst judgment based on extracted primary-source terms,"Coherus BioSciences, Inc.","Coherus BioSciences, Inc.","Barings BDC, Inc. (BBDC)",,,,,,Orion analysis (derived from 10-K/10-Q/Loan Agreement),Analysis,,,"BBDC holds the 2029 Term Loan, the most senior obligation: first-lien on substantially all assets incl. IP, senior to the (now-retired) subordinated converts and structurally ahead of equity. Only the RPR (a sold revenue stream with back-up lien) sits ahead on the specific product-royalty cash flows"
"Coherus BioSciences, Inc.",CHRS,Orion Assessment,BBDC position in Coherus 2029 Term Loan,Structural subordination risk,2026-03-31,Low-to-moderate,text,Orion Analysis,Orion analyst judgment based on extracted primary-source terms,"Coherus BioSciences, Inc.","Coherus BioSciences, Inc.","Barings BDC, Inc. (BBDC)",,,,,,Orion analysis (derived from 10-K/10-Q/Loan Agreement),Analysis,,,"Borrower is the operating parent and the key subsidiaries (Coherus Intermediate, InteKrin, Surface Oncology, Coherus Oncology Supportive Care) are guarantors, limiting structural subordination. The main leakage is the RPR, which diverts 5.0%/0.5% of UDENYCA+LOQTORZI U.S. net sales ahead of debt service on that revenue"
"Coherus BioSciences, Inc.",CHRS,Orion Assessment,BBDC position in Coherus 2029 Term Loan,Collateral coverage,2026-03-31,"Strong on a liquidity basis, weaker on hard-asset basis",text,Orion Analysis,Orion analyst judgment based on extracted primary-source terms,"Coherus BioSciences, Inc.","Coherus BioSciences, Inc.","Barings BDC, Inc. (BBDC)",,,,,,Orion analysis (derived from 10-K/10-Q/Loan Agreement),Analysis,,,$167M cash & marketable securities vs a $38.7M first-lien loan implies >4x cash coverage today. However collateral is substantially IP + cash of a single-commercial-product (LOQTORZI) biotech; enterprise/IP value is contingent on LOQTORZI commercialization and would erode with sustained cash burn
"Coherus BioSciences, Inc.",CHRS,Orion Assessment,BBDC position in Coherus 2029 Term Loan,Maturity / refinancing risk,2026-03-31,Low near-term,text,Orion Analysis,Orion analyst judgment based on extracted primary-source terms,"Coherus BioSciences, Inc.","Coherus BioSciences, Inc.","Barings BDC, Inc. (BBDC)",,,,,,Orion analysis (derived from 10-K/10-Q/Loan Agreement),Analysis,,,Term loan is a 2029 bullet with no amortization; converts are retired and there are no 2026-2028 debt maturities. Refinancing risk is a 2028-2029 question tied to LOQTORZI revenue trajectory and remaining cash runway
"Coherus BioSciences, Inc.",CHRS,Orion Assessment,BBDC position in Coherus 2029 Term Loan,Cash-interest burden,2026-03-31,"Elevated coupon, modest absolute, well-covered",text,Orion Analysis,Orion analyst judgment based on extracted primary-source terms,"Coherus BioSciences, Inc.","Coherus BioSciences, Inc.","Barings BDC, Inc. (BBDC)",,,,,,Orion analysis (derived from 10-K/10-Q/Loan Agreement),Analysis,,,"SOFR+800bps (1.00% floor) implies ~12% all-in / ~$4.7M annual cash interest, interest-only. Against $167M liquidity this is comfortably covered, though it is a high spread reflecting the single-product credit risk"
"Coherus BioSciences, Inc.",CHRS,Orion Assessment,BBDC position in Coherus 2029 Term Loan,Covenant protection,2026-03-31,"Light package, large current headroom",text,Orion Analysis,Orion analyst judgment based on extracted primary-source terms,"Coherus BioSciences, Inc.","Coherus BioSciences, Inc.","Barings BDC, Inc. (BBDC)",,,,,,Orion analysis (derived from 10-K/10-Q/Loan Agreement),Analysis,,,"Only financial maintenance covenant is Minimum Liquidity >= $15M (vs $167M actual); plus cross-default >$5M and customary EoD (payment, covenant, MAC, insolvency, judgments). Typical of structured/royalty lenders - limited early-warning triggers, so monitoring cash burn vs the $15M floor is key"
"Coherus BioSciences, Inc.",CHRS,Orion Assessment,BBDC position in Coherus 2029 Term Loan,Recovery support,2026-03-31,High for the first-lien term loan (PRELIMINARY - pending Valuation),text,Orion Analysis,Orion analyst judgment based on extracted primary-source terms,"Coherus BioSciences, Inc.","Coherus BioSciences, Inc.","Barings BDC, Inc. (BBDC)",,,,,,Orion analysis (derived from 10-K/10-Q/Loan Agreement),Analysis,,,"PRELIMINARY assessment, subject to completion of formal Valuation. Net-cash balance sheet and first-lien position imply strong expected recovery in most scenarios. Tail risk: a prolonged LOQTORZI shortfall that burns the cash cushion and leaves only IP collateral, where recovery becomes valuation-dependent"
"Coherus BioSciences, Inc.",CHRS,Orion Assessment,BBDC position in Coherus 2029 Term Loan,Principal capital-structure weakness,2026-03-31,Single-product dependence + revenue leakage to RPR atop ongoing losses,text,Orion Analysis,Orion analyst judgment based on extracted primary-source terms,"Coherus BioSciences, Inc.","Coherus BioSciences, Inc.","Barings BDC, Inc. (BBDC)",,,,,,Orion analysis (derived from 10-K/10-Q/Loan Agreement),Analysis,,,"Coherus depends on one commercial product (LOQTORZI, $40.8M FY2025 net revenue) and carries a $1.4B accumulated deficit with continuing operating losses. The RPR skims product revenue ahead of the lenders, and the current comfort rests on a divestiture-funded cash pile (UDENYCA/CIMERLI sales) that is finite - if burn outpaces LOQTORZI growth, the liquidity-based coverage that protects BBDC today would compress"
