company,ticker,scenario,valuation_method,category,metric,period_label,as_of_date,value,unit,status,calculation_or_assumption,source_name,source_file,source_form,source_page_or_section,source_url,notes
"Coherus Oncology, Inc.",CHRS,Reported,BBDC Position,BBDC Position - Loan,Principal amount (BBDC par held of 2029 Term Loan),Q1 2026,2026-03-31,3991,USD thousands,Reported,"BBDC's held par of the $38,660K first-lien 2029 Term Loan (~10.3% of the total facility); co-held with other Barings vehicles",Barings BDC Q1 2026 10-Q — Consolidated Schedule of Investments / Tear Sheet,coherus_cap_structure.csv,10-Q,Consolidated Schedule of Investments — Coherus line,https://www.sec.gov/Archives/edgar/data/1379785/000137978526000022/R7.htm,"Do NOT equate to the total $38,660K facility. BBDC owns only ~10.3% of the term loan."
"Coherus Oncology, Inc.",CHRS,Reported,BBDC Position,BBDC Position - Loan,Original cost (loan portion) — not separately disclosed,Q1 2026,2026-03-31,Information Unavailable,USD thousands,Reported,"BBDC discloses cost on a COMBINED basis (loan + royalty). Loan-only cost not separately reported. Orion estimate ~3,871 (par x ~97% net of 3% OID) in separate estimate row.",Barings BDC Q1 2026 10-Q — Consolidated Schedule of Investments / Tear Sheet,coherus_cap_structure.csv,10-Q,Schedule of Investments,https://www.sec.gov/Archives/edgar/data/1379785/000137978526000022/R7.htm,"See combined-position rows for the reported $5,172K cost."
"Coherus Oncology, Inc.",CHRS,Reported,BBDC Position,BBDC Position - Loan,Current fair value (loan portion) — Orion estimate,Q1 2026,2026-03-31,3835,USD thousands,Orion Valuation,"Estimate = BBDC par 3,991 x 96.1% (2029 Term Loan net carrying value / principal = 37,147/38,660). BBDC reports FV only on a combined basis.",Orion Analysis,coherus_cap_structure.csv,10-Q,derived,https://www.sec.gov/Archives/edgar/data/1379785/000137978526000022/R7.htm,"Loan/royalty split of BBDC's mark is estimated; combined reported FV is $5,429K."
"Coherus Oncology, Inc.",CHRS,Reported,BBDC Position,BBDC Position - Loan,"Fair value as % of principal (loan, estimate)",Q1 2026,2026-03-31,96.1,percent,Orion Valuation,"Est loan FV 3,835 / BBDC par 3,991; tracks the 2029 Term Loan's 96.1% net-carrying mark",Orion Analysis,coherus_cap_structure.csv,10-Q,derived,https://www.sec.gov/Archives/edgar/data/1379785/000137978526000022/R7.htm,
"Coherus Oncology, Inc.",CHRS,Reported,BBDC Position,BBDC Position - Loan,Cash yield / coupon (all-in),Q1 2026,2026-03-31,11.7,percent,Reported,"3-month Term SOFR + 800 bps, 1.00% floor; all cash-pay, no PIK",Barings BDC Q1 2026 10-Q — Consolidated Schedule of Investments / Tear Sheet,coherus_cap_structure.csv,10-Q,SOI — Coherus line coupon,https://www.sec.gov/Archives/edgar/data/1379785/000137978526000022/R7.htm,Coherus's own 10-K future-payment schedule instead assumed ~12.0% all-in.
"Coherus Oncology, Inc.",CHRS,Reported,BBDC Position,BBDC Position - Loan,PIK yield,Q1 2026,2026-03-31,0,percent,Reported,Interest entirely cash-pay quarterly; no PIK feature,Coherus FY2025 10-K,coherus_credit_agreement.csv,10-K,Note 8; Loan Agreement Sec. 2.3,https://www.sec.gov/Archives/edgar/data/1512762/000110465926025308/chrs-20251231x10k.htm,
"Coherus Oncology, Inc.",CHRS,Reported,BBDC Position,BBDC Position - Loan,Maturity,,2026-03-31,2029-05-08,date,Reported,"5-year bullet; interest-only, principal due in full at maturity",Coherus FY2025 10-K,coherus_credit_agreement.csv,10-K,Note 8. 2029 Term Loan,https://www.sec.gov/Archives/edgar/data/1512762/000110465926025308/chrs-20251231x10k.htm,
"Coherus Oncology, Inc.",CHRS,Reported,BBDC Position,BBDC Position - Royalty Rights,Original cost (royalty portion) — Orion estimate (residual),Q1 2026,2026-03-31,1301,USD thousands,Orion Valuation,"Residual = combined cost 5,172 - est loan cost 3,871. BBDC does not separately disclose the royalty-position cost.",Orion Analysis,coherus_cap_structure.csv,10-Q,derived,https://www.sec.gov/Archives/edgar/data/1379785/000137978526000022/R7.htm,Barings (Coduet Royalty Holdings affiliate) funded a $37.5M Revenue Participation Right alongside the term loan; BBDC holds a small piece.
"Coherus Oncology, Inc.",CHRS,Reported,BBDC Position,BBDC Position - Royalty Rights,Current fair value (royalty portion) — Orion estimate (residual),Q1 2026,2026-03-31,1594,USD thousands,Orion Valuation,"Residual = combined FV 5,429 - est loan FV 3,835.",Orion Analysis,coherus_cap_structure.csv,10-Q,derived,https://www.sec.gov/Archives/edgar/data/1379785/000137978526000022/R7.htm,"Royalty = 5.0%/0.5% of LOQTORZI U.S. net sales, capped at 2.25x purchase price. LOQTORZI-only after UDENYCA buy-out (Apr 2025)."
"Coherus Oncology, Inc.",CHRS,Reported,BBDC Position,BBDC Position - Royalty Rights,Principal amount (royalty) — not applicable / not disclosed,Q1 2026,2026-03-31,Information Unavailable,USD thousands,Reported,A revenue-participation right has no fixed 'principal'; BBDC's allocated share of the $37.5M facility is not separately disclosed.,Barings BDC Q1 2026 10-Q — Consolidated Schedule of Investments / Tear Sheet,coherus_cap_structure.csv,10-Q,SOI,https://www.sec.gov/Archives/edgar/data/1379785/000137978526000022/R7.htm,
"Coherus Oncology, Inc.",CHRS,Reported,BBDC Position,BBDC Position - Royalty Rights,Maturity / termination,,2026-03-31,No stated maturity (terminates at 2.25x cap),text,Reported,Obligation ends when the Purchaser Group receives 2.25x the purchase price for LOQTORZI,Coherus FY2025 10-K,coherus_cap_structure.csv,10-K,Note 8 — Revenue Purchase & Sale Agreement,https://www.sec.gov/Archives/edgar/data/1512762/000110465926025308/chrs-20251231x10k.htm,
"Coherus Oncology, Inc.",CHRS,Reported,BBDC Position,BBDC Position - Total,Original cost (combined loan + royalty),Q1 2026,2026-03-31,5172,USD thousands,Reported,Amortized cost of BBDC's combined Coherus position per BBDC Tear Sheet,Barings BDC Q1 2026 10-Q — Consolidated Schedule of Investments / Tear Sheet,coherus_cap_structure.csv,10-Q,SOI — Coherus (combined),https://www.sec.gov/Archives/edgar/data/1379785/000137978526000022/R7.htm,
"Coherus Oncology, Inc.",CHRS,Reported,BBDC Position,BBDC Position - Total,Current fair value (combined loan + royalty) = total BBDC exposure,Q1 2026,2026-03-31,5429,USD thousands,Reported,Combined fair value per BBDC Tear Sheet; total BBDC exposure to Coherus,Barings BDC Q1 2026 10-Q — Consolidated Schedule of Investments / Tear Sheet,coherus_cap_structure.csv,10-Q,SOI — Coherus (combined),https://www.sec.gov/Archives/edgar/data/1379785/000137978526000022/R7.htm,
"Coherus Oncology, Inc.",CHRS,Reported,BBDC Position,BBDC Position - Total,Fair value as % of cost (combined),Q1 2026,2026-03-31,105.0,percent,Calculated,"5,429 / 5,172; marked ~5% above cost",Orion Analysis,coherus_cap_structure.csv,10-Q,derived,https://www.sec.gov/Archives/edgar/data/1379785/000137978526000022/R7.htm,
"Coherus Oncology, Inc.",CHRS,Reported,BBDC Position,BBDC Position - Total,Unrealized gain / (loss) (combined),Q1 2026,2026-03-31,257,USD thousands,Calculated,"5,429 FV - 5,172 cost = +257 unrealized gain",Orion Analysis,coherus_cap_structure.csv,10-Q,derived,https://www.sec.gov/Archives/edgar/data/1379785/000137978526000022/R7.htm,
"Coherus Oncology, Inc.",CHRS,Reported,BBDC Position,BBDC Position - Total,Quarter-over-quarter fair-value change (combined),Q4 2025 -> Q1 2026,2026-03-31,Information Unavailable,USD thousands,Reported,BBDC's 12/31/2025 mark for the Coherus line not separately extracted from the prior SOI,Barings BDC Q1 2026 10-Q — Consolidated Schedule of Investments / Tear Sheet,coherus_cap_structure.csv,10-Q,SOI,https://www.sec.gov/Archives/edgar/data/1379785/000137978526000022/R7.htm,Requires BBDC 2025 10-K SOI Coherus line to compute; not verified here.
"Coherus Oncology, Inc.",CHRS,Reported,BBDC Position,BBDC Position - Total,BBDC position as % of BBDC total investment portfolio,Q1 2026,2026-03-31,0.23,percent,Reported,Coherus combined position / BBDC total portfolio fair value per Tear Sheet,Barings BDC Q1 2026 10-Q — Consolidated Schedule of Investments / Tear Sheet,coherus_cap_structure.csv,10-Q,SOI / Tear Sheet,https://www.sec.gov/Archives/edgar/data/1379785/000137978526000022/R7.htm,Immaterial to BBDC at the portfolio level.
"Coherus Oncology, Inc.",CHRS,Reported,BBDC Position,BBDC Position - Total,BBDC par as % of total 2029 Term Loan facility,Q1 2026,2026-03-31,10.3,percent,Calculated,"3,991 BBDC par / 38,660 total facility principal",Orion Analysis,coherus_cap_structure.csv,10-Q,derived,https://www.sec.gov/Archives/edgar/data/1379785/000137978526000022/R7.htm,
"Coherus Oncology, Inc.",CHRS,Reported,BBDC Position,BBDC Position - Total,Valuation methodology disclosed by BBDC,Q1 2026,2026-03-31,"Level 3 fair value, determined in good faith by BBDC's Board (valuation designee) per ASC 820; income/yield approach for the loan with independent third-party valuation review",text,Reported,Standard BDC fair-value policy disclosed in BBDC's 10-Q fair-value footnote; specific Coherus-line inputs are not individually published,Barings BDC Q1 2026 10-Q — Fair Value note,coherus_cap_structure.csv,10-Q,Notes — Fair Value Measurements,https://www.sec.gov/Archives/edgar/data/1379785/000137978526000022/R7.htm,Line-item valuation inputs for the Coherus position were not individually extracted.
"Coherus Oncology, Inc.",CHRS,Reported,Company Valuation,Market Valuation,Share price (close),,2026-07-17,1.40,USD per share,Market Data,NASDAQ close 2026-07-17 (last trading day before 2026-07-20); prior close 1.38,Google Finance (CHRS:NASDAQ close),,Market quote,CHRS quote,https://www.google.com/finance/beta/quote/CHRS:NASDAQ,Every market value below is priced as of this date.
"Coherus Oncology, Inc.",CHRS,Reported,Company Valuation,Market Valuation,Shares outstanding,,2026-04-30,154249900,shares,Reported,Common shares outstanding per Q1 2026 10-Q cover page (as of 2026-04-30),Coherus Q1 2026 10-Q,,10-Q,Cover page,https://www.sec.gov/Archives/edgar/data/1512762/000110465926058703/chrs-20260331x10q.htm,Used as the diluted share base for market cap; options largely out-of-the-money at $1.40.
"Coherus Oncology, Inc.",CHRS,Reported,Company Valuation,Market Valuation,Weighted-average diluted shares (Q1 2026 EPS),Q1 2026,2026-03-31,136398303,shares,Reported,Weighted-avg shares in Q1 2026 net loss per share (basic = diluted given net loss),Coherus Q1 2026 10-Q,,10-Q,Net loss per share,https://www.sec.gov/Archives/edgar/data/1512762/000110465926058703/chrs-20260331x10q.htm,
"Coherus Oncology, Inc.",CHRS,Reported,Company Valuation,Market Valuation,Equity market capitalization,,2026-07-17,215950,USD thousands,Market Data,"154,249,900 shares x $1.40 close",Google Finance (CHRS:NASDAQ close),,Market quote,derived,https://www.google.com/finance/beta/quote/CHRS:NASDAQ,
"Coherus Oncology, Inc.",CHRS,Reported,Company Valuation,Balance Sheet,Cash and marketable securities,Q1 2026,2026-03-31,167048,USD thousands,Reported,"Cash & equivalents 115,152 + marketable securities; per Q1 2026 balance sheet",Coherus Q1 2026 10-Q,coherus_cap_structure.csv,10-Q,Balance Sheet; Capital Structure Summary,https://www.sec.gov/Archives/edgar/data/1512762/000110465926058703/chrs-20260331x10q.htm,MATERIAL FLAG: ~$61.6M may be restricted TSA pass-through (not covenant-qualifying unrestricted cash).
"Coherus Oncology, Inc.",CHRS,Reported,Company Valuation,Balance Sheet,Total funded debt (principal),Q1 2026,2026-03-31,38660,USD thousands,Reported,"2029 Term Loan principal $38,660K; $121K convertible stub repaid April 2026 (funded debt incl. stub was 38,781)",Coherus Q1 2026 10-Q,coherus_cap_structure.csv,10-Q,Note 8; Capital Structure Summary,https://www.sec.gov/Archives/edgar/data/1512762/000110465926058703/chrs-20260331x10q.htm,
"Coherus Oncology, Inc.",CHRS,Reported,Company Valuation,Balance Sheet,"Other financial liabilities (revenue-participation, net)",Q1 2026,2026-03-31,14372,USD thousands,Reported,"Net carrying value of the LOQTORZI revenue-participation liability (gross 16,698 less unamortized discount 2,326)",Coherus Q1 2026 10-Q,coherus_cap_structure.csv,10-Q,Note 8,https://www.sec.gov/Archives/edgar/data/1512762/000110465926058703/chrs-20260331x10q.htm,"Total reported financial liabilities = 51,640 (term loan 37,147 net + RPR 14,372 + stub)."
"Coherus Oncology, Inc.",CHRS,Reported,Company Valuation,Balance Sheet,Net debt / (net cash) — funded basis,Q1 2026,2026-03-31,-128267,USD thousands,Calculated,"Funded debt 38,781 - cash & mkt securities 167,048 = net cash 128,267",Orion Analysis,coherus_cap_structure.csv,10-Q,derived,https://www.sec.gov/Archives/edgar/data/1512762/000110465926058703/chrs-20260331x10q.htm,"Negative = net cash. Incl. RPR net carrying, net cash = 115,408."
"Coherus Oncology, Inc.",CHRS,Reported,Company Valuation,Enterprise Value,Enterprise value (funded net-debt basis),,2026-07-17,87683,USD thousands,Calculated,"Market cap 215,950 + funded net debt (-128,267)",Orion Analysis,,derived,derived,https://www.google.com/finance/beta/quote/CHRS:NASDAQ,"Priced 2026-07-17. Including RPR net carrying, EV ~= 100,542."
"Coherus Oncology, Inc.",CHRS,Reported,Company Valuation,Revenue,Total net revenue (continuing operations),FY2024,2024-12-31,26389,USD thousands,Reported,As reported,Coherus FY2025 10-K,coherus_financials.csv,10-K,MD&A — Results of Operations,https://www.sec.gov/Archives/edgar/data/1512762/000110465926025308/chrs-20251231x10k.htm,
"Coherus Oncology, Inc.",CHRS,Reported,Company Valuation,Revenue,Total net revenue (continuing operations),FY2025,2025-12-31,42172,USD thousands,Reported,As reported,Coherus FY2025 10-K,coherus_financials.csv,10-K,MD&A — Results of Operations,https://www.sec.gov/Archives/edgar/data/1512762/000110465926025308/chrs-20251231x10k.htm,"Continuing operations; LOQTORZI $40,836K + other."
"Coherus Oncology, Inc.",CHRS,Reported,Company Valuation,Revenue,Total net revenue (continuing operations),Q1 2026,2026-03-31,12310,USD thousands,Reported,As reported,Coherus Q1 2026 10-Q,coherus_financials.csv,10-Q,MD&A — Results of Operations,https://www.sec.gov/Archives/edgar/data/1512762/000110465926058703/chrs-20260331x10q.htm,"LOQTORZI $11,803K + other $507K."
"Coherus Oncology, Inc.",CHRS,Reported,Company Valuation,Revenue,Total net revenue (continuing operations),LTM Q1 2026,2026-03-31,47000,USD thousands,Calculated,See note,Coherus Q1 2026 10-Q,coherus_financials.csv,10-Q,MD&A — Results of Operations,https://www.sec.gov/Archives/edgar/data/1512762/000110465926058703/chrs-20260331x10q.htm,"Approx = FY2025 42,172 - Q1'25 ~7,500 + Q1'26 12,310."
"Coherus Oncology, Inc.",CHRS,Reported,Company Valuation,Revenue,LOQTORZI net product revenue,FY2025,2025-12-31,40836,USD thousands,Reported,"Sole commercial product; +113% vs FY2024 $19,131K",Coherus FY2025 10-K,coherus_financials.csv,10-K,MD&A,https://www.sec.gov/Archives/edgar/data/1512762/000110465926025308/chrs-20251231x10k.htm,
"Coherus Oncology, Inc.",CHRS,Reported,Company Valuation,Valuation Multiple,EV / FY2025 revenue (continuing),,2026-07-17,2.08,x,Calculated,"EV 87,683 / FY2025 rev 42,172",Orion Analysis,,derived,derived,https://www.google.com/finance/beta/quote/CHRS:NASDAQ,Priced 2026-07-17.
"Coherus Oncology, Inc.",CHRS,Reported,Company Valuation,Valuation Multiple,EV / LTM revenue,,2026-07-17,1.87,x,Calculated,"EV 87,683 / LTM 47,000",Orion Analysis,,derived,derived,https://www.google.com/finance/beta/quote/CHRS:NASDAQ,Priced 2026-07-17.
"Coherus Oncology, Inc.",CHRS,Reported,Company Valuation,Valuation Multiple,EV / FY2026E revenue (Base),,2026-07-17,1.62,x,Calculated,"EV 87,683 / Base FY2026 total rev 54,135",Orion Analysis,,derived,derived,https://www.google.com/finance/beta/quote/CHRS:NASDAQ,Priced 2026-07-17.
"Coherus Oncology, Inc.",CHRS,Reported,Company Valuation,Valuation Multiple,Market cap / FY2025 revenue,,2026-07-17,5.12,x,Calculated,"Mkt cap 215,950 / FY2025 rev 42,172",Orion Analysis,,derived,derived,https://www.google.com/finance/beta/quote/CHRS:NASDAQ,Priced 2026-07-17.
"Coherus Oncology, Inc.",CHRS,Reported,Company Valuation,Valuation Multiple,Market cap / LTM revenue,,2026-07-17,4.59,x,Calculated,"Mkt cap 215,950 / LTM 47,000",Orion Analysis,,derived,derived,https://www.google.com/finance/beta/quote/CHRS:NASDAQ,Priced 2026-07-17.
"Coherus Oncology, Inc.",CHRS,Reported,Company Valuation,Revenue,Management revenue outlook (qualitative),FY2026,2026-03-09,2026 net revenue expected higher than 2025,text,Reported,Company guidance is directional only; no numeric revenue guidance issued,Coherus FY2025 10-K,coherus_industry.csv,10-K,MD&A,https://www.sec.gov/Archives/edgar/data/1512762/000110465926025308/chrs-20251231x10k.htm,"Numeric FY2026-29 revenue figures below are Orion scenarios, NOT company guidance."
"Coherus Oncology, Inc.",CHRS,Base,Scenario Valuation,Scenario Revenue,Projected total net revenue (FY2029),FY2029,2029-12-31,88500,USD thousands,Orion Valuation,"Patient-based build (2,000 eligible RM-NPC x penetration x net rev/patient)",Orion Analysis,coherus_projections.csv,Orion model,scenario build,https://www.sec.gov/Archives/edgar/data/1512762/000110465926025308/chrs-20251231x10k.htm,NOT company guidance.
"Coherus Oncology, Inc.",CHRS,Base,Scenario Valuation,Scenario Multiple,Valuation multiple (EV/revenue),FY2029,2029-12-31,2.0,x,Orion Assumption,"~2.0x EV/rev, in line with small commercial-oncology peer median (~2.3x)",Orion Analysis,coherus_projections.csv,Orion model,scenario build,https://www.sec.gov/Archives/edgar/data/1512762/000110465926025308/chrs-20251231x10k.htm,
"Coherus Oncology, Inc.",CHRS,Base,Scenario Valuation,Scenario Valuation,Implied enterprise value,FY2029,2029-12-31,177000,USD thousands,Orion Valuation,88500 rev x 2.0x,Orion Analysis,coherus_projections.csv,Orion model,scenario build,https://www.sec.gov/Archives/edgar/data/1512762/000110465926025308/chrs-20251231x10k.htm,
"Coherus Oncology, Inc.",CHRS,Base,Scenario Valuation,Scenario Valuation,Implied equity value,FY2029,2029-12-31,151916,USD thousands,Orion Valuation,EV 177000 - FY2029 net debt 25084,Orion Analysis,coherus_projections.csv,Orion model,scenario build,https://www.sec.gov/Archives/edgar/data/1512762/000110465926025308/chrs-20251231x10k.htm,
"Coherus Oncology, Inc.",CHRS,Base,Scenario Valuation,Scenario Valuation,Implied share price,FY2029,2029-12-31,0.59,USD per share,Orion Valuation,Implied equity / ~257M diluted shares. Share assumption: 154.25M current + ~103M new from ~$154M ATM at ~$1.50 avg,Orion Analysis,coherus_projections.csv,Orion model,scenario build,https://www.sec.gov/Archives/edgar/data/1512762/000110465926025308/chrs-20251231x10k.htm,"Reflects heavy assumed dilution; illustrative, NOT a price target."
"Coherus Oncology, Inc.",CHRS,Base,Scenario Valuation,Scenario Liquidity,Cash available at maturity (May 2029),FY2029,2029-05-08,61362,USD thousands,Orion Valuation,Year-end 2029 modeled cash & marketable securities (after modeled financing),Orion Analysis,coherus_projections.csv,Orion model,scenario build,https://www.sec.gov/Archives/edgar/data/1512762/000110465926025308/chrs-20251231x10k.htm,Base/Upside assume continued ATM/equity access.
"Coherus Oncology, Inc.",CHRS,Base,Scenario Valuation,Scenario Debt,Debt outstanding at maturity,FY2029,2029-05-08,38660,USD thousands,Reported,2029 Term Loan principal (interest-only bullet); unchanged since origination,Orion Analysis,coherus_projections.csv,Orion model,scenario build,https://www.sec.gov/Archives/edgar/data/1512762/000110465926025308/chrs-20251231x10k.htm,
"Coherus Oncology, Inc.",CHRS,Base,Scenario Valuation,Scenario Refinancing,Refinancing capacity / requirement,FY2029,2029-05-08,0,USD thousands,Orion Valuation,0 = repayable from cash; refinancing optional,Orion Analysis,coherus_projections.csv,Orion model,scenario build,https://www.sec.gov/Archives/edgar/data/1512762/000110465926025308/chrs-20251231x10k.htm,
"Coherus Oncology, Inc.",CHRS,Base,Scenario Valuation,Scenario Recovery,Estimated repayment amount (total facility),FY2029,2029-05-08,38660,USD thousands,Orion Valuation,Repaid in full from liquidity,Orion Analysis,coherus_projections.csv,Orion model,scenario build,https://www.sec.gov/Archives/edgar/data/1512762/000110465926025308/chrs-20251231x10k.htm,"TOTAL facility, not BBDC's share."
"Coherus Oncology, Inc.",CHRS,Base,Scenario Valuation,Scenario Recovery,Estimated recovery (total facility),FY2029,2029-05-08,100,percent,Orion Valuation,Full repayment,Orion Analysis,coherus_projections.csv,Orion model,scenario build,https://www.sec.gov/Archives/edgar/data/1512762/000110465926025308/chrs-20251231x10k.htm,
"Coherus Oncology, Inc.",CHRS,Base,Scenario Valuation,Scenario Recovery,Estimated loss given default (LGD),FY2029,2029-05-08,0,percent,Orion Valuation,100% - recovery %,Orion Analysis,coherus_projections.csv,Orion model,scenario build,https://www.sec.gov/Archives/edgar/data/1512762/000110465926025308/chrs-20251231x10k.htm,
"Coherus Oncology, Inc.",CHRS,Base,Scenario Valuation,Scenario - BBDC Position,BBDC loan value,FY2029,2029-05-08,3991,USD thousands,Orion Valuation,"BBDC par 3,991 x 100% recovery",Orion Analysis,coherus_projections.csv,Orion model,scenario build,https://www.sec.gov/Archives/edgar/data/1512762/000110465926025308/chrs-20251231x10k.htm,"BBDC's ~10.3% share only, NOT the full facility."
"Coherus Oncology, Inc.",CHRS,Base,Scenario Valuation,Scenario - BBDC Position,BBDC royalty-rights value,FY2029,2029-05-08,1594,USD thousands,Orion Valuation,"Royalty pays toward 2.25x cap on rising LOQTORZI sales; held near/above est FV 1,594",Orion Analysis,coherus_projections.csv,Orion model,scenario build,https://www.sec.gov/Archives/edgar/data/1512762/000110465926025308/chrs-20251231x10k.htm,Estimate; BBDC discloses loan+royalty combined.
"Coherus Oncology, Inc.",CHRS,Base,Scenario Valuation,Scenario - BBDC Position,Total BBDC position value,FY2029,2029-05-08,5585,USD thousands,Orion Valuation,BBDC loan 3991 + royalty 1594,Orion Analysis,coherus_projections.csv,Orion model,scenario build,https://www.sec.gov/Archives/edgar/data/1512762/000110465926025308/chrs-20251231x10k.htm,"Compare to reported combined FV 5,429 at 3/31/2026."
"Coherus Oncology, Inc.",CHRS,Base,Scenario Valuation,Scenario Assumption,Cumulative external capital required (2026-2029),2026-2029,2029-05-08,154000,USD thousands,Orion Assumption,Equity/ATM (+earnouts) needed to sustain liquidity through maturity,Orion Analysis,coherus_projections.csv,Orion model,scenario build,https://www.sec.gov/Archives/edgar/data/1512762/000110465926025308/chrs-20251231x10k.htm,"Survival is capital-access dependent, not maturity-driven."
"Coherus Oncology, Inc.",CHRS,Upside,Scenario Valuation,Scenario Revenue,Projected total net revenue (FY2029),FY2029,2029-12-31,126900,USD thousands,Orion Valuation,"Patient-based build (2,000 eligible RM-NPC x penetration x net rev/patient)",Orion Analysis,coherus_projections.csv,Orion model,scenario build,https://www.sec.gov/Archives/edgar/data/1512762/000110465926025308/chrs-20251231x10k.htm,NOT company guidance.
"Coherus Oncology, Inc.",CHRS,Upside,Scenario Valuation,Scenario Multiple,Valuation multiple (EV/revenue),FY2029,2029-12-31,2.75,x,Orion Assumption,"~2.75x EV/rev, toward Immunocore given faster scaling/growth",Orion Analysis,coherus_projections.csv,Orion model,scenario build,https://www.sec.gov/Archives/edgar/data/1512762/000110465926025308/chrs-20251231x10k.htm,
"Coherus Oncology, Inc.",CHRS,Upside,Scenario Valuation,Scenario Valuation,Implied enterprise value,FY2029,2029-12-31,348975,USD thousands,Orion Valuation,126900 rev x 2.75x,Orion Analysis,coherus_projections.csv,Orion model,scenario build,https://www.sec.gov/Archives/edgar/data/1512762/000110465926025308/chrs-20251231x10k.htm,
"Coherus Oncology, Inc.",CHRS,Upside,Scenario Valuation,Scenario Valuation,Implied equity value,FY2029,2029-12-31,334341,USD thousands,Orion Valuation,EV 348975 - FY2029 net debt 14634,Orion Analysis,coherus_projections.csv,Orion model,scenario build,https://www.sec.gov/Archives/edgar/data/1512762/000110465926025308/chrs-20251231x10k.htm,
"Coherus Oncology, Inc.",CHRS,Upside,Scenario Valuation,Scenario Valuation,Implied share price,FY2029,2029-12-31,1.54,USD per share,Orion Valuation,Implied equity / ~217M diluted shares. Share assumption: 154.25M + ~63M new from ~$125M equity/earnouts at ~$2.00 avg,Orion Analysis,coherus_projections.csv,Orion model,scenario build,https://www.sec.gov/Archives/edgar/data/1512762/000110465926025308/chrs-20251231x10k.htm,"Reflects heavy assumed dilution; illustrative, NOT a price target."
"Coherus Oncology, Inc.",CHRS,Upside,Scenario Valuation,Scenario Liquidity,Cash available at maturity (May 2029),FY2029,2029-05-08,57248,USD thousands,Orion Valuation,Year-end 2029 modeled cash & marketable securities (after modeled financing),Orion Analysis,coherus_projections.csv,Orion model,scenario build,https://www.sec.gov/Archives/edgar/data/1512762/000110465926025308/chrs-20251231x10k.htm,Base/Upside assume continued ATM/equity access.
"Coherus Oncology, Inc.",CHRS,Upside,Scenario Valuation,Scenario Debt,Debt outstanding at maturity,FY2029,2029-05-08,38660,USD thousands,Reported,2029 Term Loan principal (interest-only bullet); unchanged since origination,Orion Analysis,coherus_projections.csv,Orion model,scenario build,https://www.sec.gov/Archives/edgar/data/1512762/000110465926025308/chrs-20251231x10k.htm,
"Coherus Oncology, Inc.",CHRS,Upside,Scenario Valuation,Scenario Refinancing,Refinancing capacity / requirement,FY2029,2029-05-08,0,USD thousands,Orion Valuation,0 = repayable from cash; refinancing optional,Orion Analysis,coherus_projections.csv,Orion model,scenario build,https://www.sec.gov/Archives/edgar/data/1512762/000110465926025308/chrs-20251231x10k.htm,
"Coherus Oncology, Inc.",CHRS,Upside,Scenario Valuation,Scenario Recovery,Estimated repayment amount (total facility),FY2029,2029-05-08,38660,USD thousands,Orion Valuation,Repaid in full from liquidity,Orion Analysis,coherus_projections.csv,Orion model,scenario build,https://www.sec.gov/Archives/edgar/data/1512762/000110465926025308/chrs-20251231x10k.htm,"TOTAL facility, not BBDC's share."
"Coherus Oncology, Inc.",CHRS,Upside,Scenario Valuation,Scenario Recovery,Estimated recovery (total facility),FY2029,2029-05-08,100,percent,Orion Valuation,Full repayment,Orion Analysis,coherus_projections.csv,Orion model,scenario build,https://www.sec.gov/Archives/edgar/data/1512762/000110465926025308/chrs-20251231x10k.htm,
"Coherus Oncology, Inc.",CHRS,Upside,Scenario Valuation,Scenario Recovery,Estimated loss given default (LGD),FY2029,2029-05-08,0,percent,Orion Valuation,100% - recovery %,Orion Analysis,coherus_projections.csv,Orion model,scenario build,https://www.sec.gov/Archives/edgar/data/1512762/000110465926025308/chrs-20251231x10k.htm,
"Coherus Oncology, Inc.",CHRS,Upside,Scenario Valuation,Scenario - BBDC Position,BBDC loan value,FY2029,2029-05-08,3991,USD thousands,Orion Valuation,"BBDC par 3,991 x 100% recovery",Orion Analysis,coherus_projections.csv,Orion model,scenario build,https://www.sec.gov/Archives/edgar/data/1512762/000110465926025308/chrs-20251231x10k.htm,"BBDC's ~10.3% share only, NOT the full facility."
"Coherus Oncology, Inc.",CHRS,Upside,Scenario Valuation,Scenario - BBDC Position,BBDC royalty-rights value,FY2029,2029-05-08,1700,USD thousands,Orion Valuation,"Royalty pays toward 2.25x cap on rising LOQTORZI sales; held near/above est FV 1,594",Orion Analysis,coherus_projections.csv,Orion model,scenario build,https://www.sec.gov/Archives/edgar/data/1512762/000110465926025308/chrs-20251231x10k.htm,Estimate; BBDC discloses loan+royalty combined.
"Coherus Oncology, Inc.",CHRS,Upside,Scenario Valuation,Scenario - BBDC Position,Total BBDC position value,FY2029,2029-05-08,5691,USD thousands,Orion Valuation,BBDC loan 3991 + royalty 1700,Orion Analysis,coherus_projections.csv,Orion model,scenario build,https://www.sec.gov/Archives/edgar/data/1512762/000110465926025308/chrs-20251231x10k.htm,"Compare to reported combined FV 5,429 at 3/31/2026."
"Coherus Oncology, Inc.",CHRS,Upside,Scenario Valuation,Scenario Assumption,Cumulative external capital required (2026-2029),2026-2029,2029-05-08,125000,USD thousands,Orion Assumption,Equity/ATM (+earnouts) needed to sustain liquidity through maturity,Orion Analysis,coherus_projections.csv,Orion model,scenario build,https://www.sec.gov/Archives/edgar/data/1512762/000110465926025308/chrs-20251231x10k.htm,"Survival is capital-access dependent, not maturity-driven."
"Coherus Oncology, Inc.",CHRS,Downside,Scenario Valuation,Scenario Revenue,Projected total net revenue (FY2029),FY2029,2029-12-31,30900,USD thousands,Orion Valuation,"Patient-based build (2,000 eligible RM-NPC x penetration x net rev/patient)",Orion Analysis,coherus_projections.csv,Orion model,scenario build,https://www.sec.gov/Archives/edgar/data/1512762/000110465926025308/chrs-20251231x10k.htm,NOT company guidance.
"Coherus Oncology, Inc.",CHRS,Downside,Scenario Valuation,Scenario Multiple,Valuation multiple (EV/revenue),FY2029,2029-12-31,1.0,x,Orion Assumption,~1.0x distressed EV/rev on declining single-product revenue,Orion Analysis,coherus_projections.csv,Orion model,scenario build,https://www.sec.gov/Archives/edgar/data/1512762/000110465926025308/chrs-20251231x10k.htm,
"Coherus Oncology, Inc.",CHRS,Downside,Scenario Valuation,Scenario Valuation,Implied enterprise value,FY2029,2029-12-31,30900,USD thousands,Orion Valuation,30900 rev x 1.0x,Orion Analysis,coherus_projections.csv,Orion model,scenario build,https://www.sec.gov/Archives/edgar/data/1512762/000110465926025308/chrs-20251231x10k.htm,
"Coherus Oncology, Inc.",CHRS,Downside,Scenario Valuation,Scenario Valuation,Implied equity value,FY2029,2029-12-31,0,USD thousands,Orion Valuation,EV 30900 - FY2029 net debt 292099,Orion Analysis,coherus_projections.csv,Orion model,scenario build,https://www.sec.gov/Archives/edgar/data/1512762/000110465926025308/chrs-20251231x10k.htm,Implied equity negative -> equity value floored at 0 (restructuring)
"Coherus Oncology, Inc.",CHRS,Downside,Scenario Valuation,Scenario Valuation,Implied share price,FY2029,2029-12-31,0.00,USD per share,Orion Valuation,Implied equity / ~300M diluted shares. Share assumption: Heavy dilution/restructuring; equity substantially impaired,Orion Analysis,coherus_projections.csv,Orion model,scenario build,https://www.sec.gov/Archives/edgar/data/1512762/000110465926025308/chrs-20251231x10k.htm,"Reflects heavy assumed dilution; illustrative, NOT a price target."
"Coherus Oncology, Inc.",CHRS,Downside,Scenario Valuation,Scenario Liquidity,Cash available at maturity (May 2029),FY2029,2029-05-08,-168779,USD thousands,Orion Valuation,Year-end 2029 modeled cash & marketable securities (after modeled financing),Orion Analysis,coherus_projections.csv,Orion model,scenario build,https://www.sec.gov/Archives/edgar/data/1512762/000110465926025308/chrs-20251231x10k.htm,Negative = liquidity exhausted; capital markets assumed shut.
"Coherus Oncology, Inc.",CHRS,Downside,Scenario Valuation,Scenario Debt,Debt outstanding at maturity,FY2029,2029-05-08,38660,USD thousands,Reported,2029 Term Loan principal (interest-only bullet); unchanged since origination,Orion Analysis,coherus_projections.csv,Orion model,scenario build,https://www.sec.gov/Archives/edgar/data/1512762/000110465926025308/chrs-20251231x10k.htm,
"Coherus Oncology, Inc.",CHRS,Downside,Scenario Valuation,Scenario Refinancing,Refinancing capacity / requirement,FY2029,2029-05-08,38660,USD thousands,Orion Valuation,"Full 38,660 must be refinanced/restructured; capital access assumed impaired",Orion Analysis,coherus_projections.csv,Orion model,scenario build,https://www.sec.gov/Archives/edgar/data/1512762/000110465926025308/chrs-20251231x10k.htm,
"Coherus Oncology, Inc.",CHRS,Downside,Scenario Valuation,Scenario Recovery,Estimated repayment amount (total facility),FY2029,2029-05-08,22423,USD thousands,Orion Valuation,"38,660 x 58% blended recovery (see Recovery Analysis)",Orion Analysis,coherus_projections.csv,Orion model,scenario build,https://www.sec.gov/Archives/edgar/data/1512762/000110465926025308/chrs-20251231x10k.htm,"TOTAL facility, not BBDC's share."
"Coherus Oncology, Inc.",CHRS,Downside,Scenario Valuation,Scenario Recovery,Estimated recovery (total facility),FY2029,2029-05-08,58,percent,Orion Valuation,Blended midpoint of distressed going-concern and liquidation cases,Orion Analysis,coherus_projections.csv,Orion model,scenario build,https://www.sec.gov/Archives/edgar/data/1512762/000110465926025308/chrs-20251231x10k.htm,
"Coherus Oncology, Inc.",CHRS,Downside,Scenario Valuation,Scenario Recovery,Estimated loss given default (LGD),FY2029,2029-05-08,42,percent,Orion Valuation,100% - recovery %,Orion Analysis,coherus_projections.csv,Orion model,scenario build,https://www.sec.gov/Archives/edgar/data/1512762/000110465926025308/chrs-20251231x10k.htm,
"Coherus Oncology, Inc.",CHRS,Downside,Scenario Valuation,Scenario - BBDC Position,BBDC loan value,FY2029,2029-05-08,2315,USD thousands,Orion Valuation,"BBDC par 3,991 x 58% recovery",Orion Analysis,coherus_projections.csv,Orion model,scenario build,https://www.sec.gov/Archives/edgar/data/1512762/000110465926025308/chrs-20251231x10k.htm,"BBDC's ~10.3% share only, NOT the full facility."
"Coherus Oncology, Inc.",CHRS,Downside,Scenario Valuation,Scenario - BBDC Position,BBDC royalty-rights value,FY2029,2029-05-08,900,USD thousands,Orion Valuation,Declining LOQTORZI sales slow payout; est FV impaired ~900,Orion Analysis,coherus_projections.csv,Orion model,scenario build,https://www.sec.gov/Archives/edgar/data/1512762/000110465926025308/chrs-20251231x10k.htm,Estimate; BBDC discloses loan+royalty combined.
"Coherus Oncology, Inc.",CHRS,Downside,Scenario Valuation,Scenario - BBDC Position,Total BBDC position value,FY2029,2029-05-08,3215,USD thousands,Orion Valuation,BBDC loan 2315 + royalty 900,Orion Analysis,coherus_projections.csv,Orion model,scenario build,https://www.sec.gov/Archives/edgar/data/1512762/000110465926025308/chrs-20251231x10k.htm,"Compare to reported combined FV 5,429 at 3/31/2026."
"Coherus Oncology, Inc.",CHRS,Downside,Scenario Valuation,Scenario Assumption,Cumulative external capital required (2026-2029),2026-2029,2029-05-08,222439,USD thousands,Orion Assumption,Equity/ATM (+earnouts) needed to sustain liquidity through maturity,Orion Analysis,coherus_projections.csv,Orion model,scenario build,https://www.sec.gov/Archives/edgar/data/1512762/000110465926025308/chrs-20251231x10k.htm,"Survival is capital-access dependent, not maturity-driven."
"Coherus Oncology, Inc.",CHRS,Base,Scenario Valuation,Scenario Covenant,Projected minimum-liquidity covenant breach date,2026-2029,2029-05-08,None under modeled financing; ~Q4 2027 absent further equity/ATM,date,Orion Valuation,$15M minimum-liquidity covenant (unrestricted cash in Collateral Accounts) is the only financial covenant,Orion Analysis,coherus_projections.csv,Orion model,Liquidity build,https://www.sec.gov/Archives/edgar/data/1512762/000110465926025308/chrs-20251231x10k.htm,
"Coherus Oncology, Inc.",CHRS,Upside,Scenario Valuation,Scenario Covenant,Projected minimum-liquidity covenant breach date,2026-2029,2029-05-08,None; comfortably funded,date,Orion Valuation,$15M minimum-liquidity covenant (unrestricted cash in Collateral Accounts) is the only financial covenant,Orion Analysis,coherus_projections.csv,Orion model,Liquidity build,https://www.sec.gov/Archives/edgar/data/1512762/000110465926025308/chrs-20251231x10k.htm,
"Coherus Oncology, Inc.",CHRS,Downside,Scenario Valuation,Scenario Covenant,Projected minimum-liquidity covenant breach date,2026-2029,2029-05-08,~Q3 2027 (qualifying cash < $15M covenant),date,Orion Valuation,$15M minimum-liquidity covenant (unrestricted cash in Collateral Accounts) is the only financial covenant,Orion Analysis,coherus_projections.csv,Orion model,Liquidity build,https://www.sec.gov/Archives/edgar/data/1512762/000110465926025308/chrs-20251231x10k.htm,Breach precedes 2029 maturity by ~18 months.
"Coherus Oncology, Inc.",CHRS,Base,Recovery - Going Concern,Recovery Analysis,[Going Concern (solvent repayment)] Going-concern enterprise value,at default/maturity,2029-05-08,177000,USD thousands,Orion Valuation,Distressed franchise EV (LOQTORZI license/BLA),Orion Analysis,coherus_projections.csv,Orion model,,https://www.sec.gov/Archives/edgar/data/1512762/000110465926025308/chrs-20251231x10k.htm,"Base/Upside: net-cash balance sheet; $38.66M repaid from cash at maturity. Franchise EV (177,000) far exceeds claim."
"Coherus Oncology, Inc.",CHRS,Base,Recovery - Going Concern,Recovery Analysis,[Going Concern (solvent repayment)] Liquidation / distressed-sale value,at default,2029-05-08,Not applicable,USD thousands,Orion Assumption,Going-concern case,Orion Analysis,coherus_projections.csv,Orion model,,https://www.sec.gov/Archives/edgar/data/1512762/000110465926025308/chrs-20251231x10k.htm,
"Coherus Oncology, Inc.",CHRS,Base,Recovery - Going Concern,Recovery Analysis,[Going Concern (solvent repayment)] Cash available,at default/maturity,2029-05-08,61362,USD thousands,Orion Valuation,Modeled cash at maturity,Orion Analysis,coherus_projections.csv,Orion model,,https://www.sec.gov/Archives/edgar/data/1512762/000110465926025308/chrs-20251231x10k.htm,
"Coherus Oncology, Inc.",CHRS,Base,Recovery - Going Concern,Recovery Analysis,[Going Concern (solvent repayment)] Administrative / wind-down costs,at default,2029-05-08,0,USD thousands,Calculated,None (solvent),Orion Analysis,coherus_projections.csv,Orion model,,https://www.sec.gov/Archives/edgar/data/1512762/000110465926025308/chrs-20251231x10k.htm,
"Coherus Oncology, Inc.",CHRS,Base,Recovery - Going Concern,Recovery Analysis,[Going Concern (solvent repayment)] Debt seniority of the term loan,,2029-05-08,First-lien senior secured (most senior),text,Reported,First-priority lien on substantially all assets incl. IP; all key subs are guarantors; 100% equity pledge,Orion Analysis,coherus_projections.csv,Orion model,Loan Agreement Sec.5.12; Intercreditor Agreement,https://www.sec.gov/Archives/edgar/data/1512762/000110465926025308/chrs-20251231x10k.htm,
"Coherus Oncology, Inc.",CHRS,Base,Recovery - Going Concern,Recovery Analysis,[Going Concern (solvent repayment)] Secured claims senior/pari to term loan,,2029-05-08,0,USD thousands,Reported,"None senior on the collateral; per intercreditor the term-loan agent is 'senior agent', the Coduet revenue-participation claim is subordinate on collateral",Orion Analysis,coherus_projections.csv,Orion model,,https://www.sec.gov/Archives/edgar/data/1512762/000110465926025308/chrs-20251231x10k.htm,
"Coherus Oncology, Inc.",CHRS,Base,Recovery - Going Concern,Recovery Analysis,[Going Concern (solvent repayment)] Revenue-participation (RPR) claim,,2029-05-08,16698,USD thousands,Reported,Gross LOQTORZI revenue-participation liability at 3/31/2026; priority on product-revenue cash flows but subordinate to the term loan on collateral (recovers from residual),Orion Analysis,coherus_projections.csv,Orion model,10-K/10-Q Note 8,https://www.sec.gov/Archives/edgar/data/1512762/000110465926025308/chrs-20251231x10k.htm,Junior to the term loan in the asset waterfall.
"Coherus Oncology, Inc.",CHRS,Base,Recovery - Going Concern,Recovery Analysis,[Going Concern (solvent repayment)] Other liabilities,,2029-05-08,Trade payables & accruals (ordinary course),text,Orion Assumption,General unsecured; junior to first-lien term loan on collateral,Orion Analysis,coherus_projections.csv,Orion model,,https://www.sec.gov/Archives/edgar/data/1512762/000110465926025308/chrs-20251231x10k.htm,
"Coherus Oncology, Inc.",CHRS,Base,Recovery - Going Concern,Recovery Analysis,[Going Concern (solvent repayment)] Recovery available to term loan (total facility),,2029-05-08,38660,USD thousands,Orion Valuation,"Distributable value less admin, applied to the $38,660K first-lien claim (capped at claim)",Orion Analysis,coherus_projections.csv,Orion model,,https://www.sec.gov/Archives/edgar/data/1512762/000110465926025308/chrs-20251231x10k.htm,TOTAL facility.
"Coherus Oncology, Inc.",CHRS,Base,Recovery - Going Concern,Recovery Analysis,[Going Concern (solvent repayment)] Recovery percentage (total facility),,2029-05-08,100,percent,Orion Valuation,"38660 / 38,660 claim",Orion Analysis,coherus_projections.csv,Orion model,,https://www.sec.gov/Archives/edgar/data/1512762/000110465926025308/chrs-20251231x10k.htm,
"Coherus Oncology, Inc.",CHRS,Base,Recovery - Going Concern,Recovery Analysis,[Going Concern (solvent repayment)] Implied fair value (per $100 of term-loan par),,2029-05-08,100,cents on the dollar,Orion Valuation,Equals recovery % on a first-lien bullet,Orion Analysis,coherus_projections.csv,Orion model,,https://www.sec.gov/Archives/edgar/data/1512762/000110465926025308/chrs-20251231x10k.htm,
"Coherus Oncology, Inc.",CHRS,Base,Recovery - Going Concern,Recovery Analysis - BBDC,[Going Concern (solvent repayment)] Recovery available to BBDC (loan),,2029-05-08,3991,USD thousands,Orion Valuation,"BBDC par 3,991 x 100% (pari passu within the first-lien facility)",Orion Analysis,coherus_projections.csv,Orion model,,https://www.sec.gov/Archives/edgar/data/1512762/000110465926025308/chrs-20251231x10k.htm,BBDC's ~10.3% share ONLY — distinct from the total facility recovery above.
"Coherus Oncology, Inc.",CHRS,Downside,Recovery - Distressed Going-Concern,Recovery Analysis,[Distressed Going-Concern sale] Going-concern enterprise value,at default/maturity,2029-05-08,28000,USD thousands,Orion Valuation,Distressed franchise EV (LOQTORZI license/BLA),Orion Analysis,coherus_projections.csv,Orion model,,https://www.sec.gov/Archives/edgar/data/1512762/000110465926025308/chrs-20251231x10k.htm,Downside restructuring ~2027-28: franchise sold as going concern at ~0.7x declining revenue; term loan first-lien recovers first.
"Coherus Oncology, Inc.",CHRS,Downside,Recovery - Distressed Going-Concern,Recovery Analysis,[Distressed Going-Concern sale] Liquidation / distressed-sale value,at default,2029-05-08,Not applicable,USD thousands,Orion Assumption,Going-concern case,Orion Analysis,coherus_projections.csv,Orion model,,https://www.sec.gov/Archives/edgar/data/1512762/000110465926025308/chrs-20251231x10k.htm,
"Coherus Oncology, Inc.",CHRS,Downside,Recovery - Distressed Going-Concern,Recovery Analysis,[Distressed Going-Concern sale] Cash available,at default/maturity,2029-05-08,5000,USD thousands,Orion Assumption,Assumed residual cash near covenant floor / burned,Orion Analysis,coherus_projections.csv,Orion model,,https://www.sec.gov/Archives/edgar/data/1512762/000110465926025308/chrs-20251231x10k.htm,
"Coherus Oncology, Inc.",CHRS,Downside,Recovery - Distressed Going-Concern,Recovery Analysis,[Distressed Going-Concern sale] Administrative / wind-down costs,at default,2029-05-08,3000,USD thousands,Orion Assumption,~9% of distributable value,Orion Analysis,coherus_projections.csv,Orion model,,https://www.sec.gov/Archives/edgar/data/1512762/000110465926025308/chrs-20251231x10k.htm,
"Coherus Oncology, Inc.",CHRS,Downside,Recovery - Distressed Going-Concern,Recovery Analysis,[Distressed Going-Concern sale] Debt seniority of the term loan,,2029-05-08,First-lien senior secured (most senior),text,Reported,First-priority lien on substantially all assets incl. IP; all key subs are guarantors; 100% equity pledge,Orion Analysis,coherus_projections.csv,Orion model,Loan Agreement Sec.5.12; Intercreditor Agreement,https://www.sec.gov/Archives/edgar/data/1512762/000110465926025308/chrs-20251231x10k.htm,
"Coherus Oncology, Inc.",CHRS,Downside,Recovery - Distressed Going-Concern,Recovery Analysis,[Distressed Going-Concern sale] Secured claims senior/pari to term loan,,2029-05-08,0,USD thousands,Reported,"None senior on the collateral; per intercreditor the term-loan agent is 'senior agent', the Coduet revenue-participation claim is subordinate on collateral",Orion Analysis,coherus_projections.csv,Orion model,,https://www.sec.gov/Archives/edgar/data/1512762/000110465926025308/chrs-20251231x10k.htm,
"Coherus Oncology, Inc.",CHRS,Downside,Recovery - Distressed Going-Concern,Recovery Analysis,[Distressed Going-Concern sale] Revenue-participation (RPR) claim,,2029-05-08,16698,USD thousands,Reported,Gross LOQTORZI revenue-participation liability at 3/31/2026; priority on product-revenue cash flows but subordinate to the term loan on collateral (recovers from residual),Orion Analysis,coherus_projections.csv,Orion model,10-K/10-Q Note 8,https://www.sec.gov/Archives/edgar/data/1512762/000110465926025308/chrs-20251231x10k.htm,Junior to the term loan in the asset waterfall.
"Coherus Oncology, Inc.",CHRS,Downside,Recovery - Distressed Going-Concern,Recovery Analysis,[Distressed Going-Concern sale] Other liabilities,,2029-05-08,Trade payables & accruals (ordinary course),text,Orion Assumption,General unsecured; junior to first-lien term loan on collateral,Orion Analysis,coherus_projections.csv,Orion model,,https://www.sec.gov/Archives/edgar/data/1512762/000110465926025308/chrs-20251231x10k.htm,
"Coherus Oncology, Inc.",CHRS,Downside,Recovery - Distressed Going-Concern,Recovery Analysis,[Distressed Going-Concern sale] Recovery available to term loan (total facility),,2029-05-08,30000,USD thousands,Orion Valuation,"Distributable value less admin, applied to the $38,660K first-lien claim (capped at claim)",Orion Analysis,coherus_projections.csv,Orion model,,https://www.sec.gov/Archives/edgar/data/1512762/000110465926025308/chrs-20251231x10k.htm,TOTAL facility.
"Coherus Oncology, Inc.",CHRS,Downside,Recovery - Distressed Going-Concern,Recovery Analysis,[Distressed Going-Concern sale] Recovery percentage (total facility),,2029-05-08,78,percent,Orion Valuation,"30000 / 38,660 claim",Orion Analysis,coherus_projections.csv,Orion model,,https://www.sec.gov/Archives/edgar/data/1512762/000110465926025308/chrs-20251231x10k.htm,
"Coherus Oncology, Inc.",CHRS,Downside,Recovery - Distressed Going-Concern,Recovery Analysis,[Distressed Going-Concern sale] Implied fair value (per $100 of term-loan par),,2029-05-08,78,cents on the dollar,Orion Valuation,Equals recovery % on a first-lien bullet,Orion Analysis,coherus_projections.csv,Orion model,,https://www.sec.gov/Archives/edgar/data/1512762/000110465926025308/chrs-20251231x10k.htm,
"Coherus Oncology, Inc.",CHRS,Downside,Recovery - Distressed Going-Concern,Recovery Analysis - BBDC,[Distressed Going-Concern sale] Recovery available to BBDC (loan),,2029-05-08,3113,USD thousands,Orion Valuation,"BBDC par 3,991 x 78% (pari passu within the first-lien facility)",Orion Analysis,coherus_projections.csv,Orion model,,https://www.sec.gov/Archives/edgar/data/1512762/000110465926025308/chrs-20251231x10k.htm,BBDC's ~10.3% share ONLY — distinct from the total facility recovery above.
"Coherus Oncology, Inc.",CHRS,Downside,Recovery - Liquidation,Recovery Analysis,[Liquidation / distressed asset sale] Going-concern enterprise value,at default/maturity,2029-05-08,Not applicable,USD thousands,Orion Assumption,Liquidation case — see liquidation value,Orion Analysis,coherus_projections.csv,Orion model,,https://www.sec.gov/Archives/edgar/data/1512762/000110465926025308/chrs-20251231x10k.htm,"Severe tail: single-product franchise collapses (e.g. China supply loss / penpulimab), IP/license fire-sale + residual cash."
"Coherus Oncology, Inc.",CHRS,Downside,Recovery - Liquidation,Recovery Analysis,[Liquidation / distressed asset sale] Liquidation / distressed-sale value,at default,2029-05-08,18000,USD thousands,Orion Assumption,IP/license fire-sale + residual,Orion Analysis,coherus_projections.csv,Orion model,,https://www.sec.gov/Archives/edgar/data/1512762/000110465926025308/chrs-20251231x10k.htm,
"Coherus Oncology, Inc.",CHRS,Downside,Recovery - Liquidation,Recovery Analysis,[Liquidation / distressed asset sale] Cash available,at default/maturity,2029-05-08,2000,USD thousands,Orion Assumption,Assumed residual cash near covenant floor / burned,Orion Analysis,coherus_projections.csv,Orion model,,https://www.sec.gov/Archives/edgar/data/1512762/000110465926025308/chrs-20251231x10k.htm,
"Coherus Oncology, Inc.",CHRS,Downside,Recovery - Liquidation,Recovery Analysis,[Liquidation / distressed asset sale] Administrative / wind-down costs,at default,2029-05-08,3500,USD thousands,Orion Assumption,~18% of distributable value,Orion Analysis,coherus_projections.csv,Orion model,,https://www.sec.gov/Archives/edgar/data/1512762/000110465926025308/chrs-20251231x10k.htm,
"Coherus Oncology, Inc.",CHRS,Downside,Recovery - Liquidation,Recovery Analysis,[Liquidation / distressed asset sale] Debt seniority of the term loan,,2029-05-08,First-lien senior secured (most senior),text,Reported,First-priority lien on substantially all assets incl. IP; all key subs are guarantors; 100% equity pledge,Orion Analysis,coherus_projections.csv,Orion model,Loan Agreement Sec.5.12; Intercreditor Agreement,https://www.sec.gov/Archives/edgar/data/1512762/000110465926025308/chrs-20251231x10k.htm,
"Coherus Oncology, Inc.",CHRS,Downside,Recovery - Liquidation,Recovery Analysis,[Liquidation / distressed asset sale] Secured claims senior/pari to term loan,,2029-05-08,0,USD thousands,Reported,"None senior on the collateral; per intercreditor the term-loan agent is 'senior agent', the Coduet revenue-participation claim is subordinate on collateral",Orion Analysis,coherus_projections.csv,Orion model,,https://www.sec.gov/Archives/edgar/data/1512762/000110465926025308/chrs-20251231x10k.htm,
"Coherus Oncology, Inc.",CHRS,Downside,Recovery - Liquidation,Recovery Analysis,[Liquidation / distressed asset sale] Revenue-participation (RPR) claim,,2029-05-08,16698,USD thousands,Reported,Gross LOQTORZI revenue-participation liability at 3/31/2026; priority on product-revenue cash flows but subordinate to the term loan on collateral (recovers from residual),Orion Analysis,coherus_projections.csv,Orion model,10-K/10-Q Note 8,https://www.sec.gov/Archives/edgar/data/1512762/000110465926025308/chrs-20251231x10k.htm,Junior to the term loan in the asset waterfall.
"Coherus Oncology, Inc.",CHRS,Downside,Recovery - Liquidation,Recovery Analysis,[Liquidation / distressed asset sale] Other liabilities,,2029-05-08,Trade payables & accruals (ordinary course),text,Orion Assumption,General unsecured; junior to first-lien term loan on collateral,Orion Analysis,coherus_projections.csv,Orion model,,https://www.sec.gov/Archives/edgar/data/1512762/000110465926025308/chrs-20251231x10k.htm,
"Coherus Oncology, Inc.",CHRS,Downside,Recovery - Liquidation,Recovery Analysis,[Liquidation / distressed asset sale] Recovery available to term loan (total facility),,2029-05-08,14500,USD thousands,Orion Valuation,"Distributable value less admin, applied to the $38,660K first-lien claim (capped at claim)",Orion Analysis,coherus_projections.csv,Orion model,,https://www.sec.gov/Archives/edgar/data/1512762/000110465926025308/chrs-20251231x10k.htm,TOTAL facility.
"Coherus Oncology, Inc.",CHRS,Downside,Recovery - Liquidation,Recovery Analysis,[Liquidation / distressed asset sale] Recovery percentage (total facility),,2029-05-08,38,percent,Orion Valuation,"14500 / 38,660 claim",Orion Analysis,coherus_projections.csv,Orion model,,https://www.sec.gov/Archives/edgar/data/1512762/000110465926025308/chrs-20251231x10k.htm,
"Coherus Oncology, Inc.",CHRS,Downside,Recovery - Liquidation,Recovery Analysis,[Liquidation / distressed asset sale] Implied fair value (per $100 of term-loan par),,2029-05-08,38,cents on the dollar,Orion Valuation,Equals recovery % on a first-lien bullet,Orion Analysis,coherus_projections.csv,Orion model,,https://www.sec.gov/Archives/edgar/data/1512762/000110465926025308/chrs-20251231x10k.htm,
"Coherus Oncology, Inc.",CHRS,Downside,Recovery - Liquidation,Recovery Analysis - BBDC,[Liquidation / distressed asset sale] Recovery available to BBDC (loan),,2029-05-08,1517,USD thousands,Orion Valuation,"BBDC par 3,991 x 38% (pari passu within the first-lien facility)",Orion Analysis,coherus_projections.csv,Orion model,,https://www.sec.gov/Archives/edgar/data/1512762/000110465926025308/chrs-20251231x10k.htm,BBDC's ~10.3% share ONLY — distinct from the total facility recovery above.
"Coherus Oncology, Inc.",CHRS,Downside,Recovery Analysis,Recovery Analysis,Term-loan recovery range (distress cases),,2029-05-08,38 to 78 (mid ~58),percent,Orion Valuation,Liquidation ~38% to distressed going-concern ~78%; blended midpoint ~58% used in Downside scenario,Orion Analysis,coherus_projections.csv,Orion model,Recovery synthesis,https://www.sec.gov/Archives/edgar/data/1512762/000110465926025308/chrs-20251231x10k.htm,First-lien position + small $38.66M balance vs collateral supports strong-to-full recovery except in a liquidation tail.
Immunocore Holdings,IMCR,Reported,Comparable Company,Comparable Companies,Primary product,,2026-07-13,KIMMTRAK (tebentafusp) — uveal melanoma,text,Market Data,"Closest strategic analog: single commercial immuno-oncology product for a RARE tumor. Larger, near-breakeven — a scaled version of the CHRS thesis.",stockanalysis.com,,Market data,IMCR overview/statistics,https://stockanalysis.com/stocks/imcr/,
Immunocore Holdings,IMCR,Reported,Comparable Company,Comparable Companies,Development / commercial stage,,2026-07-13,Commercial (single lead IO product),text,Market Data,,stockanalysis.com,,Market data,IMCR overview/statistics,https://stockanalysis.com/stocks/imcr/,
Immunocore Holdings,IMCR,Reported,Comparable Company,Comparable Companies,Market capitalization,,2026-07-13,1630000,USD thousands,Market Data,Priced 2026-07-13,stockanalysis.com,,Market data,IMCR overview/statistics,https://stockanalysis.com/stocks/imcr/,
Immunocore Holdings,IMCR,Reported,Comparable Company,Comparable Companies,Enterprise value,,2026-07-13,1220000,USD thousands,Market Data,Per data provider,stockanalysis.com,,Market data,IMCR overview/statistics,https://stockanalysis.com/stocks/imcr/,
Immunocore Holdings,IMCR,Reported,Comparable Company,Comparable Companies,Latest revenue (TTM),TTM,2026-07-13,412810,USD thousands,Market Data,Trailing-twelve-month revenue,stockanalysis.com,,Market data,IMCR overview/statistics,https://stockanalysis.com/stocks/imcr/,
Immunocore Holdings,IMCR,Reported,Comparable Company,Comparable Companies,Forward revenue,NTM,2026-07-13,Information Unavailable,USD thousands,Market Data,Consensus forward revenue not captured for this peer,stockanalysis.com,,Market data,IMCR overview/statistics,https://stockanalysis.com/stocks/imcr/,
Immunocore Holdings,IMCR,Reported,Comparable Company,Comparable Companies,EV / latest revenue,TTM,2026-07-13,2.96,x,Calculated,EV 1220000 / TTM rev 412810,stockanalysis.com,,Market data,IMCR overview/statistics,https://stockanalysis.com/stocks/imcr/,
Immunocore Holdings,IMCR,Reported,Comparable Company,Comparable Companies,EV / forward revenue,NTM,2026-07-13,Information Unavailable,x,Calculated,Forward revenue not captured,stockanalysis.com,,Market data,IMCR overview/statistics,https://stockanalysis.com/stocks/imcr/,
Immunocore Holdings,IMCR,Reported,Comparable Company,Comparable Companies,Market cap / latest revenue,TTM,2026-07-13,3.95,x,Calculated,Mkt cap 1630000 / TTM rev 412810,stockanalysis.com,,Market data,IMCR overview/statistics,https://stockanalysis.com/stocks/imcr/,
Immunocore Holdings,IMCR,Reported,Comparable Company,Comparable Companies,Revenue growth (YoY),,2026-07-13,23.8,percent,Market Data,Latest reported YoY revenue growth,stockanalysis.com,,Market data,IMCR overview/statistics,https://stockanalysis.com/stocks/imcr/,
Immunocore Holdings,IMCR,Reported,Comparable Company,Comparable Companies,Cash runway / balance-sheet note,,2026-07-13,Net cash $409M; profitable-adjacent,text,Market Data,Cash 844900 / debt 435680,stockanalysis.com,,Market data,IMCR overview/statistics,https://stockanalysis.com/stocks/imcr/,
Immunocore Holdings,IMCR,Reported,Comparable Company,Comparable Companies,Selection rationale,,2026-07-13,"Closest strategic analog: single commercial immuno-oncology product for a RARE tumor. Larger, near-breakeven — a scaled version of the CHRS thesis.",text,Orion Assumption,Defensible peer basis,stockanalysis.com,,Market data,IMCR overview/statistics,https://stockanalysis.com/stocks/imcr/,
ADC Therapeutics,ADCT,Reported,Comparable Company,Comparable Companies,Primary product,,2026-07-17,ZYNLONTA (lonca) — DLBCL/lymphoma,text,Market Data,Best size/stage match: micro-cap single-product commercial oncology with ~$79M revenue and cash near market cap. EV inflated by heavy leverage — a cautionary lever-up comparator.,stockanalysis.com,,Market data,ADCT overview/statistics,https://stockanalysis.com/stocks/adct/,
ADC Therapeutics,ADCT,Reported,Comparable Company,Comparable Companies,Development / commercial stage,,2026-07-17,Commercial (single franchise),text,Market Data,,stockanalysis.com,,Market data,ADCT overview/statistics,https://stockanalysis.com/stocks/adct/,
ADC Therapeutics,ADCT,Reported,Comparable Company,Comparable Companies,Market capitalization,,2026-07-17,171710,USD thousands,Market Data,Priced 2026-07-17,stockanalysis.com,,Market data,ADCT overview/statistics,https://stockanalysis.com/stocks/adct/,
ADC Therapeutics,ADCT,Reported,Comparable Company,Comparable Companies,Enterprise value,,2026-07-17,376960,USD thousands,Market Data,Per data provider,stockanalysis.com,,Market data,ADCT overview/statistics,https://stockanalysis.com/stocks/adct/,
ADC Therapeutics,ADCT,Reported,Comparable Company,Comparable Companies,Latest revenue (TTM),TTM,2026-07-17,79180,USD thousands,Market Data,Trailing-twelve-month revenue,stockanalysis.com,,Market data,ADCT overview/statistics,https://stockanalysis.com/stocks/adct/,
ADC Therapeutics,ADCT,Reported,Comparable Company,Comparable Companies,Forward revenue,NTM,2026-07-17,Information Unavailable,USD thousands,Market Data,Consensus forward revenue not captured for this peer,stockanalysis.com,,Market data,ADCT overview/statistics,https://stockanalysis.com/stocks/adct/,
ADC Therapeutics,ADCT,Reported,Comparable Company,Comparable Companies,EV / latest revenue,TTM,2026-07-17,4.76,x,Calculated,EV 376960 / TTM rev 79180,stockanalysis.com,,Market data,ADCT overview/statistics,https://stockanalysis.com/stocks/adct/,
ADC Therapeutics,ADCT,Reported,Comparable Company,Comparable Companies,EV / forward revenue,NTM,2026-07-17,Information Unavailable,x,Calculated,Forward revenue not captured,stockanalysis.com,,Market data,ADCT overview/statistics,https://stockanalysis.com/stocks/adct/,
ADC Therapeutics,ADCT,Reported,Comparable Company,Comparable Companies,Market cap / latest revenue,TTM,2026-07-17,2.17,x,Calculated,Mkt cap 171710 / TTM rev 79180,stockanalysis.com,,Market data,ADCT overview/statistics,https://stockanalysis.com/stocks/adct/,
ADC Therapeutics,ADCT,Reported,Comparable Company,Comparable Companies,Revenue growth (YoY),,2026-07-17,4.4,percent,Market Data,Latest reported YoY revenue growth,stockanalysis.com,,Market data,ADCT overview/statistics,https://stockanalysis.com/stocks/adct/,
ADC Therapeutics,ADCT,Reported,Comparable Company,Comparable Companies,Cash runway / balance-sheet note,,2026-07-17,Cash $231M but debt $436M; elevated bankruptcy risk (Z=-7.6),text,Market Data,Cash 231010 / debt 436260,stockanalysis.com,,Market data,ADCT overview/statistics,https://stockanalysis.com/stocks/adct/,
ADC Therapeutics,ADCT,Reported,Comparable Company,Comparable Companies,Selection rationale,,2026-07-17,Best size/stage match: micro-cap single-product commercial oncology with ~$79M revenue and cash near market cap. EV inflated by heavy leverage — a cautionary lever-up comparator.,text,Orion Assumption,Defensible peer basis,stockanalysis.com,,Market data,ADCT overview/statistics,https://stockanalysis.com/stocks/adct/,
Puma Biotechnology,PBYI,Reported,Comparable Company,Comparable Companies,Primary product,,2026-06-25,NERLYNX (neratinib) — HER2+ breast cancer,text,Market Data,Single-product commercial oncology that reached profitability but flat/declining growth — illustrates the mature/plateau multiple (~1.3-1.7x) for a one-drug franchise.,stockanalysis.com,,Market data,PBYI overview/statistics,https://stockanalysis.com/stocks/pbyi/,
Puma Biotechnology,PBYI,Reported,Comparable Company,Comparable Companies,Development / commercial stage,,2026-06-25,"Commercial (single product, profitable)",text,Market Data,,stockanalysis.com,,Market data,PBYI overview/statistics,https://stockanalysis.com/stocks/pbyi/,
Puma Biotechnology,PBYI,Reported,Comparable Company,Comparable Companies,Market capitalization,,2026-06-25,390140,USD thousands,Market Data,Priced 2026-06-25,stockanalysis.com,,Market data,PBYI overview/statistics,https://stockanalysis.com/stocks/pbyi/,
Puma Biotechnology,PBYI,Reported,Comparable Company,Comparable Companies,Enterprise value,,2026-06-25,305570,USD thousands,Market Data,Per data provider,stockanalysis.com,,Market data,PBYI overview/statistics,https://stockanalysis.com/stocks/pbyi/,
Puma Biotechnology,PBYI,Reported,Comparable Company,Comparable Companies,Latest revenue (TTM),TTM,2026-06-25,227180,USD thousands,Market Data,Trailing-twelve-month revenue,stockanalysis.com,,Market data,PBYI overview/statistics,https://stockanalysis.com/stocks/pbyi/,
Puma Biotechnology,PBYI,Reported,Comparable Company,Comparable Companies,Forward revenue,NTM,2026-06-25,Information Unavailable,USD thousands,Market Data,Consensus forward revenue not captured for this peer,stockanalysis.com,,Market data,PBYI overview/statistics,https://stockanalysis.com/stocks/pbyi/,
Puma Biotechnology,PBYI,Reported,Comparable Company,Comparable Companies,EV / latest revenue,TTM,2026-06-25,1.35,x,Calculated,EV 305570 / TTM rev 227180,stockanalysis.com,,Market data,PBYI overview/statistics,https://stockanalysis.com/stocks/pbyi/,
Puma Biotechnology,PBYI,Reported,Comparable Company,Comparable Companies,EV / forward revenue,NTM,2026-06-25,Information Unavailable,x,Calculated,Forward revenue not captured,stockanalysis.com,,Market data,PBYI overview/statistics,https://stockanalysis.com/stocks/pbyi/,
Puma Biotechnology,PBYI,Reported,Comparable Company,Comparable Companies,Market cap / latest revenue,TTM,2026-06-25,1.72,x,Calculated,Mkt cap 390140 / TTM rev 227180,stockanalysis.com,,Market data,PBYI overview/statistics,https://stockanalysis.com/stocks/pbyi/,
Puma Biotechnology,PBYI,Reported,Comparable Company,Comparable Companies,Revenue growth (YoY),,2026-06-25,-2.4,percent,Market Data,Latest reported YoY revenue growth,stockanalysis.com,,Market data,PBYI overview/statistics,https://stockanalysis.com/stocks/pbyi/,
Puma Biotechnology,PBYI,Reported,Comparable Company,Comparable Companies,Cash runway / balance-sheet note,,2026-06-25,Net cash $85.6M; profitable 3rd yr,text,Market Data,Cash 101550 / debt 15950,stockanalysis.com,,Market data,PBYI overview/statistics,https://stockanalysis.com/stocks/pbyi/,
Puma Biotechnology,PBYI,Reported,Comparable Company,Comparable Companies,Selection rationale,,2026-06-25,Single-product commercial oncology that reached profitability but flat/declining growth — illustrates the mature/plateau multiple (~1.3-1.7x) for a one-drug franchise.,text,Orion Assumption,Defensible peer basis,stockanalysis.com,,Market data,PBYI overview/statistics,https://stockanalysis.com/stocks/pbyi/,
Rigel Pharmaceuticals,RIGL,Reported,Comparable Company,Comparable Companies,Primary product,,2026-05-29,TAVALISSE / REZLIDHIA / GAVRETO — heme-onc,text,Market Data,"Small profitable commercial hematology-oncology company with strong growth — a positive-case comparator for a scaled, cash-generative small onc franchise.",stockanalysis.com,,Market data,RIGL overview/statistics,https://stockanalysis.com/stocks/rigl/,
Rigel Pharmaceuticals,RIGL,Reported,Comparable Company,Comparable Companies,Development / commercial stage,,2026-05-29,"Commercial (multi-product, profitable)",text,Market Data,,stockanalysis.com,,Market data,RIGL overview/statistics,https://stockanalysis.com/stocks/rigl/,
Rigel Pharmaceuticals,RIGL,Reported,Comparable Company,Comparable Companies,Market capitalization,,2026-05-29,564130,USD thousands,Market Data,Priced 2026-05-29,stockanalysis.com,,Market data,RIGL overview/statistics,https://stockanalysis.com/stocks/rigl/,
Rigel Pharmaceuticals,RIGL,Reported,Comparable Company,Comparable Companies,Enterprise value,,2026-05-29,463160,USD thousands,Market Data,Per data provider,stockanalysis.com,,Market data,RIGL overview/statistics,https://stockanalysis.com/stocks/rigl/,
Rigel Pharmaceuticals,RIGL,Reported,Comparable Company,Comparable Companies,Latest revenue (TTM),TTM,2026-05-29,299770,USD thousands,Market Data,Trailing-twelve-month revenue,stockanalysis.com,,Market data,RIGL overview/statistics,https://stockanalysis.com/stocks/rigl/,
Rigel Pharmaceuticals,RIGL,Reported,Comparable Company,Comparable Companies,Forward revenue,NTM,2026-05-29,Information Unavailable,USD thousands,Market Data,Consensus forward revenue not captured for this peer,stockanalysis.com,,Market data,RIGL overview/statistics,https://stockanalysis.com/stocks/rigl/,
Rigel Pharmaceuticals,RIGL,Reported,Comparable Company,Comparable Companies,EV / latest revenue,TTM,2026-05-29,1.55,x,Calculated,EV 463160 / TTM rev 299770,stockanalysis.com,,Market data,RIGL overview/statistics,https://stockanalysis.com/stocks/rigl/,
Rigel Pharmaceuticals,RIGL,Reported,Comparable Company,Comparable Companies,EV / forward revenue,NTM,2026-05-29,Information Unavailable,x,Calculated,Forward revenue not captured,stockanalysis.com,,Market data,RIGL overview/statistics,https://stockanalysis.com/stocks/rigl/,
Rigel Pharmaceuticals,RIGL,Reported,Comparable Company,Comparable Companies,Market cap / latest revenue,TTM,2026-05-29,1.88,x,Calculated,Mkt cap 564130 / TTM rev 299770,stockanalysis.com,,Market data,RIGL overview/statistics,https://stockanalysis.com/stocks/rigl/,
Rigel Pharmaceuticals,RIGL,Reported,Comparable Company,Comparable Companies,Revenue growth (YoY),,2026-05-29,47.6,percent,Market Data,Latest reported YoY revenue growth,stockanalysis.com,,Market data,RIGL overview/statistics,https://stockanalysis.com/stocks/rigl/,
Rigel Pharmaceuticals,RIGL,Reported,Comparable Company,Comparable Companies,Cash runway / balance-sheet note,,2026-05-29,"Net cash $101M; profitable, high growth",text,Market Data,Cash 146680 / debt 45720,stockanalysis.com,,Market data,RIGL overview/statistics,https://stockanalysis.com/stocks/rigl/,
Rigel Pharmaceuticals,RIGL,Reported,Comparable Company,Comparable Companies,Selection rationale,,2026-05-29,"Small profitable commercial hematology-oncology company with strong growth — a positive-case comparator for a scaled, cash-generative small onc franchise.",text,Orion Assumption,Defensible peer basis,stockanalysis.com,,Market data,RIGL overview/statistics,https://stockanalysis.com/stocks/rigl/,
Y-mAbs Therapeutics,YMAB,Reported,Comparable Company,Comparable Companies,Primary product,,2025-09-15,DANYELZA (naxitamab) — pediatric neuroblastoma,text,Market Data,M&A PRECEDENT: single-product rare-oncology commercial company taken out at ~4.6x revenue (last mkt cap). Most direct read on strategic/takeout value for a rare-tumor one-drug franchise like CHRS.,stockanalysis.com,,Market data,YMAB overview/statistics,https://stockanalysis.com/stocks/ymab/,
Y-mAbs Therapeutics,YMAB,Reported,Comparable Company,Comparable Companies,Development / commercial stage,,2025-09-15,Commercial rare oncology — ACQUIRED,text,Market Data,,stockanalysis.com,,Market data,YMAB overview/statistics,https://stockanalysis.com/stocks/ymab/,
Y-mAbs Therapeutics,YMAB,Reported,Comparable Company,Comparable Companies,Market capitalization,,2025-09-15,391220,USD thousands,Market Data,Priced 2025-09-15,stockanalysis.com,,Market data,YMAB overview/statistics,https://stockanalysis.com/stocks/ymab/,
Y-mAbs Therapeutics,YMAB,Reported,Comparable Company,Comparable Companies,Enterprise value,,2025-09-15,Information Unavailable,USD thousands,Market Data,EV not available (company acquired/delisted),stockanalysis.com,,Market data,YMAB overview/statistics,https://stockanalysis.com/stocks/ymab/,
Y-mAbs Therapeutics,YMAB,Reported,Comparable Company,Comparable Companies,Latest revenue (TTM),TTM,2025-09-15,85390,USD thousands,Market Data,Trailing-twelve-month revenue,stockanalysis.com,,Market data,YMAB overview/statistics,https://stockanalysis.com/stocks/ymab/,
Y-mAbs Therapeutics,YMAB,Reported,Comparable Company,Comparable Companies,Forward revenue,NTM,2025-09-15,Information Unavailable,USD thousands,Market Data,Consensus forward revenue not captured for this peer,stockanalysis.com,,Market data,YMAB overview/statistics,https://stockanalysis.com/stocks/ymab/,
Y-mAbs Therapeutics,YMAB,Reported,Comparable Company,Comparable Companies,EV / latest revenue,TTM,2025-09-15,Information Unavailable,x,Calculated,EV unavailable,stockanalysis.com,,Market data,YMAB overview/statistics,https://stockanalysis.com/stocks/ymab/,
Y-mAbs Therapeutics,YMAB,Reported,Comparable Company,Comparable Companies,EV / forward revenue,NTM,2025-09-15,Information Unavailable,x,Calculated,Forward revenue not captured,stockanalysis.com,,Market data,YMAB overview/statistics,https://stockanalysis.com/stocks/ymab/,
Y-mAbs Therapeutics,YMAB,Reported,Comparable Company,Comparable Companies,Market cap / latest revenue,TTM,2025-09-15,4.58,x,Calculated,Mkt cap 391220 / TTM rev 85390,stockanalysis.com,,Market data,YMAB overview/statistics,https://stockanalysis.com/stocks/ymab/,
Y-mAbs Therapeutics,YMAB,Reported,Comparable Company,Comparable Companies,Revenue growth (YoY),,2025-09-15,-1.3,percent,Market Data,Latest reported YoY revenue growth,stockanalysis.com,,Market data,YMAB overview/statistics,https://stockanalysis.com/stocks/ymab/,
Y-mAbs Therapeutics,YMAB,Reported,Comparable Company,Comparable Companies,Cash runway / balance-sheet note,,2025-09-15,Acquired by SERB Pharmaceuticals; delisted 2025-09-15,text,Market Data,n/a,stockanalysis.com,,Market data,YMAB overview/statistics,https://stockanalysis.com/stocks/ymab/,
Y-mAbs Therapeutics,YMAB,Reported,Comparable Company,Comparable Companies,Selection rationale,,2025-09-15,M&A PRECEDENT: single-product rare-oncology commercial company taken out at ~4.6x revenue (last mkt cap). Most direct read on strategic/takeout value for a rare-tumor one-drug franchise like CHRS.,text,Orion Assumption,Defensible peer basis,stockanalysis.com,,Market data,YMAB overview/statistics,https://stockanalysis.com/stocks/ymab/,
Peer set,,Reported,Comparable Company,Comparable Companies,Peer median EV / latest revenue,TTM,2026-07-17,2.26,x,Calculated,"Median of IMCR 2.96, ADCT 4.76, PBYI 1.35, RIGL 1.55 (YMAB excluded — acquired, no EV)",Orion Analysis,,derived,comp synthesis,https://stockanalysis.com/,CHRS EV/FY2025 rev 2.08x and EV/LTM 1.87x sit modestly below peer median — consistent with single-product concentration and small TAM.
Peer set,,Reported,Comparable Company,Comparable Companies,Peer median market cap / latest revenue,TTM,2026-07-17,2.03,x,Calculated,"Median of IMCR 3.95, ADCT 2.17, PBYI 1.72, RIGL 1.88",Orion Analysis,,derived,comp synthesis,https://stockanalysis.com/,"CHRS mkt cap/rev (5.1x FY2025) is richer, reflecting high LOQTORZI growth (+113% FY25) and the large net-cash cushion inflating equity value vs revenue."
