company,ticker,record_type,entity_id,entity_name,entity_type,jurisdiction,parent_entity,relationship,ownership_percentage,borrower_status,guarantor_status,collateral_grantor_status,restricted_status,domestic_or_foreign,asset_or_obligation,asset_location_or_owner,effective_date,status,credit_significance,source_file,source_form,source_page_or_section,source_url,notes
"Coherus Oncology, Inc.",CHRS,Entity,E01,"Coherus Oncology, Inc. (f/k/a Coherus BioSciences, Inc.)",C-corporation (public SEC registrant / ultimate parent),"Delaware, USA","None (ultimate parent; publicly traded, NasdaqGM: CHRS)",Ultimate parent / SEC registrant,Publicly held,Borrower (2029 Term Loan),N/A - primary obligor,Grantor - substantially all assets incl. IP,No Unrestricted/Restricted Sub concept in loan docs; parent is Credit Party,Domestic (US),,,"Incorporated 2010-09; renamed to Coherus Oncology, Inc. 2025-05-29",Reported,Primary obligor on 2029 Term Loan; Seller/obligor on LOQTORZI revenue participation right; issuer of 2026 convertible notes; holds Junshi LOQTORZI in-license & U.S. BLA,2026-03-09_CHRS_10K_FY2025.pdf; 2024-05-21_CHRS_EX10-28_Loan-Agreement,10-K / EX-10.28,10-K Item 1 & Note 1; Loan Agmt preamble (lines 205-206),https://www.sec.gov/Archives/edgar/data/1512762/000110465926025308/chrs-20251231x10k.htm,"Name change to Coherus Oncology, Inc. effective 2025-05-29 reflecting exit from biosimilars and pure immuno-oncology focus. Loan Agreement borrower name is the predecessor 'Coherus BioSciences, Inc.' - same legal entity."
"Coherus Oncology, Inc.",CHRS,Entity,E02,Coherus Intermediate Corp.,C-corporation (intermediate holding co - inferred),"Delaware, USA","Coherus Oncology, Inc.",Wholly-owned subsidiary,100% (wholly-owned),Not a borrower,Guarantor (2029 Term Loan),Grantor (Credit Party),Credit Party (guarantor); not an Excluded Subsidiary,Domestic (US),,,2024-05-08 (Credit Party at loan closing),Reported,Additional Credit Party / guarantor and collateral grantor on 2029 Term Loan,2024-05-21_CHRS_EX10-28_Loan-Agreement,EX-10.28,Loan Agmt preamble (lines 205-206),https://www.sec.gov/Archives/edgar/data/0001512762/000155837024008542/chrs-20240508xex10d1.htm,Named as additional Credit Party. Not listed on EX-21.1 (not a 'significant subsidiary'). Not otherwise described in 10-K/10-Q; appears to be an intermediate holding entity - asset content Not disclosed.
"Coherus Oncology, Inc.",CHRS,Entity,E03,Intekrin Therapeutics Inc.,C-corporation,"Delaware, USA","Coherus Oncology, Inc. (chain not disclosed)",Wholly-owned subsidiary,100% (wholly-owned),Not a borrower,Guarantor (2029 Term Loan),Grantor (Credit Party),Credit Party (guarantor); not an Excluded Subsidiary,Domestic (US),,,2024-05-08 (Credit Party at loan closing),Reported,Additional Credit Party / guarantor and collateral grantor on 2029 Term Loan,2024-05-21_CHRS_EX10-28_Loan-Agreement,EX-10.28,Loan Agmt preamble (lines 206),https://www.sec.gov/Archives/edgar/data/0001512762/000155837024008542/chrs-20240508xex10d1.htm,Legacy acquired entity (historic CHS-131 program). Not on EX-21.1; CHS-131 not mentioned in current 10-K/10-Q - present asset content Not disclosed.
"Coherus Oncology, Inc.",CHRS,Entity,E04,"Surface Oncology, LLC",Limited liability company,"Delaware, USA","Coherus Oncology, Inc. (chain not disclosed)",Wholly-owned subsidiary (only 'significant subsidiary' per EX-21.1),100% (wholly-owned),Not a borrower,Guarantor (2029 Term Loan),Grantor (Credit Party) - holds pipeline IP,Credit Party (guarantor); not an Excluded Subsidiary,Domestic (US),,,Acquired 2023-09 (Surface Acquisition); converted to LLC; Credit Party 2024-05-08,Reported,"Holds the clinical pipeline IP (casdozokitug/CHS-388, tagmokitug/CHS-114) and Surface legacy out-license/royalty & CVR contracts; guarantor & collateral grantor",2026-03-09_CHRS_10K_EX-21-1.pdf; Loan Agreement,EX-21.1 / EX-10.28,EX-21.1; Loan Agmt preamble (line 207); 10-K Item 1,https://www.sec.gov/Archives/edgar/data/1512762/000110465926025308/chrs-20251231xex21d1.htm,"Acquired Sept 2023 as Surface Oncology, Inc.; now Surface Oncology, LLC. Only entity on the significant-subsidiaries exhibit. Pipeline IP sits here and is inside the collateral package."
"Coherus Oncology, Inc.",CHRS,Entity,E05,Coherus Oncology Supportive Care LLC,Limited liability company,"Delaware, USA","Coherus Oncology, Inc. (chain not disclosed)",Wholly-owned subsidiary,100% (wholly-owned),Not a borrower,Guarantor (2029 Term Loan),Grantor (Credit Party),Credit Party (guarantor); not an Excluded Subsidiary,Domestic (US),,,2024-05-08 (Credit Party at loan closing),Reported,Additional Credit Party / guarantor and collateral grantor on 2029 Term Loan,2024-05-21_CHRS_EX10-28_Loan-Agreement,EX-10.28,Loan Agmt preamble (line 208),https://www.sec.gov/Archives/edgar/data/0001512762/000155837024008542/chrs-20240508xex10d1.htm,Named as additional Credit Party. Not on EX-21.1; asset content Not disclosed in 10-K/10-Q. Likely historic UDENYCA supportive-care vehicle.
"Coherus Oncology, Inc.",CHRS,Entity,E06,Coherus Immunology LLC,Limited liability company,"Delaware, USA","Coherus Oncology, Inc. (chain not disclosed)",Wholly-owned subsidiary - EXCLUDED,100% (wholly-owned),Not a borrower,NOT a guarantor (Excluded Subsidiary),Not a grantor (Excluded Subsidiary),Excluded Subsidiary (named in def.; no assets at closing),Domestic (US),,,2024-05-08,Reported,Explicitly carved out of guarantee/collateral package as an Excluded Subsidiary; no assets at closing so immaterial to lenders,2024-05-21_CHRS_EX10-28_Loan-Agreement,EX-10.28,Loan Agmt Sec. 13.1 def. 'Excluded Subsidiaries' clause (v),https://www.sec.gov/Archives/edgar/data/0001512762/000155837024008542/chrs-20240508xex10d1.htm,Named in the 'Excluded Subsidiaries' definition: 'Coherus Immunology LLC (which... has no assets as of the Closing Date).' Not a Credit Party.
"Coherus Oncology, Inc.",CHRS,Entity,E07,Coherus Ophthalmology LLC,Limited liability company,"Delaware, USA","Coherus Oncology, Inc. (former)",Former wholly-owned subsidiary - DIVESTED,0% (sold),Not a borrower,N/A - divested before/at term loan era,N/A - divested,No longer in group,Domestic (US),,,Sold 2024-03-01,Reported,Held the CIMERLI (ranibizumab) ophthalmology franchise; sold to Sandoz Inc. - not part of current collateral/guarantee group,2026-03-09_CHRS_10K_FY2025.pdf,10-K,10-K Note 6 (Discontinued Operations),https://www.sec.gov/Archives/edgar/data/1512762/000110465926025308/chrs-20251231x10k.htm,CIMERLI divestiture executed via sale of subsidiary Coherus Ophthalmology LLC to Sandoz Inc. on 2024-03-01 for $187.8M upfront cash (incl. $17.8M inventory); net gain $153.8M.
"Coherus Oncology, Inc.",CHRS,Entity,X01,"Shanghai Junshi Biosciences Co., Ltd.",Third-party licensor (non-affiliate),China (foreign),N/A (external counterparty),Licensor of toripalimab / LOQTORZI to Coherus,N/A,,,,,Foreign,,,Collaboration Agreement 2021-02-01,Reported,OWNS the toripalimab molecule and core IP; supplies drug substance/finished product; receives low-twenties % royalty + up to ~$355M remaining milestones. LOQTORZI value to lenders depends on this in-license.,2026-03-09_CHRS_10K_FY2025.pdf,10-K,10-K Item 1 (Junshi License); Note 12,https://www.sec.gov/Archives/edgar/data/1512762/000110465926025308/chrs-20251231x10k.htm,External. Coherus holds only U.S./Canada commercialization rights; the underlying LOQTORZI IP is NOT a Coherus asset and sits outside the collateral perimeter.
"Coherus Oncology, Inc.",CHRS,Entity,X02,"Coduet Royalty Holdings, LLC",Third-party purchaser / SPV (Barings-managed),"Delaware, USA",N/A (external; managed by Barings LLC),Purchaser of Revenue Participation Right (Buyer Representative),N/A,,,,,Domestic (US),,,RPR PSA 2024-05-08,Reported,Holds the LOQTORZI (and formerly UDENYCA) revenue participation right; claim on Coherus product net sales; contractually SUBORDINATED to the 2029 Term Loan via intercreditor (Ankura as senior agent).,2024-05-21_CHRS_EX10-29_Revenue-Participation-Right-PSA,EX-10.29,RPR PSA preamble (lines 237-241),https://www.sec.gov/Archives/edgar/data/0001512762/000155837024008542/chrs-20240508xex10d2.htm,External. Acts as Buyer Representative/collateral agent for redacted Annex I Buyers; Barings-managed (same complex as term-loan lenders).
"Coherus Oncology, Inc.",CHRS,Entity,X03,"Ankura Trust Company, LLC",Third-party agent (non-affiliate),"New Hampshire, USA",N/A (external),Collateral Agent (Term Loan) and Paying Agent (RPR),N/A,,,,,Domestic (US),,,2024-05-08,Reported,Collateral agent holding the term-loan security for lenders; also senior agent under the intercreditor with Coduet; paying agent for RPR sweeps.,2024-05-21_CHRS_EX10-28_Loan-Agreement,EX-10.28,Loan Agmt preamble (line 210),https://www.sec.gov/Archives/edgar/data/0001512762/000155837024008542/chrs-20240508xex10d1.htm,"External agent, not an obligor."
"Coherus Oncology, Inc.",CHRS,Entity,X04,"Accord BioPharma, Inc. / Intas Pharmaceuticals Ltd.",Third-party acquirer (non-affiliate),USA (Accord) / India (Intas),N/A (external),Acquirer of the UDENYCA franchise,N/A,,,,,"Foreign parent (Intas, India); US sub (Accord)",,,APA 2024-12-02; closed 2025-04-11,Reported,Bought UDENYCA for $483.4M upfront cash + 2x$37.5M earnouts; proceeds retired convertibles & bought out UDENYCA RPR.,2026-03-09_CHRS_10K_FY2025.pdf,10-K / 8-K,10-K Note 6; 8-K 2025-04-01,https://www.sec.gov/Archives/edgar/data/1512762/000155837025004264/chrs-20250331x8k.htm,"External. Intas designated indirect wholly-owned US sub Accord BioPharma, Inc. to acquire physical assets/inventory."
"Coherus Oncology, Inc.",CHRS,Ownership,O01,Coherus Intermediate Corp.,Wholly-owned subsidiary,"Delaware, USA","Coherus Oncology, Inc.",Parent owns 100% of subsidiary,100% (wholly-owned),,,,,Domestic (US),,,As of 2025-12-31 / 2026-03-31,Reported,Wholly-owned - value consolidates to parent; equity pledged to term lenders (except Excluded Subs),2026-03-09_CHRS_10K_FY2025.pdf; EX-21.1; Loan Agreement,10-K / EX-21.1 / EX-10.28,10-K Note 1 (wholly-owned subsidiaries); EX-21.1; Loan Agmt Sec. 4.15/5.12,https://www.sec.gov/Archives/edgar/data/1512762/000110465926025308/chrs-20251231x10k.htm,"10-K states financials include 'Coherus and its wholly-owned subsidiaries.' Direct/indirect not disclosed - appears to be intermediate holdco. Exact per-entity ownership chain is in Schedule 4.15 of the Disclosure Letter, which was not filed (Not disclosed)."
"Coherus Oncology, Inc.",CHRS,Ownership,O02,Intekrin Therapeutics Inc.,Wholly-owned subsidiary,"Delaware, USA","Coherus Oncology, Inc.",Parent owns 100% of subsidiary,100% (wholly-owned),,,,,Domestic (US),,,As of 2025-12-31 / 2026-03-31,Reported,Wholly-owned - value consolidates to parent; equity pledged to term lenders (except Excluded Subs),2026-03-09_CHRS_10K_FY2025.pdf; EX-21.1; Loan Agreement,10-K / EX-21.1 / EX-10.28,10-K Note 1 (wholly-owned subsidiaries); EX-21.1; Loan Agmt Sec. 4.15/5.12,https://www.sec.gov/Archives/edgar/data/1512762/000110465926025308/chrs-20251231x10k.htm,"10-K states financials include 'Coherus and its wholly-owned subsidiaries.' Direct/indirect chain not disclosed. Exact per-entity ownership chain is in Schedule 4.15 of the Disclosure Letter, which was not filed (Not disclosed)."
"Coherus Oncology, Inc.",CHRS,Ownership,O03,"Surface Oncology, LLC",Wholly-owned subsidiary,"Delaware, USA","Coherus Oncology, Inc.",Parent owns 100% of subsidiary,100% (wholly-owned),,,,,Domestic (US),,,As of 2025-12-31 / 2026-03-31,Reported,Wholly-owned - value consolidates to parent; equity pledged to term lenders (except Excluded Subs),2026-03-09_CHRS_10K_FY2025.pdf; EX-21.1; Loan Agreement,10-K / EX-21.1 / EX-10.28,10-K Note 1 (wholly-owned subsidiaries); EX-21.1; Loan Agmt Sec. 4.15/5.12,https://www.sec.gov/Archives/edgar/data/1512762/000110465926025308/chrs-20251231x10k.htm,"10-K states financials include 'Coherus and its wholly-owned subsidiaries.' Direct/indirect chain not disclosed. Exact per-entity ownership chain is in Schedule 4.15 of the Disclosure Letter, which was not filed (Not disclosed)."
"Coherus Oncology, Inc.",CHRS,Ownership,O04,Coherus Oncology Supportive Care LLC,Wholly-owned subsidiary,"Delaware, USA","Coherus Oncology, Inc.",Parent owns 100% of subsidiary,100% (wholly-owned),,,,,Domestic (US),,,As of 2025-12-31 / 2026-03-31,Reported,Wholly-owned - value consolidates to parent; equity pledged to term lenders (except Excluded Subs),2026-03-09_CHRS_10K_FY2025.pdf; EX-21.1; Loan Agreement,10-K / EX-21.1 / EX-10.28,10-K Note 1 (wholly-owned subsidiaries); EX-21.1; Loan Agmt Sec. 4.15/5.12,https://www.sec.gov/Archives/edgar/data/1512762/000110465926025308/chrs-20251231x10k.htm,"10-K states financials include 'Coherus and its wholly-owned subsidiaries.' Direct/indirect chain not disclosed. Exact per-entity ownership chain is in Schedule 4.15 of the Disclosure Letter, which was not filed (Not disclosed)."
"Coherus Oncology, Inc.",CHRS,Ownership,O05,Coherus Immunology LLC,Wholly-owned subsidiary,"Delaware, USA","Coherus Oncology, Inc.",Parent owns 100% of subsidiary,100% (wholly-owned),,,,,Domestic (US),,,As of 2025-12-31 / 2026-03-31,Reported,Wholly-owned - value consolidates to parent; equity pledged to term lenders (except Excluded Subs),2026-03-09_CHRS_10K_FY2025.pdf; EX-21.1; Loan Agreement,10-K / EX-21.1 / EX-10.28,10-K Note 1 (wholly-owned subsidiaries); EX-21.1; Loan Agmt Sec. 4.15/5.12,https://www.sec.gov/Archives/edgar/data/1512762/000110465926025308/chrs-20251231x10k.htm,"10-K states financials include 'Coherus and its wholly-owned subsidiaries.' Excluded Subsidiary; no assets at closing. Exact per-entity ownership chain is in Schedule 4.15 of the Disclosure Letter, which was not filed (Not disclosed)."
"Coherus Oncology, Inc.",CHRS,Ownership,O06,Coherus Ophthalmology LLC,Former wholly-owned subsidiary,"Delaware, USA","Coherus Oncology, Inc. (former)",Divested - sold to Sandoz Inc.,0% (sold 2024-03-01),,,,,Domestic (US),,,2024-03-01,Reported,No longer in the group; CIMERLI franchise exited via this entity sale,2026-03-09_CHRS_10K_FY2025.pdf,10-K,10-K Note 6,https://www.sec.gov/Archives/edgar/data/1512762/000110465926025308/chrs-20251231x10k.htm,Sold to Sandoz Inc. as part of CIMERLI divestiture.
"Coherus Oncology, Inc.",CHRS,Guarantee,G01,Coherus Intermediate Corp.,Subsidiary guarantor,"Delaware, USA","Coherus Oncology, Inc.",Guarantees 2029 Term Loan (joint & several),,,Guarantor - joint & several,Grantor,Credit Party,Domestic (US),Guaranty of 2029 Term Loan Obligations,"Guaranty & Security Agreement dated 2024-05-08 (Ankura, Collateral Agent)",2024-05-08,Reported,Full joint-and-several guaranty of the senior secured term loan; extends recourse to this subsidiary's assets,2024-05-21_CHRS_EX10-28_Loan-Agreement,EX-10.28,"Loan Agmt preamble & Sec. 13.1 (Credit Party/Guarantor); guaranty in Guaranty & Security Agmt (Exh. C, redacted)",https://www.sec.gov/Archives/edgar/data/0001512762/000155837024008542/chrs-20240508xex10d1.htm,"Guaranty operative text is in the Guaranty & Security Agreement (Exhibit C), redacted [***] in the filed loan agreement, but this entity is a named Credit Party and Credit Parties act jointly and severally throughout."
"Coherus Oncology, Inc.",CHRS,Guarantee,G02,Intekrin Therapeutics Inc.,Subsidiary guarantor,"Delaware, USA","Coherus Oncology, Inc.",Guarantees 2029 Term Loan (joint & several),,,Guarantor - joint & several,Grantor,Credit Party,Domestic (US),Guaranty of 2029 Term Loan Obligations,"Guaranty & Security Agreement dated 2024-05-08 (Ankura, Collateral Agent)",2024-05-08,Reported,Full joint-and-several guaranty of the senior secured term loan; extends recourse to this subsidiary's assets,2024-05-21_CHRS_EX10-28_Loan-Agreement,EX-10.28,"Loan Agmt preamble & Sec. 13.1 (Credit Party/Guarantor); guaranty in Guaranty & Security Agmt (Exh. C, redacted)",https://www.sec.gov/Archives/edgar/data/0001512762/000155837024008542/chrs-20240508xex10d1.htm,"Guaranty operative text is in the Guaranty & Security Agreement (Exhibit C), redacted [***] in the filed loan agreement, but this entity is a named Credit Party and Credit Parties act jointly and severally throughout."
"Coherus Oncology, Inc.",CHRS,Guarantee,G03,"Surface Oncology, LLC",Subsidiary guarantor,"Delaware, USA","Coherus Oncology, Inc.",Guarantees 2029 Term Loan (joint & several),,,Guarantor - joint & several,Grantor,Credit Party,Domestic (US),Guaranty of 2029 Term Loan Obligations,"Guaranty & Security Agreement dated 2024-05-08 (Ankura, Collateral Agent)",2024-05-08,Reported,Full joint-and-several guaranty of the senior secured term loan; extends recourse to this subsidiary's assets,2024-05-21_CHRS_EX10-28_Loan-Agreement,EX-10.28,"Loan Agmt preamble & Sec. 13.1 (Credit Party/Guarantor); guaranty in Guaranty & Security Agmt (Exh. C, redacted)",https://www.sec.gov/Archives/edgar/data/0001512762/000155837024008542/chrs-20240508xex10d1.htm,"Guaranty operative text is in the Guaranty & Security Agreement (Exhibit C), redacted [***] in the filed loan agreement, but this entity is a named Credit Party and Credit Parties act jointly and severally throughout."
"Coherus Oncology, Inc.",CHRS,Guarantee,G04,Coherus Oncology Supportive Care LLC,Subsidiary guarantor,"Delaware, USA","Coherus Oncology, Inc.",Guarantees 2029 Term Loan (joint & several),,,Guarantor - joint & several,Grantor,Credit Party,Domestic (US),Guaranty of 2029 Term Loan Obligations,"Guaranty & Security Agreement dated 2024-05-08 (Ankura, Collateral Agent)",2024-05-08,Reported,Full joint-and-several guaranty of the senior secured term loan; extends recourse to this subsidiary's assets,2024-05-21_CHRS_EX10-28_Loan-Agreement,EX-10.28,"Loan Agmt preamble & Sec. 13.1 (Credit Party/Guarantor); guaranty in Guaranty & Security Agmt (Exh. C, redacted)",https://www.sec.gov/Archives/edgar/data/0001512762/000155837024008542/chrs-20240508xex10d1.htm,"Guaranty operative text is in the Guaranty & Security Agreement (Exhibit C), redacted [***] in the filed loan agreement, but this entity is a named Credit Party and Credit Parties act jointly and severally throughout."
"Coherus Oncology, Inc.",CHRS,Guarantee,G05,Coherus Immunology LLC,Excluded Subsidiary (non-guarantor),"Delaware, USA","Coherus Oncology, Inc.",Does NOT guarantee 2029 Term Loan,,,NOT a guarantor (Excluded Subsidiary),Not a grantor,Excluded Subsidiary,Domestic (US),None,,2024-05-08,Reported,Explicitly excluded from the guarantee package; immaterial (no assets),2024-05-21_CHRS_EX10-28_Loan-Agreement,EX-10.28,Loan Agmt Sec. 13.1 'Excluded Subsidiaries' (v),https://www.sec.gov/Archives/edgar/data/0001512762/000155837024008542/chrs-20240508xex10d1.htm,Confirms not every subsidiary is a guarantor - Coherus Immunology LLC is carved out by name.
"Coherus Oncology, Inc.",CHRS,Guarantee,G06,1.50% Convertible Notes due 2026 - guarantee status,Debt instrument,"Delaware, USA","Coherus Oncology, Inc.",NO subsidiary guarantees,,,None - issuer (parent) obligation only,None (unsecured),N/A,Domestic (US),Convertible notes obligation,,2020-04-17,Reported,"Convertible notes are unsecured, subordinated, and NOT guaranteed by any subsidiary - structurally subordinated to subsidiary (guarantor) obligations incl. the term loan.",2020-04-17_CHRS_EX4-4_Indenture-2020-Convertible-Notes,EX-4.4,2020 Indenture (no Guarantor defined term; Sec. 9.01(B) permits optional future guarantees),https://www.sec.gov/Archives/edgar/data/1512762/000110465920048214/tm2015668d4_ex4-1.htm,No guarantees issued. Notes subordinated to 'Designated Senior Indebtedness' (capped $100M). Nearly fully retired by 2025-2026.
"Coherus Oncology, Inc.",CHRS,Guarantee,G07,LOQTORZI Revenue Participation Right - guarantee status,Monetization obligation,"Delaware, USA","Coherus Oncology, Inc.",No separate subsidiary guaranty,,,None - parent (Seller) sole obligor,Parent grants security over RPR collateral,N/A,Domestic (US),Revenue participation payment obligation,,2024-05-08,Reported,Sole obligor is the parent; no subsidiary guaranty. Secured but subordinated to the term loan via intercreditor.,2024-05-21_CHRS_EX10-29_Revenue-Participation-Right-PSA,EX-10.29,RPR PSA (Seller = Coherus; no subsidiary guarantors),https://www.sec.gov/Archives/edgar/data/0001512762/000155837024008542/chrs-20240508xex10d2.htm,Change-of-control / product-disposition triggers put/acceleration on the parent (see Obligation row).
"Coherus Oncology, Inc.",CHRS,Collateral,C01,Substantially-all-assets lien (all Credit Parties),Security interest,"Delaware, USA","Coherus Oncology, Inc.",First-priority lien granted to Ankura (Collateral Agent) for Lenders,,,,Borrower + 4 subsidiary guarantors grant,Credit Parties,Domestic (US),Collateral: substantially all assets incl. IP,"Guaranty & Security Agreement + IP Security Agreement, dated 2024-05-08",2024-05-08,Reported,"Term lenders hold a first-priority lien on substantially all assets of the Credit Party group, including intellectual property, subject to Excluded Property/Accounts carve-outs.",2024-05-21_CHRS_EX10-28_Loan-Agreement; 10-K/10-Q Note 8,EX-10.28 / 10-K / 10-Q,"Loan Agmt Sec. 5.12(a), def. Collateral/IP Agreements; 10-Q Note 8",https://www.sec.gov/Archives/edgar/data/0001512762/000155837024008542/chrs-20240508xex10d1.htm,"10-Q confirms 'lien on substantially all assets of the Company, including intellectual property.' Deposit/securities accounts covered via Control Agreements (Sec. 5.5)."
"Coherus Oncology, Inc.",CHRS,Collateral,C02,Equity pledge of subsidiaries,Equity pledge,"Delaware, USA","Coherus Oncology, Inc.",100% of non-excluded subsidiary equity pledged to lenders,100% of non-Excluded subsidiary equity pledged (65% voting cap only if a Foreign Sub triggers IRC Sec. 956 - none currently),,,Parent + intermediate Credit Parties pledge,Credit Parties,Domestic (US),Pledged Equity Interests,"Guaranty & Security Agreement (Exh. C, redacted)",2024-05-08,Reported,"Lenders control equity of all key subsidiaries incl. Surface Oncology, LLC (pipeline IP). No foreign subs, so the 65% CFC cap is inapplicable today.",2024-05-21_CHRS_EX10-28_Loan-Agreement,EX-10.28,Loan Agmt Sec. 5.12(a) & 5.12(d) (65% Sec. 956 cap); def. Excluded Equity Interests,https://www.sec.gov/Archives/edgar/data/0001512762/000155837024008542/chrs-20240508xex10d1.htm,Pledge covers all Equity Interests other than Excluded Equity Interests in each Subsidiary other than Excluded Subsidiaries. 65%/100% voting/non-voting cap applies only on a Sec. 956 adverse-tax trigger.
"Coherus Oncology, Inc.",CHRS,Collateral,C03,Excluded Property / Excluded Accounts carve-outs,Collateral exclusion,"Delaware, USA","Coherus Oncology, Inc.",Assets outside the collateral perimeter,,,,N/A (excluded),N/A,Domestic (US),Excluded Property / Excluded Accounts,"Defined in Guaranty & Security Agreement (Exh. C, redacted)",2024-05-08,Reported,"Carve-outs: payroll/employee-benefit accounts, zero-balance & merchant accounts, escrow/customs/fiduciary accounts, and other designated accounts capped at $750,000 aggregate; plus the full 'Excluded Property' list in the redacted Security Agreement.",2024-05-21_CHRS_EX10-28_Loan-Agreement,EX-10.28,Loan Agmt Sec. 5.5 (Excluded Accounts); def. Excluded Property,https://www.sec.gov/Archives/edgar/data/0001512762/000155837024008542/chrs-20240508xex10d1.htm,Full itemized Excluded Property list is in Exhibit C (redacted [***]); worth diligencing the Security Agreement directly.
"Coherus Oncology, Inc.",CHRS,Collateral,C04,RPR collateral (Coduet) - subordinated,Security interest (junior),"Delaware, USA","Coherus Oncology, Inc.",Junior lien on RPR / revenue payments / collection account,,,,Parent grants to Coduet/Ankura (paying agent),N/A,Domestic (US),RPA Collateral + Paying Agent Collateral,"Security & Paying Agent Agreement (2024-05-08), as amended by Omnibus Amendment (2024-06-25)",2024-05-08 (amended 2024-06-25),Reported,RPR purchaser's security interest in LOQTORZI revenue streams and collection account is contractually SUBORDINATED to the 2029 Term Loan via the intercreditor agreement (Ankura = senior agent).,2024-05-21_CHRS_EX10-29_RPR-PSA; 2024-08-08_CHRS_EX10-31_Omnibus-Amendment,EX-10.29 / EX-10.31,"RPR PSA Sec. 11.13; Omnibus Amendment paras. 3, 8; Loan Agmt Intercreditor def.",https://www.sec.gov/Archives/edgar/data/0001512762/000155837024011629/chrs-20240630xex10d4.htm,Omnibus Amendment added Control Agreement + monthly sweep of Revenue Payments into a segregated collection account for the Paying Agent/Buyer benefit.
"Coherus Oncology, Inc.",CHRS,Collateral,C05,Convertible Notes - unsecured,Unsecured claim,"Delaware, USA","Coherus Oncology, Inc.",No collateral / no negative pledge,,,,None (unsecured),N/A,Domestic (US),Unsecured subordinated notes,,2020-04-17,Reported,"Convertible notes have no collateral, no negative pledge, and are subordinated - lowest in the priority stack (now nearly retired).",2020-04-17_CHRS_EX4-4_Indenture-2020-Convertible-Notes,EX-4.4,2020 Indenture Art. 6 (subordination); no lien granted,https://www.sec.gov/Archives/edgar/data/1512762/000110465920048214/tm2015668d4_ex4-1.htm,Only debt covenant is anti-layering (Sec. 3.05); no lien or subsidiary-debt restriction.
"Coherus Oncology, Inc.",CHRS,Asset,A01,LOQTORZI (toripalimab-tpzi) - U.S. license & BLA,In-licensed product right,United States,"Coherus Oncology, Inc.",Held at parent; licensed-in from Junshi,,,,,,Domestic (US),LOQTORZI US/Canada commercialization rights + U.S. BLA,"Coherus Oncology, Inc. (parent) - IP owned by Junshi",Junshi Collaboration 2021-02-01; U.S. approval 2023,Reported,"CROWN JEWEL revenue driver, but LICENSED-IN: molecule/IP owned by Junshi; Coherus holds only US/Canada rights and depends on Junshi for supply. Value to lenders limited by the license terms.",2026-03-09_CHRS_10K_FY2025.pdf,10-K,10-K Item 1 (Junshi License); Note 12,https://www.sec.gov/Archives/edgar/data/1512762/000110465926025308/chrs-20251231x10k.htm,"License/BLA sit at parent level (within collateral), but underlying toripalimab IP is Junshi-owned and OUTSIDE the collateral perimeter. Low-twenties % royalty + up to ~$355M remaining milestones payable to Junshi."
"Coherus Oncology, Inc.",CHRS,Asset,A02,"casdozokitug (CHS-388, f/k/a SRF388) - anti-IL-27",Clinical pipeline asset (IP),United States,"Surface Oncology, LLC","Owned by Surface Oncology, LLC (guarantor)",,,,,,Domestic (US),Anti-IL-27 antibody; Phase 2 in 1L HCC,"Surface Oncology, LLC",Acquired via Surface Acquisition 2023-09,Reported,"Pipeline IP inside a guarantor entity, hence within the collateral package; subject to CVR (50% of ex-US upfront) to former Surface holders.",2026-03-09_CHRS_10K_FY2025.pdf,10-K,10-K Item 1 (Pipeline); CVR Agreement 2023-09-08,https://www.sec.gov/Archives/edgar/data/1512762/000110465926025308/chrs-20251231x10k.htm,Lead pipeline asset; FDA orphan drug designation Oct 2020.
"Coherus Oncology, Inc.",CHRS,Asset,A03,"tagmokitug (CHS-114, f/k/a SRF114) - anti-CCR8","Clinical pipeline asset (IP, in-licensed from Vaccinex)",United States,"Surface Oncology, LLC","Held by Surface Oncology, LLC (guarantor); licensed from Vaccinex",,,,,,Domestic (US),Anti-CCR8 antibody,"Surface Oncology, LLC (Vaccinex License Agreement 2021-03-23)",Acquired via Surface Acquisition 2023-09,Reported,Pipeline asset in a guarantor entity (in collateral); Vaccinex royalty/milestones and 25% ex-US-upfront CVR apply.,2026-03-09_CHRS_10K_FY2025.pdf,10-K,10-K Item 1; Vaccinex License Agreement,https://www.sec.gov/Archives/edgar/data/1512762/000110465926025308/chrs-20251231x10k.htm,Licensed-in from Vaccinex (worldwide exclusive); low-single-digit royalties + milestones.
"Coherus Oncology, Inc.",CHRS,Asset,A04,Coherus proprietary patent portfolio (formulations/manufacturing),Owned IP,United States,"Coherus Oncology, Inc.",Owned by parent; within collateral,,,,,,Domestic (US),"Patents: formulations, protein manufacturing, drug products/devices","Coherus Oncology, Inc.",As of 2025-12-31,Reported,"Owned IP inside the collateral package, but does NOT include core toripalimab composition-of-matter IP (Junshi-owned).",2026-03-09_CHRS_10K_FY2025.pdf,10-K,10-K Item 1 (Intellectual Property),https://www.sec.gov/Archives/edgar/data/1512762/000110465926025308/chrs-20251231x10k.htm,Company owns formulation/manufacturing/device patents; core product molecule IP is licensed-in.
"Coherus Oncology, Inc.",CHRS,Asset,A05,"Cash, cash equivalents & marketable securities",Financial asset,United States,"Coherus Oncology, Inc.",Held by Credit Party group; subject to Control Agreements,,,,,,Domestic (US),Cash & investments: $167.0M at 2026-03-31 ($172.1M at 2025-12-31),"Coherus Oncology, Inc. / Credit Parties",2026-03-31,Reported,Primary near-term source of repayment; subject to Term Loan minimum-liquidity covenant and Control Agreements (excluding designated Excluded Accounts).,2026-05-11_CHRS_10Q_Q1-2026.pdf,10-Q,10-Q Balance Sheet & Liquidity,https://www.sec.gov/Archives/edgar/data/1512762/000110465926058703/chrs-20260331x10q.htm,2026-03-31: $115.2M cash + $51.8M marketable securities = $167.0M. 2025-12-31: $88.9M + $83.2M = $172.1M.
"Coherus Oncology, Inc.",CHRS,Asset,A06,UDENYCA earnout receivables (contingent),Contingent receivable,United States,"Coherus Oncology, Inc.",Contingent consideration from UDENYCA sale,,,,,,Domestic (US),Two contingent earnouts of $37.5M each (Net Sales >= $300M and >= $350M),"Coherus Oncology, Inc.",UDENYCA sale closed 2025-04-11,Reported,Up to $75M additional contingent cash to the borrower if UDENYCA (now Accord's) hits sales thresholds - a potential collateral/repayment source.,2026-03-09_CHRS_10K_FY2025.pdf,10-K,10-K Note 6,https://www.sec.gov/Archives/edgar/data/1512762/000110465926025308/chrs-20251231x10k.htm,Earnout 1: Net Sales 2025-07-01 to 2026-09-30 >= $300M. Earnout 2: 2025-07-01 to 2027-03-31 >= $350M.
"Coherus Oncology, Inc.",CHRS,Asset,A07,Surface legacy out-license / royalty & CVR contracts,Contract rights,United States,"Surface Oncology, LLC","Held by Surface Oncology, LLC (guarantor)",,,,,,Domestic (US),Out-license/royalty rights (Adimab); terminated GSK (Dec 2025) & Novartis (Oct 2024),"Surface Oncology, LLC",As of 2025-12-31,Reported,Diminished legacy value: GSK (anti-PVRIG) terminated 2025-12-16 and Novartis (NZV930) terminated 2024-10-02; related intangibles written off. Adimab royalty arrangement remains.,2026-03-09_CHRS_10K_FY2025.pdf,10-K,10-K Item 1 & Notes (Surface collaborations),https://www.sec.gov/Archives/edgar/data/1512762/000110465926025308/chrs-20251231x10k.htm,GSK milestone $30M was earned in 2022 but agreement since terminated; $2.1M intangible written off Q3-2025.
"Coherus Oncology, Inc.",CHRS,Obligation,D01,2029 Term Loan (senior secured),Senior secured debt,"Delaware, USA","Coherus Oncology, Inc.",Borrower = parent; guaranteed by 4 subs; secured,,"Borrower: Coherus Oncology, Inc.","Guarantors: Coherus Intermediate Corp., Intekrin, Surface Oncology LLC, Coherus Oncology Supportive Care LLC",Secured by substantially all assets incl. IP,,Domestic (US),Term loan: $38.66M gross principal; ~$37.1M carrying at 2026-03-31 ($37.05M at 2025-12-31),"Ankura Trust Company, LLC (Collateral Agent); Barings-managed Lenders",2024-05-08; matures 2029-05-08,Reported,"The core senior secured obligation. Rate 8.00% + 3-month SOFR; interest-only, quarterly; matures 2029-05-08. Minimum-liquidity covenant (>= $15M per loan agmt; 10-Q says minimum cash/equivalents). In full compliance at 2025-12-31 & 2026-03-31. Prepayment premium 10%/5%/0% + first-year make-whole.",2024-05-21_CHRS_EX10-28_Loan-Agreement; 10-K/10-Q Note 8,EX-10.28 / 10-K / 10-Q,"Loan Agmt Sec. 2.2-2.3, 6.16; 10-K Note 8; 10-Q Note 8",https://www.sec.gov/Archives/edgar/data/0001512762/000155837024008542/chrs-20240508xex10d1.htm,Principal amount was redacted [***] in the loan agreement; 10-K/10-Q disclose $38.66M gross. Proceeds refinanced the prior 2027 (BioPharma Credit) term loans. No amortization; interest-only until 2029.
"Coherus Oncology, Inc.",CHRS,Obligation,D02,LOQTORZI Revenue Participation Right liability,Revenue monetization liability,"Delaware, USA","Coherus Oncology, Inc.",Obligor = parent; secured (junior to term loan),,"Obligor/Seller: Coherus Oncology, Inc.",None,Secured on RPR revenue streams (subordinated),,Domestic (US),Revenue participation: 5.0% (6.5% Udenyca step-up) of first tier / 0.5% above tier of U.S. net sales; cap 2.25x purchase price per product,"Coduet Royalty Holdings, LLC (Barings-managed)",2024-05-08; UDENYCA portion bought out 2025-04-15,Reported,"LOQTORZI portion remains: net carrying $14.4M at 2026-03-31 ($14.0M at 2025-12-31); effective rate ~27.4%. A cash-flow leakage claim on LOQTORZI net sales, but junior to the term loan.",2024-05-21_CHRS_EX10-29_RPR-PSA; 10-K/10-Q Note 8,EX-10.29 / 10-K / 10-Q,"RPR PSA Sec. 6.3, 7.3(d); 10-K Note 8; 10-Q Note 8",https://www.sec.gov/Archives/edgar/data/0001512762/000155837024008542/chrs-20240508xex10d2.htm,"Original purchase price $37.5M (Udenyca+Loqtorzi). UDENYCA portion bought out for $47.7M on 2025-04-15 (post-UDENYCA sale). CoC/product-disposition triggers put at Purchase Price less payments (Acceptable Assignee) or 2.25x less payments (otherwise), payable within 5 business days."
"Coherus Oncology, Inc.",CHRS,Obligation,D03,1.50% Convertible Senior Subordinated Notes due 2026,Unsecured subordinated convertible debt,"Delaware, USA","Coherus Oncology, Inc.",Issuer = parent; unsecured; no subsidiary guarantees,,"Issuer: Coherus Oncology, Inc.",None,Unsecured,,Domestic (US),Convertible notes: ~$0.1M ($121K) remaining at 2026-03-31 (repaid at 2026-04 maturity),"U.S. Bank Trust Company, N.A. (Trustee)",Issued 2020-04-17; matures 2026-04-15,Reported,Essentially retired: $230M repurchased/repaid in 2025 ($170.0M on 2025-04-15; $59.9M on 2025-05-15) using UDENYCA proceeds; $0.1M residual repaid April 2026. Subordinated & unsecured - lowest priority.,2020-04-17_CHRS_EX4-4_Indenture; 10-K/10-Q Note 8,EX-4.4 / 10-K / 10-Q,2020 Indenture Art. 6; First Supplemental Indenture 2025-03-31; 10-K/10-Q Note 8,https://www.sec.gov/Archives/edgar/data/1512762/000110465920048214/tm2015668d4_ex4-1.htm,"Subordinated to 'Designated Senior Indebtedness' (capped $100M). First Supplemental Indenture (2025-03-31, majority-holder consent) carved the Intas/UDENYCA asset sale out of the Business Combination Event covenant."
"Coherus Oncology, Inc.",CHRS,Obligation,D04,Junshi royalty & milestone obligation (LOQTORZI),License royalty/milestone obligation,United States / China,"Coherus Oncology, Inc.",Payable by parent to Junshi (licensor),,,,,,Domestic obligor / foreign payee,Low-twenties % royalty on LOQTORZI net sales + up to ~$355M remaining milestones ($25M of $380M paid),"Shanghai Junshi Biosciences Co., Ltd.",Collaboration 2021-02-01,Reported,Senior economic claim on LOQTORZI gross profit (paid off the top as a royalty); accrued royalty $2.4M at 2026-03-31 ($4.7M at 2025-12-31). Structural leakage ahead of Coherus' retained LOQTORZI margin.,2026-03-09_CHRS_10K_FY2025.pdf; 10-Q Note 7,10-K / 10-Q,10-K Item 1 & Note 12; 10-Q Note 7,https://www.sec.gov/Archives/edgar/data/1512762/000110465926025308/chrs-20251231x10k.htm,Royalty passes through even the Apotex Canada sublicense. Reduces LOQTORZI cash available to service the term loan.
"Coherus Oncology, Inc.",CHRS,Obligation,D05,Contingent Value Rights (Surface acquisition),Contingent contractual obligation,"Delaware, USA","Surface Oncology, LLC / Coherus Oncology, Inc.",Payable to former Surface shareholders,,,,,,Domestic (US),50% of ex-US casdozokitug upfront + 25% of ex-US tagmokitug upfront (10-yr term),Former Surface Oncology shareholders (CVR holders),CVR Agreement 2023-09-08,Reported,Contingent leakage on any ex-US out-licensing of the pipeline; GSK/Novartis-related CVR liabilities remeasured to zero on termination.,2026-03-09_CHRS_10K_FY2025.pdf,10-K,10-K Notes (Surface CVR),https://www.sec.gov/Archives/edgar/data/1512762/000110465926025308/chrs-20251231x10k.htm,Only triggers on ex-US licensing upfronts for casdozokitug/tagmokitug.
"Coherus Oncology, Inc.",CHRS,Cash Flow,F01,LOQTORZI U.S. net sales waterfall,Revenue flow,United States,"Coherus Oncology, Inc.",LOQTORZI revenue at parent -> Junshi royalty + Coduet RPR,,,,,,Domestic (US),LOQTORZI U.S. net sales (sole growth revenue post-divestitures),"Coherus Oncology, Inc. (revenue); leakage to Junshi & Coduet",Ongoing (as of 2026-03-31),Reported,LOQTORZI is the primary go-forward revenue. Off the top: low-twenties % royalty to Junshi; plus 5.0%/0.5% revenue participation to Coduet (RPR). Residual margin services the term loan.,2026-05-11_CHRS_10Q_Q1-2026.pdf; 10-K,10-K / 10-Q,"10-K Item 1, Note 12; RPR PSA; 10-Q Note 7-8",https://www.sec.gov/Archives/edgar/data/1512762/000110465926058703/chrs-20260331x10q.htm,Concentration risk: single in-licensed product now carries the credit's revenue.
"Coherus Oncology, Inc.",CHRS,Cash Flow,F02,UDENYCA divestiture proceeds application,One-time proceeds flow,United States,"Coherus Oncology, Inc.",Sale proceeds -> debt paydown & RPR buyout,,,,,,Domestic (US),$483.4M upfront cash (incl $118.4M inventory) + 2x$37.5M earnouts,"From Accord/Intas to Coherus Oncology, Inc.",Closed 2025-04-11,Reported,De-levering event: proceeds repaid ~$230M convertibles (Apr/May 2025) and funded the $47.7M UDENYCA RPR buy-out. The 2029 Term Loan was NOT repaid.,2026-03-09_CHRS_10K_FY2025.pdf; 8-K 2025-04-01,10-K / 8-K,10-K Note 6; 8-K 2025-04-01,https://www.sec.gov/Archives/edgar/data/1512762/000155837025004264/chrs-20250331x8k.htm,Net gain on UDENYCA sale $338.3M (discontinued ops).
"Coherus Oncology, Inc.",CHRS,Cash Flow,F03,RPR revenue-payment sweep (parent -> Coduet),Recurring payment flow,"Delaware, USA","Coherus Oncology, Inc.",Monthly sweep of LOQTORZI Revenue Payments to Coduet,,,,,,Domestic (US),Revenue participation payments (capped 2.25x per product),Coherus -> Ankura (Paying Agent) -> Coduet/Buyers,2024-05-08 (Omnibus Amendment sweep from 2024-06-28),Reported,Segregated collection account with monthly sweep; junior to term loan via intercreditor. Reduces free cash flow at the borrower.,2024-08-08_CHRS_EX10-31_Omnibus-Amendment,EX-10.31,"Omnibus Amendment paras. 3, 8-13",https://www.sec.gov/Archives/edgar/data/0001512762/000155837024011629/chrs-20240630xex10d4.htm,Payment Date = 15th of the 3rd month after quarter-end; pro rata on Percentage Interests.
"Coherus Oncology, Inc.",CHRS,Cash Flow,F04,Intercompany balances,Intercompany,"Delaware, USA","Coherus Oncology, Inc.",Parent <-> subsidiaries (eliminated in consolidation),,,,,,Domestic (US),Intercompany loans/balances - not separately quantified,Within consolidated Coherus group,As of 2026-03-31,Reported,"No specific intercompany loan balances disclosed; all material intercompany transactions eliminated in consolidation. All material entities are guarantors, so intercompany flows stay within the collateral group.",2026-03-09_CHRS_10K_FY2025.pdf,10-K,10-K Note 1 (Basis of Consolidation),https://www.sec.gov/Archives/edgar/data/1512762/000110465926025308/chrs-20251231x10k.htm,Not disclosed at entity level - Schedule 4.15 / Disclosure Letter not filed.
"Coherus Oncology, Inc.",CHRS,Orion Analysis,OA01,Who legally owes the term loan,Orion credit assessment,"Delaware, USA","Coherus Oncology, Inc.",Analytical conclusion,,,,,,Domestic (US),,,,Orion Analysis,"The 2029 Term Loan is a direct obligation of the parent, Coherus Oncology, Inc. (f/k/a Coherus BioSciences, Inc.), as Borrower, joint & several with its guarantors.","Derived from Loan Agreement, RPR PSA, Indenture, 10-K, 10-Q",Orion Analysis,See cited primary-source rows above,,Single borrower (parent). Recourse extended to the four guarantor subsidiaries via joint-and-several guaranty. No other entity is a primary obligor.
"Coherus Oncology, Inc.",CHRS,Orion Analysis,OA02,Who guarantees the term loan,Orion credit assessment,"Delaware, USA","Coherus Oncology, Inc.",Analytical conclusion,,,,,,Domestic (US),,,,Orion Analysis,"Guarantors are Coherus Intermediate Corp., Intekrin Therapeutics Inc., Surface Oncology, LLC, and Coherus Oncology Supportive Care LLC - all Delaware. Coherus Immunology LLC is expressly NOT a guarantor (Excluded Subsidiary, no assets).","Derived from Loan Agreement, RPR PSA, Indenture, 10-K, 10-Q",Orion Analysis,See cited primary-source rows above,,"Guarantee package captures every subsidiary with assets. The one carve-out (Coherus Immunology LLC) is empty, so no material value escapes the guaranty. Do not assume any sub is a guarantor - confirmed from the loan agreement preamble & Excluded Subsidiary definition."
"Coherus Oncology, Inc.",CHRS,Orion Analysis,OA03,Entities/assets outside the collateral perimeter,Orion credit assessment,"Delaware, USA","Coherus Oncology, Inc.",Analytical conclusion,,,,,,Domestic (US),,,,Orion Analysis,"Outside the lien: (1) Junshi-owned toripalimab/LOQTORZI molecule IP (never a Coherus asset); (2) Excluded Property & Excluded Accounts (payroll/escrow/merchant/zero-balance + designated accounts <= $750K aggregate); (3) Coherus Immunology LLC (Excluded Sub, no assets).","Derived from Loan Agreement, RPR PSA, Indenture, 10-K, 10-Q",Orion Analysis,See cited primary-source rows above,,The economically critical item outside the perimeter is the LOQTORZI molecule IP and Junshi supply - lenders hold the license/BLA (an asset that can be impaired if the license terminates) but not the underlying drug rights. Full Excluded Property list is in the redacted Security Agreement - diligence directly.
"Coherus Oncology, Inc.",CHRS,Orion Analysis,OA04,Where LOQTORZI IP and cash flows reside,Orion credit assessment,"Delaware, USA","Coherus Oncology, Inc.",Analytical conclusion,,,,,,Domestic (US),,,,Orion Analysis,"LOQTORZI U.S./Canada license and U.S. BLA sit at the parent (a Credit Party, within collateral). The underlying molecule IP is owned by Junshi (external). LOQTORZI net sales accrue at the parent, then leak via Junshi royalty (low-20s%) and the Coduet RPR (5.0%/0.5%).","Derived from Loan Agreement, RPR PSA, Indenture, 10-K, 10-Q",Orion Analysis,See cited primary-source rows above,,"Cash flow reaches the borrower, but two senior-ish economic claims (Junshi royalty off the top; RPR participation) sit ahead of/alongside residual margin. The pipeline IP (casdozokitug, tagmokitug) sits in guarantor Surface Oncology, LLC - inside collateral."
"Coherus Oncology, Inc.",CHRS,Orion Analysis,OA05,Are material foreign subsidiaries excluded?,Orion credit assessment,"Delaware, USA","Coherus Oncology, Inc.",Analytical conclusion,,,,,,Domestic (US),,,,Orion Analysis,No. The entire Credit Party group is Delaware/domestic; there are no foreign subsidiaries. The 65% voting-stock pledge cap (IRC Sec. 956) and Foreign Subsidiary Holdco concepts are present in the loan docs but inapplicable today.,"Derived from Loan Agreement, RPR PSA, Indenture, 10-K, 10-Q",Orion Analysis,See cited primary-source rows above,,Positive for lenders: no value trapped in unpledged/unguaranteed foreign entities; no CFC leakage. Confirmed from Loan Agmt Sec. 5.12(d) and the all-Delaware entity roster (EX-21.1 + loan preamble).
"Coherus Oncology, Inc.",CHRS,Orion Analysis,OA06,Structural subordination / leakage risk,Orion credit assessment,"Delaware, USA","Coherus Oncology, Inc.",Analytical conclusion,,,,,,Domestic (US),,,,Orion Analysis,"Low structural subordination: all material subsidiaries are guarantors and grantors, so the term lenders are not structurally junior to operating-company creditors. Leakage is contractual, not structural: Junshi royalty, LOQTORZI RPR, and Surface CVRs. Convertible notes were structurally subordinated but are essentially retired.","Derived from Loan Agreement, RPR PSA, Indenture, 10-K, 10-Q",Orion Analysis,See cited primary-source rows above,,"Main leakage channels are the Junshi royalty (unavoidable, senior economics) and the RPR (junior to the term loan). No 'trapped value' in non-guarantor entities. The RPR and CVRs are capped/contingent."
"Coherus Oncology, Inc.",CHRS,Orion Analysis,OA07,Do lenders control equity of key subsidiaries?,Orion credit assessment,"Delaware, USA","Coherus Oncology, Inc.",Analytical conclusion,,,,,,Domestic (US),,,,Orion Analysis,"Yes. The parent pledges 100% of the equity of every non-Excluded subsidiary, including Surface Oncology, LLC (which holds the pipeline IP). No 65% foreign cap applies (no foreign subs).","Derived from Loan Agreement, RPR PSA, Indenture, 10-K, 10-Q",Orion Analysis,See cited primary-source rows above,,Lenders can foreclose on subsidiary equity as well as subsidiary assets - a belt-and-suspenders package. Equity pledge terms are in the redacted Guaranty & Security Agreement but the pledge obligation is explicit in Sec. 5.12(a).
"Coherus Oncology, Inc.",CHRS,Orion Analysis,OA08,Weakest point in the lender collateral & guarantee package,Orion credit assessment,"Delaware, USA","Coherus Oncology, Inc.",Analytical conclusion,,,,,,Domestic (US),,,,Orion Analysis,"WEAKEST LINK: single-product concentration on an IN-LICENSED asset. Post-divestitures, the credit's value rests overwhelmingly on LOQTORZI, whose molecule IP is owned by Junshi and whose supply depends on Junshi. If the Junshi license/supply fails, the collateral (a license + BLA) is sharply impaired and the pipeline (early-stage Surface assets) cannot cover the term loan.","Derived from Loan Agreement, RPR PSA, Indenture, 10-K, 10-Q",Orion Analysis,See cited primary-source rows above,,"Secondary weaknesses: (a) key economics (molecule IP, manufacturing) sit outside the collateral with Junshi; (b) full Excluded Property list and equity-pledge mechanics are in the redacted Security Agreement (diligence gap); (c) thin liquidity runway against a large accumulated deficit and continuing net losses. Mitigants: all-domestic all-guarantor structure, 100% equity pledge, substantially-all-assets lien senior to the RPR, minimal senior debt (~$38.7M) and nearly-retired converts, and $167.0M liquidity at 2026-03-31."
