published_date,event_date,company,ticker,headline,source_name,category,affected_entity_or_product,summary,affected_metric_or_risk,credit_impact,importance,time_horizon,orion_interpretation,monitoring_action,status,source_file,source_url,notes
2024-01-02,2024-01-02,"Coherus Oncology, Inc.",CHRS,LOQTORZI (toripalimab-tpzi) launched commercially in the U.S. for nasopharyngeal carcinoma,Coherus FY2025 10-K,Commercial,LOQTORZI (toripalimab-tpzi),"Coherus began U.S. commercial sales of LOQTORZI on January 2, 2024. It is the first and only FDA-approved immunotherapy for NPC (approved 2023-10-27) and the company's sole commercial product following the biosimilar divestitures.",Revenue; product adoption,Positive,High,Long Term,"Establishes the single revenue engine that must ultimately service the 2029 term loan. Positive that a differentiated, guideline-anchored oncology asset is now generating cash, but 100% single-product/single-indication concentration is the structural weakness.",Track quarterly LOQTORZI net sales and adoption trajectory toward the ~$250M addressable ceiling,Monitoring,01_Filings/10K/2026-03-09_CHRS_10K_FY2025.pdf,https://www.sec.gov/Archives/edgar/data/1512762/000110465926025308/chrs-20251231x10k.htm,Launch date confirmed in FY2025 10-K Item 1 (Overview).
2024-01-10,2024-01-10,"Coherus Oncology, Inc.",CHRS,Coherus issues preliminary 2023 results and 2024 strategic priorities ahead of J.P. Morgan conference,Coherus press release (8-K EX-99.1),Earnings,Coherus BioSciences,Coherus released preliminary full-year 2023 financial information and outlined 2024 priorities centered on the LOQTORZI launch and continued portfolio streamlining ahead of the J.P. Morgan Healthcare Conference.,Revenue; strategy,Neutral,Low,Near Term,Signals the strategic pivot toward a pure oncology model that culminated in the biosimilar divestitures; limited standalone credit impact.,Compare preliminary figures against audited FY2023 results,Archived,02_Earnings/releases/2024-01-10_CHRS_ER_Jan-Prelim-Guidance-2024.pdf,https://www.sec.gov/Archives/edgar/data/1512762/000155837024000166/chrs-20240110xex99d1.htm,Preliminary/unaudited figures.
2024-01-18,2024-01-18,"Coherus Oncology, Inc.",CHRS,Casdozokitug (anti-IL-27) Phase 2 HCC data presented at ASCO GI 2024,Coherus FY2025 10-K,Clinical,Casdozokitug (CHS-388) pipeline,Phase 2 data for casdozokitug plus atezolizumab and bevacizumab in first-line hepatocellular carcinoma showed an ORR of 38% with 3 complete responses (n=30 cohort).,Pipeline optionality / enterprise value,Neutral,Low,Long Term,Early-stage pipeline signal in HCC. No near-term revenue or cash effect; provides potential longer-dated enterprise-value optionality that is not part of the debt-repayment thesis.,Track casdozokitug next Phase 2 readout (toripalimab combination),Monitoring,01_Filings/10K/2026-03-09_CHRS_10K_FY2025.pdf,https://www.sec.gov/Archives/edgar/data/1512762/000110465926025308/chrs-20251231x10k.htm,Pipeline program originating from the 2023 Surface Oncology acquisition.
2024-01-22,2024-01-22,"Coherus BioSciences, Inc.",CHRS,Coherus agrees to sell CIMERLI ophthalmology franchise to Sandoz for $170M upfront,BioPharma Dive; Coherus IR,Liquidity,CIMERLI (ranibizumab-eqrn) franchise,Coherus agreed to divest its CIMERLI (Lucentis biosimilar) ophthalmology franchise to Sandoz for $170 million upfront in cash plus inventory-related adjustments; ~35 staff transferred. Completed in March 2024.,Liquidity runway; leverage; revenue base,Positive,High,Near Term,"Cash proceeds fund debt paydown and extend runway (credit-positive deleveraging), but permanently removes a revenue stream, concentrating the credit further onto LOQTORZI. Net positive given the deleveraging priority.",Confirm proceeds applied to debt reduction and cash balance in Q1 2024,Resolved,,https://www.biopharmadive.com/news/coherus-sandoz-cimerli-biosimilar-sale-divest/705140/,Completion PR 2024-03-04. Proceeds drove cash to $259.8M at 3/31/2024.
2024-03-13,2024-03-13,"Coherus BioSciences, Inc.",CHRS,Coherus reports FY2023 results and announces ~30% workforce reduction,Coherus press release (8-K EX-99.1),Earnings,Coherus BioSciences,"Coherus reported full-year 2023 results and announced a ~30% workforce reduction (~90 of ~300 employees) targeting more than $25M in annual savings, tied to the oncology refocus and CIMERLI transfer.",Operating expense; cash burn,Positive,Medium,Near Term,"Cost actions reduce cash burn and support runway (credit-positive), but repeated restructurings also signal ongoing operating-loss pressure. Net modestly positive for near-term liquidity.",Track opex reduction flow-through and cash burn in subsequent quarters,Archived,02_Earnings/releases/2024-03-13_CHRS_ER_FY-Results-2024.pdf,https://www.sec.gov/Archives/edgar/data/1512762/000155837024003110/chrs-20240313xex99d1.htm,Follows a ~60-employee cut in March 2023. File named 'FY-Results-2024' but reports FY2023.
2024-05-13,2024-05-08,"Coherus BioSciences, Inc.",CHRS,"Coherus closes $76.2M Barings financing: $38.7M term loan (SOFR+8%, due 2029) plus $37.5M royalty; repays Pharmakon",Coherus 8-K / loan agreement; Latham & Watkins,Financing,2029 Term Loan (Barings) + Revenue Participation Right,"Coherus entered a Barings financing totaling $76.2M: a $38.7M senior secured term loan at three-month SOFR+8.00% maturing 2029-05-08 (administrative agent Ankura Trust), plus a $37.5M Revenue Participation Right sold to Coduet Royalty Holdings (mid-single-digit % of U.S. LOQTORZI/UDENYCA net sales, capped at 2.25x). Proceeds repaid the remaining $75M Pharmakon (BioPharma Credit) term loan.",Debt maturity profile; refinancing risk; interest cost,Neutral,Critical,Long Term,"This is the instrument underlying BBDC's Coherus exposure. Refinancing extended the maturity wall to 2029 and shed the larger Pharmakon loan (credit-neutral-to-positive), but the SOFR+8% coupon is expensive and the royalty sale monetized future product cash flows. Repayment depends on LOQTORZI scaling or continued capital access.","Monitor term-loan balance, covenant compliance and any amendments; watch 2029 maturity",Monitoring,03_Credit_Docs/2024-05-21_CHRS_EX10-28_Loan-Agreement-2024-05-08.pdf,https://www.lw.com/en/news/2024/05/latham-watkins-advises-coherus-in-term-loan-and-royalty-financing-agreement-with-barings,Loan agreement dated 2024-05-08; announced closing 2024-05-13. Prior $175M Pharmakon prepayment made April 2024.
2024-05-21,2024-05-08,"Coherus Oncology, Inc.",CHRS,2029 term loan carries a minimum-liquidity covenant (Section 6.16),Coherus loan agreement (EX-10.28),Covenant,2029 Term Loan (Barings),The Barings term loan includes a Minimum Liquidity covenant (Section 6.16) requiring a minimum level of cash and cash equivalents. The specific dollar threshold is contained in the loan agreement definitions and is not separately disclosed in narrative/XBRL. Filings report zero events of default at 12/31/2024 and 6/30/2025.,Covenant headroom; default risk,Neutral,Medium,Long Term,"A minimum-liquidity covenant is the primary covenant constraint. With ~$167-237M liquidity through Q1 2026 the company retains meaningful headroom, but the undisclosed threshold makes headroom hard to quantify precisely as cash declines.",Review covenant compliance certificate and the Section 6.16 minimum-liquidity threshold,Monitoring,03_Credit_Docs/2024-05-21_CHRS_EX10-28_Loan-Agreement-2024-05-08.pdf,https://www.sec.gov/Archives/edgar/data/0001512762/000155837024008542/chrs-20240508xex10d1.htm,Threshold not publicly disclosed; retrievable only from Section 6.16 of the loan-agreement exhibit.
2024-05-09,2024-03-31,"Coherus Oncology, Inc.",CHRS,"Coherus reports Q1 2024 results; LOQTORZI net sales $2.0M, cash $259.8M",Coherus press release (8-K EX-99.1),Earnings,LOQTORZI (toripalimab-tpzi),"Q1 2024 LOQTORZI net product revenue was $2.0M (first full quarter post-launch). Cash and investments were $259.8M at 3/31/2024, boosted by CIMERLI proceeds. Formulary access reported at ~55% of the 33 NCCN institutions.",Revenue; liquidity,Neutral,Medium,Near Term,First launch quarter confirms slow initial ramp typical of a small orphan indication. Strong cash position provides runway. Neutral pending demonstration of a durable sales curve.,Track sequential LOQTORZI net sales and NCCN institution uptake,Archived,02_Earnings/releases/2024-05-09_CHRS_ER_Q1-2024.pdf,https://www.sec.gov/Archives/edgar/data/1512762/000155837024007622/chrs-20240509xex99d1.htm,
2024-06-27,2024-06-27,"Coherus BioSciences, Inc.",CHRS,Coherus divests YUSIMRY (adalimumab) for $40M upfront,Coherus IR (GlobeNewswire),Liquidity,YUSIMRY (adalimumab-aqvh),Coherus sold its YUSIMRY (Humira biosimilar) product to Hong Kong King-Friend Industrial Co. for $40M upfront in cash; U.S. commercialization taken over by Meitheal Pharmaceuticals. Exit from the crowded adalimumab-biosimilar market.,Liquidity runway; revenue base,Positive,Medium,Near Term,"Adds cash and eliminates a low-margin, competitive product line, sharpening the oncology focus (credit-positive on liquidity). Further concentrates revenue on LOQTORZI.",Confirm proceeds in Q2 2024 cash balance,Resolved,,https://www.globenewswire.com/en/news-release/2024/06/27/2905181/33333/en/Coherus-BioSciences-Announces-Divestiture-of-YUSIMRY-adalimumab-aqvh-in-a-40-Million-Upfront-All-Cash-Transaction.html,Closed late June 2024.
2024-06-27,2024-06-27,"Coherus BioSciences, Inc.",CHRS,Coherus sublicenses Canadian LOQTORZI rights to Apotex,Coherus FY2025 10-K,Partnership,LOQTORZI (toripalimab-tpzi),"Coherus sublicensed its Canadian rights to toripalimab to Apotex, narrowing Coherus's own royalty-bearing/commercial territory for LOQTORZI to the United States.",Revenue geography,Neutral,Low,Long Term,Monetizes a non-core geography Coherus was unlikely to commercialize itself; negligible near-term credit effect but reinforces U.S.-only revenue concentration.,None material; note U.S.-only commercial footprint,Archived,01_Filings/10K/2026-03-09_CHRS_10K_FY2025.pdf,https://www.sec.gov/Archives/edgar/data/1512762/000110465926025308/chrs-20251231x10k.htm,Referenced in FY2025 10-K collaboration disclosures.
2024-08-08,2024-08-01,"Coherus BioSciences, Inc.",CHRS,"Bryan McMichael appointed CFO effective August 1, 2024",Coherus 8-K / IR,Management,Coherus BioSciences,"Bryan McMichael was appointed permanent CFO effective 2024-08-01, succeeding McDavid Stilwell (departed 12/31/2023). McMichael had served as interim principal financial officer and held finance roles at Coherus since March 2021 (prior Gilead, NetApp; CPA).",Management stability; financial reporting,Neutral,Medium,Near Term,Resolves an interim-CFO gap during the strategic transformation. Continuity from an internal appointment is modestly stabilizing for financial oversight; neutral for the credit.,Monitor finance-team stability and reporting quality,Archived,,https://investors.coherus.com/news-releases/news-release-details/coherus-biosciences-announces-cfo-transition-plans/,8-K filed 2024-08-08 (accession 0001558370-24-011618).
2024-08-08,2024-06-30,"Coherus Oncology, Inc.",CHRS,"Coherus reports Q2 2024 results; LOQTORZI net sales $3.8M, cash $159.2M",Coherus press release (8-K EX-99.1),Earnings,LOQTORZI (toripalimab-tpzi),Q2 2024 LOQTORZI net product revenue was $3.8M; the product became orderable at all 33 NCCN institutions. Cash and investments were $159.2M at 6/30/2024. A $12.5M Junshi regulatory milestone was paid in H1 2024.,Revenue; liquidity,Neutral,Medium,Near Term,Sequential growth (+90% QoQ off a tiny base) is encouraging but absolute dollars remain small. Cash step-down reflects debt repayment and burn. Neutral.,Track sequential LOQTORZI ramp and cash burn rate,Archived,02_Earnings/releases/2024-08-08_CHRS_ER_Q2-2024.pdf,https://www.sec.gov/Archives/edgar/data/1512762/000155837024011618/chrs-20240807xex99d1.htm,
2024-08-08,2024-08-08,"Coherus BioSciences, Inc.",CHRS,Omnibus amendment to Barings term loan / royalty transaction documents,Coherus 10-Q (EX-10.31),Financing,2029 Term Loan (Barings) + Revenue Participation Right,"Coherus and the Barings lenders executed an omnibus amendment to the May 2024 term-loan and Revenue Participation Right transaction documents, filed with the Q2 2024 10-Q.",Covenant terms; refinancing risk,Neutral,Low,Long Term,"Routine documentation amendment; no disclosed change to size or maturity. Neutral, but confirms the value of tracking amendments to the BBDC-held facility.",Review amendment terms for any covenant or economic changes,Archived,03_Credit_Docs/2024-08-08_CHRS_EX10-31_Omnibus-Amendment-Transaction-Docs.pdf,https://www.sec.gov/Archives/edgar/data/0001512762/000155837024011629/chrs-20240630xex10d4.htm,
2024-11-06,2024-09-30,"Coherus Oncology, Inc.",CHRS,"Coherus reports Q3 2024 results; LOQTORZI net sales $5.8M (+54% QoQ), cash $97.7M",Coherus press release (8-K EX-99.1),Earnings,LOQTORZI (toripalimab-tpzi),"Q3 2024 LOQTORZI net product revenue was $5.8M, up ~54% QoQ, with treated patients up ~60% and ~80% of NCCN institutions having prescribed. Cash and investments declined to $97.7M at 9/30/2024.",Revenue; liquidity,Neutral,Medium,Near Term,"Accelerating adoption is a positive commercial signal, but the cash balance falling below $100M underscores burn ahead of the UDENYCA proceeds. Net neutral.",Track LOQTORZI growth and cash runway into the UDENYCA close,Archived,02_Earnings/releases/2024-11-06_CHRS_ER_Q3-2024.pdf,https://www.sec.gov/Archives/edgar/data/1512762/000155837024014642/chrs-20241106xex99d1.htm,
2024-11-26,2024-11-26,"Coherus Oncology, Inc.",CHRS,NCCN names toripalimab plus chemotherapy the sole preferred Category 1 first-line NPC regimen (v1.2025),NCCN; oncology press,Reimbursement,LOQTORZI (toripalimab-tpzi),The NCCN NPC guideline (v1.2025) established toripalimab plus gemcitabine/cisplatin as the standalone preferred Category 1 first-line regimen and the only preferred subsequent-line option after platinum therapy.,Product adoption; payer coverage,Positive,Medium,Near Term,"Category 1 preferred status is a strong adoption and reimbursement anchor that underpins payer coverage and prescriber uptake, supporting the revenue ramp that services the debt.",Track whether guideline status translates into continued share/coverage gains,Monitoring,,https://www.oncnursingnews.com/view/nccn-updates-guidelines-for-preferred-frontline-regimen-for-advanced-nasopharyngeal-carcinoma,Initial NCCN Category 1 preferred inclusion was announced 2023-12-11.
2024-12-03,2024-12-02,"Coherus BioSciences, Inc.",CHRS,Coherus agrees to divest UDENYCA franchise to Intas/Accord for up to $558.4M,Coherus IR (GlobeNewswire),Liquidity,UDENYCA (pegfilgrastim) franchise,"Coherus agreed to sell its UDENYCA (pegfilgrastim biosimilar) franchise, its last biosimilar, to Intas Pharmaceuticals (U.S. arm Accord BioPharma) for up to $558.4M: $483.4M upfront (including $118.4M inventory) plus up to $75M sales milestones. Proceeds earmarked to repay the ~$230M 2026 convertible notes and buy out the Coduet royalty; company guided to post-close cash of ~$250M and runway exceeding two years.",Liquidity runway; leverage; revenue base,Positive,Critical,Near Term,"Transformational deleveraging event: funds the substantially full retirement of the convertible notes and leaves the ~$37M Barings term loan as essentially the only material debt, sharply improving the near-term credit profile. Trade-off is that it reduces Coherus to a single commercial product (LOQTORZI).","Monitor deal close, use of proceeds (note repayment, royalty buyout) and pro-forma cash",Resolved,,https://www.globenewswire.com/news-release/2024/12/03/2990450/33333/en/Coherus-Announces-Agreement-to-Divest-UDENYCA-Franchise-for-up-to-558-million-to-Intas-Pharmaceuticals-Ltd.html,Asset purchase agreement dated 2024-12-02; special-meeting proxy (DEFM14A) filed Jan 2025; closed 2025-04-11.
2024-12-20,2024-12-20,"Coherus Oncology, Inc.",CHRS,Coherus initiates new casdozokitug Phase 2 in HCC substituting toripalimab (NCT06679985),Coherus FY2025 10-K; ClinicalTrials.gov,Clinical,Casdozokitug (CHS-388) pipeline,"Coherus began a new Phase 2 study of casdozokitug combined with toripalimab and bevacizumab in first-line HCC (NCT06679985), replacing atezolizumab with its own PD-1. Enrollment later reported complete by Q1 2026 with a first readout guided to mid-2026.",Pipeline optionality; R&D spend,Neutral,Low,Long Term,"Advances pipeline optionality using an in-house asset (lower long-run cost), but adds R&D cash burn near term. Not part of the debt-repayment thesis; the mid-2026 readout is a potential equity catalyst.",Watch casdozokitug HCC Phase 2 readout (guided mid-2026),Monitoring,01_Filings/10K/2026-03-09_CHRS_10K_FY2025.pdf,https://clinicaltrials.gov/study/NCT06679985,
2025-01-13,2025-01-13,"Coherus Oncology, Inc.",CHRS,Coherus issues preliminary 2024 results; LOQTORZI FY2024 net sales ~$19.1M,Coherus press release (8-K EX-99.1),Earnings,LOQTORZI (toripalimab-tpzi),"Coherus released preliminary full-year 2024 results ahead of the J.P. Morgan conference, indicating LOQTORZI FY2024 net product revenue of ~$19.1M and reiterating the pending UDENYCA divestiture and pipeline priorities.",Revenue,Positive,Low,Near Term,"Confirms LOQTORZI roughly reached the high-teens millions in its first year, validating the launch curve. Limited incremental credit impact.",Compare to audited FY2024 results,Archived,02_Earnings/releases/2025-01-13_CHRS_ER_Jan-Prelim-Guidance-2025.pdf,https://www.sec.gov/Archives/edgar/data/1512762/000155837025000167/chrs-20250113xex99d1.htm,
2025-03-10,2024-12-31,"Coherus Oncology, Inc.",CHRS,"Coherus reports FY2024 results; LOQTORZI net sales $19.1M, cash $126.0M",Coherus press release (8-K EX-99.1),Earnings,LOQTORZI (toripalimab-tpzi),Full-year 2024 LOQTORZI net product revenue was $19.1M. Cash and investments were $126.0M at 12/31/2024; convertible notes carrying value was $228.2M pending the UDENYCA-funded repayment.,Revenue; liquidity; leverage,Neutral,Medium,Near Term,First full commercial year established a ~$19M base. The still-outstanding ~$228M convertibles kept leverage elevated pending the UDENYCA close. Neutral into the transformational Q2 2025 events.,Track LOQTORZI FY growth and execution of note repayment,Archived,02_Earnings/releases/2025-03-10_CHRS_ER_FY-Results-2025.pdf,https://www.sec.gov/Archives/edgar/data/1512762/000155837025002595/chrs-20250310xex99d1.htm,File named 'FY-Results-2025' but reports FY2024.
2025-03-10,2024-12-31,"Coherus Oncology, Inc.",CHRS,Material weakness in internal controls over inventory account reconciliations (as of 12/31/2024),Coherus FY2024 10-K; FY2025 10-K,Auditor,"Coherus Oncology, Inc.",Coherus disclosed in its FY2024 10-K that internal control over financial reporting was not effective as of 2024-12-31 due to a material weakness in the operating effectiveness of procedures for the documentation and review of certain inventory account reconciliations. The deficient control was decommissioned concurrent with the UDENYCA sale (closed 2025-04-11); management concluded ICFR was effective as of 2025-12-31 (FY2025 10-K). It was reaffirmed as a prior reportable event in the June 2026 auditor-change 8-K.,Financial reporting reliability; controls,Negative,Medium,Near Term,"A material weakness is a genuine reporting-reliability negative, but it was confined to inventory reconciliations on the since-divested biosimilar (UDENYCA) business, the control was decommissioned with that sale, and ICFR was concluded effective as of 12/31/2025. Contained and effectively resolved; the residual question is whether the new auditor (PwC) concurs.",Confirm PwC validates remediation and that no related weakness recurs in FY2026 controls,Resolved,01_Filings/10K/2026-03-09_CHRS_10K_FY2025.pdf,https://www.sec.gov/Archives/edgar/data/1512762/000110465926025308/chrs-20251231x10k.htm,Originally disclosed in the FY2024 10-K (ICFR not effective as of 12/31/2024); resolved as of 12/31/2025 per FY2025 10-K; deliberately not dated to the June 2026 auditor change.
2025-04-01,2025-03-31,"Coherus Oncology, Inc.",CHRS,Coherus executes First Supplemental Indenture and announces ~$170M repurchase of 2026 convertible notes,Coherus 8-K (EX-4.1); IR,Financing,1.50% Convertible Senior Subordinated Notes due 2026,"Coherus executed a First Supplemental Indenture (consent solicitation) amending the merger/asset-transfer covenant so the UDENYCA sale would not trigger default, and announced a privately negotiated repurchase of ~$170M of its 1.50% convertible notes due 2026 at par plus accrued interest, contingent on the UDENYCA close.",Leverage; refinancing risk,Positive,High,Near Term,Major deleveraging step that clears the largest debt maturity ahead of schedule. Removing the 2026 convertible wall materially de-risks the capital structure and elevates the relative standing of the Barings term loan (BBDC's instrument).,Confirm completion of note repurchase and residual balance,Resolved,03_Credit_Docs/2025-04-01_CHRS_EX4-7_First-Supplemental-Indenture-2025.pdf,https://www.sec.gov/Archives/edgar/data/1512762/000155837025004264/chrs-20250331x8k.htm,"Original notes: $230M 1.50% due 2026-04-15, issued 2020."
2025-04-14,2025-04-11,"Coherus Oncology, Inc.",CHRS,Coherus completes UDENYCA divestiture ($483.4M upfront) and buys out Coduet royalty (~$47.7M),Coherus 8-K / IR (GlobeNewswire),Liquidity,UDENYCA franchise; Revenue Participation Right,"The UDENYCA sale to Intas closed 2025-04-11 with $483.4M upfront received (plus up to $75M milestones). Coherus bought out the Coduet Revenue Participation Right for ~$47.7M as actually recorded (announced pro-forma figure $49.1M). The company exited biosimilars, becoming a pure oncology company.",Liquidity runway; leverage; enterprise value,Positive,Critical,Near Term,"Delivers the cash that funds substantially full convertible-note retirement and removes the LOQTORZI/UDENYCA royalty burden, cleaning up the capital structure around the Barings term loan. Strongly credit-positive near term; the offset is total reliance on LOQTORZI going forward.",Verify pro-forma cash (~$250M) and full note retirement in Q2 2025 filings,Resolved,,https://www.globenewswire.com/news-release/2025/04/14/3060846/33333/en/Coherus-Completes-Strategic-Transformation-with-Successful-Divestiture-of-UDENYCA-Franchise.html,8-K filed 2025-04-14 (accession 0001558370-25-004746). Royalty buyout $47.7M paid vs $49.1M announced.
2025-04-22,2025-04-16,"Coherus Oncology, Inc.",CHRS,"Chief Commercial Officer Paul Reider resigns effective April 30, 2025",Coherus 8-K (Item 5.02),Management,Coherus Oncology commercial leadership,"Paul Reider resigned as Chief Commercial Officer effective 2025-04-30, following the UDENYCA divestiture and not due to any disagreement. Severance included 12 months base-salary continuation, extended equity vesting through 12/31/2026 and a part-time advisory role through 4/30/2026.",Commercial execution; management stability,Negative,Medium,Near Term,"Loss of the top commercial executive during the critical LOQTORZI ramp introduces execution risk to the sole revenue stream, though it partly reflects the smaller post-divestiture organization. Mildly credit-negative.",Monitor commercial leadership backfill and any LOQTORZI sales disruption,Monitoring,01_Filings/8K/2025-04-22_CHRS_8K_items-5-02.pdf,https://www.sec.gov/Archives/edgar/data/1512762/000155837025005157/chrs-20250416x8k.htm,8-K accession 0001558370-25-005157 (chrs-20250416x8k).
2025-04-25,2025-04-23,"Akeso, Inc. / Chia Tai Tianqing",AKESO,FDA approves Akeso's penpulimab-kcqx for non-keratinizing nasopharyngeal carcinoma,FDA; Akeso press release,Competition,Penpulimab-kcqx (competitor to LOQTORZI),"The FDA approved penpulimab-kcqx (Akeso/Chia Tai Tianqing) in two NPC indications directly overlapping LOQTORZI: first-line non-keratinizing recurrent/metastatic NPC with platinum plus gemcitabine, and monotherapy for metastatic non-keratinizing NPC after platinum and at least one prior line. Per Coherus's FY2025 10-K, Akeso had not launched penpulimab in the U.S. as of that filing.",Revenue; pricing power; product adoption,Negative,High,Near Term,"The first approved, label-overlapping PD-1 rival in NPC. The threat is latent while unlaunched, but a U.S. commercialization (likely via a partner) would introduce direct price and share competition to LOQTORZI's sole revenue stream and pressure the ramp the credit relies on.","Watch for a penpulimab U.S. launch, pricing and commercial partner",Monitoring,,https://www.fda.gov/drugs/drug-approvals-and-databases/drug-trials-snapshots-penpulimab-kcqx,FDA snapshot date 2025-04-23; Akeso PR 2025-04-25. Not launched in U.S. per Coherus FY2025 10-K.
2025-04-25,2025-04-22,"Coherus Oncology, Inc.",CHRS,Director Mark Stolper to step down; board reduced to nine directors,Coherus 8-K (Item 5.02),Management,Coherus Oncology board of directors,"Director Mark D. Stolper notified the board he would not stand for re-election (departing at the 2025 Annual Meeting, with consulting support through 12/31/2026). The board reclassified two directors and reduced its size from ten to nine. CEO Dennis Lanfear signed as CEO.",Governance,Neutral,Low,Long Term,Routine board downsizing consistent with the smaller post-divestiture company; no indication of a governance dispute. Neutral for the credit.,Monitor board composition and governance continuity,Archived,01_Filings/8K/2025-04-25_CHRS_8K_items-5-02.pdf,https://www.sec.gov/Archives/edgar/data/1512762/000155837025005554/chrs-20250422x8k.htm,8-K accession 0001558370-25-005554 (chrs-20250422x8k).
2025-08-07,2025-06-30,"Coherus Oncology, Inc.",CHRS,Coherus substantially retires 2026 convertible notes; ~$121K principal stub remains,Coherus Q2 2025 10-Q; Q1 2026 10-Q (Note 8),Financing,1.50% Convertible Senior Subordinated Notes due 2026,"After the $170.0M April 2025 repurchase, Coherus repurchased a further $59.9M of the 2026 convertible notes in May 2025 via a fundamental-change repurchase offer triggered by the UDENYCA sale. The balance-sheet convertible line printed as nil (dash) from 6/30/2025, but a ~$121K ($0.1M) principal stub remained outstanding through 3/31/2026 and was repaid in April 2026. Total cash used ~$233.2M with a ~$17.6M loss on extinguishment; carrying value was $228.2M at 12/31/2024.",Leverage; refinancing risk,Positive,High,Near Term,"Substantially completes the deleveraging: the company is left with essentially one material debt instrument (the Barings/BBDC term loan due 2029) plus an immaterial ~$121K convertible stub, and a net-cash balance sheet, sharply lowering near-term default and refinancing risk.",Confirm the ~$121K convertible stub was repaid (April 2026) and the ~$37M 2029 term loan is the sole material debt,Resolved,01_Filings/10Q/2025-08-07_CHRS_10Q_Q2-2025.pdf,https://www.sec.gov/Archives/edgar/data/1512762/000155837025010803/chrs-20250630x10q.htm,Residual $121K principal per Note 8 remained through Q1 2026 and was repaid April 2026; balance-sheet line rounded to nil from 6/30/2025.
2025-05-12,2025-03-31,"Coherus Oncology, Inc.",CHRS,"Coherus reports Q1 2025 results; LOQTORZI net sales $7.3M, cash $82.4M (pre-UDENYCA proceeds)",Coherus press release (8-K EX-99.1),Earnings,LOQTORZI (toripalimab-tpzi),Q1 2025 LOQTORZI net product revenue was $7.3M (dollars roughly flat QoQ on gross-to-net/inventory timing though underlying demand grew ~15%). Cash and investments were $82.4M at 3/31/2025; the $483.4M UDENYCA upfront was received just after quarter-end in April.,Revenue; liquidity,Neutral,Medium,Near Term,"A flat revenue quarter shows small-base lumpiness, but the post-quarter UDENYCA cash inflow removed the near-term liquidity concern implied by the $82.4M balance. Neutral.",Track LOQTORZI demand vs reported net sales and gross-to-net dynamics,Archived,02_Earnings/releases/2025-05-12_CHRS_ER_Q1-2025.pdf,https://www.sec.gov/Archives/edgar/data/1512762/000155837025007410/chrs-20250512xex99d1.htm,
2025-05-30,2025-05-29,"Coherus Oncology, Inc.",CHRS,"Coherus BioSciences renames to Coherus Oncology, Inc. (ticker unchanged)",Coherus 8-K (Item 5.03) / IR,Management,"Coherus Oncology, Inc.","Effective 2025-05-29, the company changed its name from Coherus BioSciences, Inc. to Coherus Oncology, Inc. via a Delaware certificate amendment (no stockholder vote required). Ticker (CHRS), CUSIP and legal entity were unchanged.",Corporate identity,Neutral,Low,Long Term,Cosmetic completion of the biosimilar-to-oncology pivot; no change to obligations or entity. Neutral for the credit but confirms the single-franchise strategy.,None material,Archived,,https://www.sec.gov/Archives/edgar/data/1512762/000155837025008294/chrs-20250529x8k.htm,8-K accession 0001558370-25-008294.
2025-07-04,2025-07-04,"Coherus Oncology, Inc.",CHRS,One Big Beautiful Bill Act Medicaid changes flagged as a potential headwind to LOQTORZI sales,Coherus FY2025 10-K (Risk Factors),Regulatory,LOQTORZI (toripalimab-tpzi),"Coherus's FY2025 10-K identifies the July 2025 One Big Beautiful Bill Act's Medicaid provisions, alongside IRA Medicare price-negotiation/inflation-rebate rules, as healthcare-reform developments that 'could adversely affect' LOQTORZI sales.",Revenue; reimbursement,Negative,Medium,Long Term,A policy-level pricing/coverage risk rather than a specific action against LOQTORZI. Potential Medicaid coverage/volume pressure over time; not an immediate revenue hit. LOQTORZI is not IRA negotiation-eligible near term (biologic licensed 10/2023).,Monitor Medicaid rule implementation and any LOQTORZI coverage changes,Monitoring,01_Filings/10K/2026-03-09_CHRS_10K_FY2025.pdf,https://www.sec.gov/Archives/edgar/data/1512762/000110465926025308/chrs-20251231x10k.htm,IRA Medicare negotiation eligibility does not arise until 11+ years post-licensure.
2025-08-07,2025-06-30,"Coherus Oncology, Inc.",CHRS,"Coherus reports Q2 2025 results; LOQTORZI net sales $10.0M, cash $237.6M, net cash balance sheet",Coherus press release (8-K EX-99.1),Earnings,LOQTORZI (toripalimab-tpzi),Q2 2025 LOQTORZI net product revenue was $10.0M (+36% QoQ). Cash and investments were $237.6M at 6/30/2025 following UDENYCA proceeds and note retirement; convertibles $0 and only the ~$36.9M term loan outstanding. Management cited runway through 2026 beyond key data readouts.,Revenue; liquidity; leverage,Positive,High,Near Term,"Best-positioned quarter of the period: strong sequential growth, net-cash balance sheet and minimal debt. Materially reduces near-term credit risk on the Barings term loan.",Track continued LOQTORZI growth and cash burn against the stated runway,Monitoring,02_Earnings/releases/2025-08-07_CHRS_ER_Q2-2025.pdf,https://www.sec.gov/Archives/edgar/data/1512762/000155837025010802/chrs-20250807xex99d1.htm,
2025-11-06,2025-09-30,"Coherus Oncology, Inc.",CHRS,"Coherus reports Q3 2025 results; LOQTORZI net sales $11.2M (+92% YoY), cash $191.7M",Coherus press release (8-K EX-99.1),Earnings,LOQTORZI (toripalimab-tpzi),"Q3 2025 LOQTORZI net product revenue was $11.2M (+12% QoQ, +92% YoY). Cash and investments were $191.7M at 9/30/2025.",Revenue; liquidity,Positive,Medium,Near Term,"Sustained strong YoY growth confirms the adoption thesis; steady cash. Positive, though absolute revenue remains far below the debt-service comfort a larger base would provide.",Track LOQTORZI trajectory toward the ~$250M addressable ceiling,Monitoring,02_Earnings/releases/2025-11-06_CHRS_ER_Q3-2025.pdf,https://www.sec.gov/Archives/edgar/data/1512762/000110465925107780/chrs-20251106xex99d1.htm,
2025-12-08,2025-12-05,"Coherus Oncology, Inc.",CHRS,Six-year JUPITER-02 follow-up shows median OS 64.8 vs 33.7 months (HR 0.62),Coherus IR; Annals of Oncology; ESMO Asia 2025,Clinical,LOQTORZI (toripalimab-tpzi),"Six-year follow-up of the JUPITER-02 first-line NPC trial, presented at ESMO Asia 2025, showed median overall survival of 64.8 vs 33.7 months for toripalimab plus chemotherapy vs chemotherapy alone (HR 0.62), an ~38% reduction in risk of death.",Product adoption; enterprise value,Positive,Medium,Long Term,"Mature, durable OS benefit strengthens the clinical moat and supports continued guideline/payer positioning and prescriber confidence, reinforcing the revenue durability the credit depends on.",Monitor whether durable OS data sustains share against emerging competition,Monitoring,,https://investors.coherus.com/news-releases/news-release-details/coherus-announces-six-year-jupiter-02-follow-results-showing,Peer-reviewed in Annals of Oncology.
2026-01-13,2026-01-13,"Coherus Oncology, Inc.",CHRS,Coherus issues preliminary 2025 results; LOQTORZI FY2025 net sales ~$40.8M; 2026 expected higher,Coherus press release (8-K EX-99.1),Earnings,LOQTORZI (toripalimab-tpzi),Coherus released preliminary FY2025 results indicating LOQTORZI net product revenue of ~$40.8M (more than double 2024) and guided that 2026 net revenue from continuing operations would be higher than 2025.,Revenue,Positive,Medium,Near Term,"Confirms LOQTORZI more than doubled to ~$41M and forward growth guidance, supportive of the revenue-ramp thesis. Still a small base relative to the cost structure.",Compare to audited FY2025 results and 2026 growth delivery,Archived,02_Earnings/releases/2026-01-13_CHRS_ER_Jan-Prelim-Guidance-2026.pdf,https://www.sec.gov/Archives/edgar/data/1512762/000110465926003117/chrs-20260113xex99d1.htm,
2026-01-23,2026-01-23,"Coherus Oncology, Inc.",CHRS,Coherus updates at-the-market equity program to ~$64.9M,Coherus 424B5 prospectus supplement,Financing,Coherus Oncology common stock (ATM),Coherus updated its ATM equity program to authorize up to ~$64.88M of common-stock sales (agent TD Cowen). No ATM proceeds were drawn during 2025.,Liquidity; financing flexibility,Neutral,Low,Near Term,"Maintains an equity-financing option to supplement runway. Availability is a modest liquidity positive, but reliance on equity signals continued operating losses; the offering below reflects use of that access.",Watch for ATM utilization and dilution,Monitoring,,https://www.sec.gov/cgi-bin/browse-edgar?action=getcompany&CIK=0001512762&type=424B5,Program updated via 424B5 dated 2026-01-23.
2026-02-04,2026-02-04,"Coherus Oncology, Inc.",CHRS,Coherus and Johnson & Johnson enter clinical supply agreement for tagmokitug plus pasritamig in prostate cancer,Coherus IR; Coherus Q1 2026 10-Q,Partnership,"Tagmokitug (CHS-114, anti-CCR8) pipeline","Coherus entered a clinical supply agreement with Johnson & Johnson to evaluate tagmokitug (anti-CCR8) combined with J&J's pasritamig in metastatic castration-resistant prostate cancer, with a Phase 1b expected to begin in fall 2026.",Pipeline optionality; enterprise value,Neutral,Low,Long Term,"Third-party validation of the CCR8 asset at low cost to Coherus (a supply, not licensing, deal). Longer-dated optionality only; no near-term revenue or cash impact.",Track tagmokitug combination trial initiation and readouts,Monitoring,02_Earnings/releases/2026-05-11_CHRS_ER_Q1-2026.pdf,https://www.sec.gov/Archives/edgar/data/1512762/000110465926058666/chrs-20260511xex99d1.htm,
2026-02-17,2026-02-17,"Coherus Oncology, Inc.",CHRS,Coherus closes underwritten public offering: 28.6M shares at $1.75 for ~$50.1M gross,Coherus IR (GlobeNewswire),Financing,Coherus Oncology common stock,"Coherus closed an underwritten public offering of 28,600,000 shares at $1.75 for ~$50.1M gross (with an option for additional shares), for LOQTORZI commercialization, clinical development and working capital. Bookrunners TD Cowen, Guggenheim and Oppenheimer.",Liquidity runway; dilution,Positive,Medium,Near Term,"Raising equity ahead of continued burn bolsters the cash cushion supporting the term loan (credit-positive on liquidity), and equity sits below the debt. The low $1.75 price and the need to raise while still net-cash also signal ongoing operating losses and limited market valuation.","Track net proceeds, resulting cash balance and any further raises",Monitoring,,https://www.globenewswire.com/news-release/2026/02/17/3239756/33333/en/Coherus-Oncology-Inc-Announces-Closing-of-Public-Offering-of-Common-Stock.html,
2026-03-09,2025-12-31,"Coherus Oncology, Inc.",CHRS,"Coherus reports FY2025 results and files 10-K; LOQTORZI net sales $40.8M, cash $172.1M",Coherus press release (8-K EX-99.1); FY2025 10-K,Earnings,LOQTORZI (toripalimab-tpzi),"Full-year 2025 LOQTORZI net product revenue was $40.8M (Q4 $12.4M). Cash and investments were $172.1M at 12/31/2025, including ~$65.1M of restricted transition-services (TSA) collections offset by related payables. Essentially the only debt is the ~$37M 2029 term loan (an immaterial ~$121K convertible stub remained, repaid April 2026); company expects 2026 net revenue higher than 2025.",Revenue; liquidity; leverage,Neutral,High,Near Term,"Solid revenue doubling and a clean, low-debt balance sheet, but headline cash is inflated by restricted TSA balances (a real liquidity caveat) and the company still runs meaningful continuing-operations losses. Net neutral: strong structure, unproven self-funding.","Track FY2026 revenue growth, ex-TSA cash and burn against runway guidance",Monitoring,01_Filings/10K/2026-03-09_CHRS_10K_FY2025.pdf,https://www.sec.gov/Archives/edgar/data/1512762/000110465926025308/chrs-20251231x10k.htm,Headline cash includes ~$65.1M restricted TSA-related collections.
2026-03-09,2026-03-31,"Coherus Oncology, Inc.",CHRS,U.S.-manufactured LOQTORZI drug substance receives regulatory approval (onshoring milestone),Coherus FY2025 10-K; Q1 2026 10-Q,Manufacturing,LOQTORZI (toripalimab-tpzi),Coherus advanced a U.S. onshoring initiative for LOQTORZI (and pipeline assets); U.S.-made LOQTORZI drug substance received regulatory approval in Q1 2026 and the company began capitalizing U.S.-made inventory. Product had been single-sourced from Junshi in China.,Gross margin; supply risk; tariff exposure,Positive,Medium,Long Term,Reduces reliance on single-source Chinese supply and mitigates pharmaceutical-tariff and supply-disruption risk to the sole revenue stream. Supports margin/supply resilience over time; modest transition cost near term.,Track completion of U.S. onshoring and any supply or tariff developments,Monitoring,01_Filings/10K/2026-03-09_CHRS_10K_FY2025.pdf,https://www.sec.gov/Archives/edgar/data/1512762/000110465926025308/chrs-20251231x10k.htm,Reported in FY2025 10-K / Q1 2026 disclosures.
2026-05-11,2026-03-31,"Coherus Oncology, Inc.",CHRS,"Coherus reports Q1 2026 results; LOQTORZI net sales $11.8M (+61% YoY, -5% QoQ), cash $167.0M",Coherus press release (8-K EX-99.1),Earnings,LOQTORZI (toripalimab-tpzi),"Q1 2026 LOQTORZI net product revenue was $11.8M, up 61% YoY but down ~5% QoQ from $12.4M (company attributed the sequential dip to weather/seasonality, not demand, citing record new patient starts). Cash and investments were $167.0M at 3/31/2026, including ~$61.6M restricted TSA-related collections.",Revenue; liquidity,Neutral,High,Near Term,"First sequential revenue decline of the launch, but strong YoY growth and record patient starts suggest a timing effect rather than demand erosion. Liquidity adequate though again flattered by restricted TSA balances. Neutral pending Q2 confirmation.",Confirm whether Q2 2026 net sales resume sequential growth; monitor ex-TSA cash,Monitoring,02_Earnings/releases/2026-05-11_CHRS_ER_Q1-2026.pdf,https://www.sec.gov/Archives/edgar/data/1512762/000110465926058666/chrs-20260511xex99d1.htm,Latest reported quarter as of the monitoring date.
2026-06-15,2026-06-12,"Coherus Oncology, Inc.",CHRS,Coherus dismisses Ernst & Young and engages PwC as independent auditor,Coherus 8-K (Item 4.01; EX-16.1),Auditor,"Coherus Oncology, Inc.",On 2026-06-12 the Audit Committee dismissed Ernst & Young LLP and engaged PricewaterhouseCoopers LLP for FY2026. EY's reports on FY2024 and FY2025 contained no adverse/qualified opinion and there were no disagreements. EY's EX-16.1 letter concurred.,Financial reporting; controls,Neutral,Medium,Near Term,"The 8-K reported no disagreements and no adverse or qualified opinions on FY2024/FY2025; the sole reportable event was the previously disclosed, now-remediated inventory material weakness. Treated as a routine successor-auditor change rather than a credit event, though PwC's first audit is worth watching for any transition issues.","Review PwC's first audit for any new findings, restatements or filing delays",New,01_Filings/8K/2026-06-15_CHRS_8K_items-4-01_9-01.pdf,https://www.sec.gov/Archives/edgar/data/1512762/000110465926074090/chrs-20260612x8k.htm,8-K accession 0001104659-26-074090. No disagreements or accounting concerns disclosed; classified Neutral accordingly.
2026-02-19,2025-12-31,"Barings BDC, Inc.",BBDC,Barings BDC holds Coherus first-lien senior secured term loan (2029) in its investment portfolio,Barings BDC 10-K (Schedule of Investments); EDGAR full-text search,Portfolio Position,Coherus 2029 term loan (BBDC-held),"Barings BDC's Consolidated Schedule of Investments lists a Coherus first-lien senior secured term loan under Healthcare & Pharmaceuticals. The position (the ~$38.7M/SOFR+8%/2029 Barings facility) appears in every BBDC periodic report since Q2 2024 (first at 6/30/2024) and continues through the Q1 2026 10-Q. Affiliated Barings BDCs (Barings Capital Investment Corp, Barings Private Credit Corp) also reference Coherus, indicating a co-invested Barings facility. Exact BBDC par/cost/fair-value/coupon could not be extracted in this environment.",Recovery value; fair-value mark of BBDC position,Neutral,High,Long Term,"This is BBDC's direct Coherus credit exposure. With Coherus now net-cash, minimally levered and covenant-compliant, the term loan should mark at/near par; the fair-value mark is the key monitoring metric. Downside triggers would be a LOQTORZI sales stall, a penpulimab launch, or covenant/liquidity deterioration.",Pull the exact Coherus par/cost/fair-value from BBDC's SOI each quarter; watch for markdowns or non-accrual,Monitoring,,https://www.sec.gov/Archives/edgar/data/1379785/000137978526000009/bbdc-20251231.htm,"Instrument confirmed as First Lien Senior Secured Term Loan; exact dollar marks not extractable here - retrieve from BBDC SOI (e.g., Financial_Report.xlsx)."
2025-07-10,2025-07-10,BeiGene / BeOne Medicines,ONC,European Commission approves tislelizumab for first-line metastatic NPC (no U.S. NPC approval),OncLive; company announcements,Competition,Tislelizumab (class competitor),The European Commission approved tislelizumab plus chemotherapy for first-line metastatic NPC. Tislelizumab is U.S.-approved in other tumor types but has no U.S. FDA NPC approval or filing.,Revenue; competitive intensity (long term),Negative,Low,Long Term,"Signals continued PD-1 class encroachment into NPC globally. No current U.S. NPC threat to LOQTORZI, but a potential longer-dated entrant to monitor.",Watch for any U.S. NPC filing by tislelizumab or other class PD-1s,Monitoring,,https://www.onclive.com/view/european-commission-approves-first-line-tislelizumab-plus-chemo-for-metastatic-nasopharyngeal-carcinoma,EU-only NPC approval; not a current U.S. competitor.
2026-07-19,2024-01-01_2026-07-19,"Coherus Oncology, Inc.",CHRS,Orion Analysis - Most important positive development,Orion Analysis,Other,Coherus capital structure,"The 2024-2025 biosimilar divestitures (CIMERLI, YUSIMRY and the $483.4M UDENYCA sale) funded the substantially full retirement of the ~$230M 2026 convertible notes (a ~$121K stub was repaid April 2026), leaving essentially only the ~$37M Barings 2029 term loan and a net-cash balance sheet.",Leverage; refinancing risk; liquidity,Positive,Critical,Near Term,"Deleveraging transformed Coherus from a multi-product, convertible-heavy issuer into a low-debt, net-cash single-product company. For BBDC's term-loan exposure this is the single most credit-supportive development of the period, sharply lowering near-term default and refinancing risk.",Confirm the 2029 term loan remains the sole material debt and monitor cash trend,Monitoring,,https://www.globenewswire.com/news-release/2025/04/14/3060846/33333/en/Coherus-Completes-Strategic-Transformation-with-Successful-Divestiture-of-UDENYCA-Franchise.html,Summary row.
2026-07-19,2024-01-01_2026-07-19,"Coherus Oncology, Inc.",CHRS,Orion Analysis - Most important negative development,Orion Analysis,Competition,LOQTORZI (toripalimab-tpzi),"FDA approval of Akeso's penpulimab-kcqx (April 2025) created the first label-overlapping PD-1 competitor in NPC. It had not launched in the U.S. as of the FY2025 10-K, but a launch would directly threaten LOQTORZI's sole-product revenue stream.",Revenue; pricing power; recovery value,Negative,High,Near Term,"Because 100% of Coherus revenue is LOQTORZI, a penpulimab U.S. launch is the most consequential downside catalyst to the credit thesis - it would pressure price and share on the only asset servicing the term loan. Latent but high-impact.","Watch for a penpulimab U.S. launch, partner and pricing",Monitoring,,https://www.fda.gov/drugs/drug-approvals-and-databases/drug-trials-snapshots-penpulimab-kcqx,Summary row.
2026-07-19,2024-01-01_2026-07-19,"Coherus Oncology, Inc.",CHRS,Orion Analysis - Dominant news trend,Orion Analysis,Other,"Coherus Oncology, Inc.","Strategic transformation into a pure, deleveraged oncology company built on a single growing product: biosimilars sold, debt retired, LOQTORZI net sales rising from $19.1M (2024) to $40.8M (2025) with continued 2026 growth guidance.",Revenue; leverage; concentration,Neutral,High,Long Term,"The dominant narrative is improving balance-sheet quality set against rising single-product concentration. Credit quality has improved structurally, but the thesis now rests entirely on LOQTORZI continuing to scale toward its ~$250M ceiling without competitive or reimbursement disruption.",Track LOQTORZI growth durability and any diversification,Monitoring,,https://www.sec.gov/Archives/edgar/data/1512762/000110465926025308/chrs-20251231x10k.htm,Summary row.
2026-07-19,2026-07-19,"Coherus Oncology, Inc.",CHRS,Orion Analysis - Near-term catalyst,Orion Analysis,Clinical,Casdozokitug (CHS-388) pipeline; LOQTORZI,"The most-watched near-term item is the casdozokitug HCC Phase 2 (toripalimab combination) readout guided to mid-2026 and still pending as of 2026-07-19; alongside it, Q2 2026 LOQTORZI net sales will show whether the Q1 2026 sequential dip was timing-related.",Enterprise value; revenue,Neutral,Medium,Immediate,"The casdozokitug readout is an equity/enterprise-value catalyst rather than a direct debt-service driver, but a positive result would broaden the pipeline beyond NPC. The Q2 2026 sales print is the more direct credit signal for the LOQTORZI ramp.",Watch casdozokitug HCC Phase 2 readout and Q2 2026 LOQTORZI net sales,New,,https://www.sec.gov/Archives/edgar/data/1512762/000110465926025308/chrs-20251231x10k.htm,Summary row.
2026-07-19,2024-01-01_2026-07-19,"Coherus Oncology, Inc.",CHRS,Orion Analysis - Principal emerging risk,Orion Analysis,Other,LOQTORZI (toripalimab-tpzi); Coherus liquidity,"The principal emerging risk is sustained single-product reliance colliding with (a) an approved-but-unlaunched competitor, (b) a June 2026 auditor change following an inventory-related material weakness, and (c) continuing-operations losses that make headline cash (partly restricted TSA balances) an imperfect liquidity gauge.",Revenue; liquidity runway; controls; covenant headroom,Negative,High,Long Term,"No single item is presently critical, but their combination - concentration, latent competition, control/reporting questions and cash-burn dependence on capital markets - is the cluster most likely to erode the term-loan credit over time. Covenant headroom and ex-TSA cash are the metrics to watch.","Monitor ex-TSA cash, covenant compliance, competitor launch and PwC's first audit",Monitoring,,https://www.sec.gov/Archives/edgar/data/1512762/000110465926025308/chrs-20251231x10k.htm,Summary row.
2026-07-19,2024-01-01_2026-07-19,"Coherus Oncology, Inc.",CHRS,Orion Analysis - Overall news signal,Orion Analysis,Other,Coherus 2029 term loan (BBDC exposure),Net assessment across all developments January 2024 - July 2026.,Overall credit signal,Neutral,High,Long Term,"Overall signal: NEUTRAL, with a positive structural tilt. Aggressive deleveraging and a net-cash balance sheet have sharply de-risked the near-term term-loan credit, while single-product concentration, an approved competitor, an auditor change/material weakness and ongoing operating losses cap the upside. For BBDC's first-lien 2029 term loan, near-term recovery/repayment prospects look sound; the medium-term outcome hinges on LOQTORZI's continued ramp and capital access.","Reassess signal on Q2 2026 results, competitor-launch news and covenant certificates",Monitoring,,https://www.sec.gov/Archives/edgar/data/1512762/000110465926025308/chrs-20251231x10k.htm,Summary row. Overall news signal: Neutral.
