company,ticker,memo_date,section,subsection,display_order,headline,analysis,metric,value,unit,scenario,status,importance,credit_impact,recommendation,monitoring_trigger,source_name,source_file,source_page_or_section,source_url,notes
"Coherus Oncology, Inc.",CHRS,2026-07-20,1. Executive Summary,Recommendation,1,Maintain the existing first-lien exposure under heightened monitoring,"BBDC holds a small, performing, first-lien slice of Coherus's $38.66M 2029 term loan, marked above cost (combined FV 105% of cost). The borrower is net-cash with low near-term default risk. The PM action is to hold the position - neither add nor exit - while intensively monitoring LOQTORZI revenue and covenant-qualifying (ex-TSA) cash.",,,,All,Orion Recommendation,Critical,Neutral,Maintain,Quarterly LOQTORZI net revenue and ex-TSA cash vs the $15M minimum-liquidity covenant,Orion Analysis,coherus_shadow_rating.csv,Orion synthesis,https://www.sec.gov/Archives/edgar/data/1512762/000110465926058703/chrs-20260331x10q.htm,
"Coherus Oncology, Inc.",CHRS,2026-07-20,1. Executive Summary,Position snapshot,2,BBDC combined Coherus exposure marked above cost,"Combined amortized cost $5,172K vs combined fair value $5,429K (105% of cost; +$257K unrealized gain). The position is 0.23% of BBDC's investment portfolio - immaterial single-name concentration.",BBDC combined fair value,"5,429",USD thousands,Current,Reported,High,Positive,Maintain,BBDC quarterly fair-value mark / non-accrual status,BBDC 10-Q Schedule of Investments (Q1 2026),coherus_tear_sheet.csv,BBDC SOI - Coherus loan + royalty rows,https://www.sec.gov/Archives/edgar/data/1379785/000137978526000022/bbdc-20260331.htm,
"Coherus Oncology, Inc.",CHRS,2026-07-20,1. Executive Summary,What Coherus is,3,Single-product commercial-stage oncology issuer,"Coherus is a commercial-stage U.S. oncology company whose only marketed product is LOQTORZI (toripalimab-tpzi), the sole FDA-approved / NCCN-preferred immunotherapy for recurrent/metastatic nasopharyngeal carcinoma (R/M NPC). ~100% of product revenue is one drug, one indication, U.S.-only.",,,,Current,Reported,High,Neutral,,LOQTORZI revenue trajectory and any pipeline diversification,Coherus Q1 2026 earnings release,02_Earnings/releases/2026-05-11_CHRS_ER_Q1-2026.pdf,Q1 2026 financial results,https://www.sec.gov/Archives/edgar/data/1512762/000110465926058666/chrs-20260511xex99d1.htm,
"Coherus Oncology, Inc.",CHRS,2026-07-20,1. Executive Summary,Near-term repayment support,4,Cash and marketable securities cover funded debt ~4.3x,"Cash & marketable securities of $167.0M cover $38.8M funded debt ~4.3x; net cash of ~$128M covers the facility ~3.3x. A $15M minimum-liquidity covenant with large indicative headroom, first-lien collateral over substantially all assets including IP, and growing LOQTORZI revenue support near-term repayment.",Net cash (funded basis),"128,267",USD thousands,Current,Calculated,High,Positive,Maintain,Ex-TSA cash trend vs $15M covenant,Coherus Q1 2026 10-Q,01_Filings/10Q/2026-05-11_CHRS_10Q_Q1-2026.pdf,Liquidity & Capital Resources / Note 8,https://www.sec.gov/Archives/edgar/data/1512762/000110465926058703/chrs-20260331x10q.htm,
"Coherus Oncology, Inc.",CHRS,2026-07-20,1. Executive Summary,Repayment impairment path,5,"Repayment could be impaired by unfunded cash burn, not maturity or franchise","Sustained operating losses (FY2025 operating loss $(181)M) and cash burn require recurring equity raises. Extreme single-product concentration, a newly FDA-approved competitor (penpulimab), and single-source China supply are the principal threats to the revenue stream that ultimately services the bullet.",,,,All,Orion Analysis,Critical,Negative,,Normalized cash burn; penpulimab U.S. launch; equity-market access,Orion Analysis,coherus_shadow_rating.csv,Orion synthesis,https://www.sec.gov/Archives/edgar/data/1512762/000110465926058703/chrs-20260331x10q.htm,
"Coherus Oncology, Inc.",CHRS,2026-07-20,1. Executive Summary,Principal default pathway,6,Only plausible default is a funding default via the liquidity covenant,"The 2029 maturity is small and precedes both exclusivity cliffs, so franchise durability is not the repayment constraint. The one plausible default pathway is multi-year liquidity erosion (unfunded burn) tripping the $15M minimum-liquidity covenant before internal cash repays or refinances the bullet.",,,,All,Orion Analysis,Critical,Negative,,Covenant-qualifying cash vs $15M floor; ATM/equity issuance pace,Orion covenant compliance analysis,coherus_compliance.csv,Covenants & events of default,https://www.sec.gov/Archives/edgar/data/0001512762/000155837024008542/chrs-20240508xex10d1.htm,
"Coherus Oncology, Inc.",CHRS,2026-07-20,2. Investment Recommendation,Final recommendation,7,Maintain,"Hold BBDC's existing first-lien exposure. The loan is performing (accrual, cash-pay current), marked above cost, immaterial at 0.23% of the portfolio, and carries an Orion loan/issue shadow rating of B+ with above-average first-lien recovery. There is no impairment to crystallize and no compelling risk-adjusted case to add.",,,,All,Orion Recommendation,Critical,Neutral,Maintain,"LOQTORZI revenue, ex-TSA cash, penpulimab launch",Orion Analysis,coherus_shadow_rating.csv,Orion synthesis,https://www.sec.gov/Archives/edgar/data/1512762/000110465926058703/chrs-20260331x10q.htm,
"Coherus Oncology, Inc.",CHRS,2026-07-20,2. Investment Recommendation,Why not Increase,8,Do not add to the position,"Single-name, single-product concentration on an in-licensed asset with a small ~$250M TAM ceiling, ongoing operating losses, and capital-market dependence cap the risk-adjusted appeal. The ~$38.66M facility is small and clubbed; there is no incremental allocation thesis at current marks (loan ~96% of par).",,,,All,Orion Recommendation,High,Neutral,Maintain,Revenue durability vs ~$250M TAM; path to positive EBITDA,Orion valuation model,coherus_valuation.csv,Scenario & recovery build,https://www.sec.gov/Archives/edgar/data/1512762/000110465926025308/chrs-20251231x10k.htm,
"Coherus Oncology, Inc.",CHRS,2026-07-20,2. Investment Recommendation,Why not Reduce or Exit,9,Do not sell down or exit,"The loan shows no credit impairment: net-cash borrower, full covenant compliance, marked above cost, and modeled going-concern recovery ~100% (downside blended ~58%). Exiting a small first-lien club position would forgo an 11.7% cash coupon and crystallize nothing, given the strong senior collateral.",,,,All,Orion Recommendation,High,Neutral,Maintain,Fair-value mark direction; any move toward non-accrual,Orion valuation model,coherus_valuation.csv,Scenario & recovery build,https://www.sec.gov/Archives/edgar/data/1512762/000110465926025308/chrs-20251231x10k.htm,
"Coherus Oncology, Inc.",CHRS,2026-07-20,2. Investment Recommendation,Monitoring designation,10,Watchlist / Heightened Monitoring,Maintain is paired with a Watchlist designation (Orion 'Heightened Monitoring'): the credit is stable today but rests on a single product plus recurring equity access. The position warrants closer-than-average surveillance without any change in exposure.,,,,All,Orion Recommendation,High,Neutral,Watchlist,Quarterly revenue + covenant certificate + competitor launch,Orion Analysis,coherus_shadow_rating.csv,Orion synthesis,https://www.sec.gov/Archives/edgar/data/1512762/000110465926058703/chrs-20260331x10q.htm,
"Coherus Oncology, Inc.",CHRS,2026-07-20,2. Investment Recommendation,Downgrade conditions,11,Triggers that would move the call to Reduce or Exit,Revisit toward Reduce/Exit if: penpulimab launches in the U.S. and pressures price/share; sequential revenue rollover confirms demand erosion; equity-market access closes; or covenant-qualifying (ex-TSA) cash approaches the $15M floor. None of these has occurred as of 2026-07-19.,,,,Downside,Orion Recommendation,High,Negative,Reduce,Penpulimab launch; ex-TSA cash toward $15M; loss of equity access,Orion Analysis,coherus_shadow_rating.csv,Orion synthesis,https://www.sec.gov/Archives/edgar/data/1512762/000110465926058703/chrs-20260331x10q.htm,
"Coherus Oncology, Inc.",CHRS,2026-07-20,3. BBDC Exposure and Terms,Amortized cost,12,"BBDC combined amortized cost $5,172K","BBDC's combined Coherus position (loan + royalty rights) is carried at $5,172K amortized cost per the BBDC Schedule of Investments.",Combined amortized cost,"5,172",USD thousands,Current,Reported,High,Neutral,Maintain,,BBDC 10-Q Schedule of Investments (Q1 2026),coherus_tear_sheet.csv,BBDC SOI - Coherus loan + royalty rows,https://www.sec.gov/Archives/edgar/data/1379785/000137978526000022/bbdc-20260331.htm,
"Coherus Oncology, Inc.",CHRS,2026-07-20,3. BBDC Exposure and Terms,Fair value,13,"BBDC combined fair value $5,429K (105% of cost)","Combined fair value is $5,429K, a 105% mark and a +$257K unrealized gain; the loan alone is marked ~101-96% of par with no impairment.",Fair value / cost,105.0,percent,Current,Calculated,High,Positive,Maintain,BBDC quarterly mark,BBDC 10-Q Schedule of Investments (Q1 2026),coherus_tear_sheet.csv,BBDC SOI - Coherus loan + royalty rows,https://www.sec.gov/Archives/edgar/data/1379785/000137978526000022/bbdc-20260331.htm,
"Coherus Oncology, Inc.",CHRS,2026-07-20,3. BBDC Exposure and Terms,Par held,14,"BBDC holds ~$3,991K par - about 10.3% of the facility","BBDC owns ~$3,991K par of the $38,660K first-lien 2029 Term Loan (~10.3%), co-held with other Barings vehicles. Do NOT equate BBDC's exposure to the full facility.",BBDC par held (loan),"3,991",USD thousands,Current,Reported,High,Neutral,Maintain,,Orion valuation model,coherus_valuation.csv,Scenario & recovery build,https://www.sec.gov/Archives/edgar/data/1512762/000110465926025308/chrs-20251231x10k.htm,
"Coherus Oncology, Inc.",CHRS,2026-07-20,3. BBDC Exposure and Terms,Loan vs royalty split,15,Distinguish the loan from the separate royalty-rights position,"BBDC holds TWO Coherus positions: (1) the first-lien 2029 Term Loan (loan cost ~$3,908K / FV ~$3,963K) and (2) a small slice of the LOQTORZI Revenue Participation Right (royalty cost ~$1,264K / FV ~$1,466K). The loan is senior secured debt; the royalty is a subordinated revenue-participation claim - different seniority and risk.",Royalty-rights fair value,"1,466",USD thousands,Current,Reported,Moderate,Neutral,Maintain,LOQTORZI net sales (drives royalty toward 2.25x cap),BBDC 10-Q Schedule of Investments (Q1 2026),coherus_tear_sheet.csv,BBDC SOI - Coherus loan + royalty rows,https://www.sec.gov/Archives/edgar/data/1379785/000137978526000022/bbdc-20260331.htm,
"Coherus Oncology, Inc.",CHRS,2026-07-20,3. BBDC Exposure and Terms,Portfolio weight,16,Immaterial 0.23% of BBDC's portfolio,"Combined FV $5,429K / BBDC total investments at FV $2,369,989K = 0.23% (~0.4% of net assets). Limited portfolio impact even in a stress scenario.",% of BBDC portfolio,0.23,percent,Current,Calculated,Moderate,Positive,Maintain,,BBDC 10-Q Schedule of Investments (Q1 2026),coherus_tear_sheet.csv,BBDC SOI - Coherus loan + royalty rows,https://www.sec.gov/Archives/edgar/data/1379785/000137978526000022/bbdc-20260331.htm,
"Coherus Oncology, Inc.",CHRS,2026-07-20,3. BBDC Exposure and Terms,Instrument & lien,17,First-lien senior secured term loan; senior-most claim,"First lien, senior secured, on substantially all assets including IP; senior to the subordinated Coduet revenue participation and (now retired) converts. The BBDC royalty piece is separate and junior.",,,,Current,Reported,High,Positive,Maintain,First-priority perfection maintenance,Coherus Q1 2026 10-Q,01_Filings/10Q/2026-05-11_CHRS_10Q_Q1-2026.pdf,Liquidity & Capital Resources / Note 8,https://www.sec.gov/Archives/edgar/data/1512762/000110465926058703/chrs-20260331x10q.htm,
"Coherus Oncology, Inc.",CHRS,2026-07-20,3. BBDC Exposure and Terms,Rate,18,"SOFR + 8.00% (11.7% all-in), cash-pay, no PIK","Three-month Term SOFR + 8.00% margin, ~11.7-12.0% all-in, paid entirely in cash quarterly; no PIK feature. 1.00% SOFR floor (non-binding today). 3.0% original issue discount at funding.",All-in cash coupon,11.7,percent,Current,Reported,High,Positive,Maintain,Quarterly cash interest payment,BBDC 10-Q Schedule of Investments (Q1 2026),coherus_tear_sheet.csv,BBDC SOI - Coherus loan + royalty rows,https://www.sec.gov/Archives/edgar/data/1379785/000137978526000022/bbdc-20260331.htm,
"Coherus Oncology, Inc.",CHRS,2026-07-20,3. BBDC Exposure and Terms,Maturity,19,Interest-only bullet due 2029-05-08,"Single bullet maturity 2029-05-08 (5th anniversary of the 2024-05-08 close); no amortization, no near-term maturity wall. Prepayment premium steps 10%/5%/0%; first-year make-whole expired May 2025.",Maturity date,2029-05-08,date,Current,Reported,High,Neutral,Maintain,,2024 Loan Agreement (2029 Term Loan),03_Credit_Docs/2024-05-21_CHRS_EX10-28_Loan-Agreement-2024-05-08.pdf,EX-10.28,https://www.sec.gov/Archives/edgar/data/0001512762/000155837024008542/chrs-20240508xex10d1.htm,
"Coherus Oncology, Inc.",CHRS,2026-07-20,3. BBDC Exposure and Terms,Accrual status,20,Performing / accrual - not on non-accrual,The loan is cash-pay current and marked above cost; no indication of non-accrual at 3/31/2026.,,,,Current,Reported,High,Positive,Maintain,Any move toward non-accrual,BBDC 10-Q Schedule of Investments (Q1 2026),coherus_tear_sheet.csv,BBDC SOI - Coherus loan + royalty rows,https://www.sec.gov/Archives/edgar/data/1379785/000137978526000022/bbdc-20260331.htm,
"Coherus Oncology, Inc.",CHRS,2026-07-20,4. Investment Thesis,Central thesis,21,"Well-secured small first-lien loan to a net-cash, single-product oncology issuer","The credit is a small, senior-secured, interest-only bullet whose repayment is supported near-term by liquidity and first-lien collateral, and long-term by the LOQTORZI ramp plus continued equity access. The senior structure and small balance drive above-average recovery.",,,,All,Orion Analysis,Critical,Neutral,Maintain,LOQTORZI ramp; equity access; fair-value mark,Orion Analysis,coherus_shadow_rating.csv,Orion synthesis,https://www.sec.gov/Archives/edgar/data/1512762/000110465926058703/chrs-20260331x10q.htm,
"Coherus Oncology, Inc.",CHRS,2026-07-20,4. Investment Thesis,Near-term driver,22,"Liquidity and senior collateral, not earnings, carry the near term","With $167.0M cash vs a $38.66M bullet and a first-priority all-asset lien, near-term repayment capacity does not depend on profitability. Near-term default risk is low (Orion 12-month PD ~3-5%).",Estimated 12-month PD,Low (~3-5%),range,Current,Orion Analysis,High,Positive,Maintain,Ex-TSA cash vs $15M covenant,Orion Analysis,coherus_shadow_rating.csv,Orion synthesis,https://www.sec.gov/Archives/edgar/data/1512762/000110465926058703/chrs-20260331x10q.htm,
"Coherus Oncology, Inc.",CHRS,2026-07-20,4. Investment Thesis,Long-term driver,23,Medium-term outcome hinges on LOQTORZI ramp and capital-markets access,"Because Coherus runs operating losses, repaying/refinancing the 2029 bullet depends on LOQTORZI scaling toward its ~$250M ceiling and/or continued equity issuance. This is the swing factor for the credit.",Cumulative PD through 2029,Moderate (~25-35%),range,All,Orion Analysis,High,Negative,Maintain,LOQTORZI revenue; ATM/equity issuance,Orion Analysis,coherus_shadow_rating.csv,Orion synthesis,https://www.sec.gov/Archives/edgar/data/1512762/000110465926058703/chrs-20260331x10q.htm,
"Coherus Oncology, Inc.",CHRS,2026-07-20,4. Investment Thesis,Maturity vs franchise,24,Repayment window sits inside exclusivity protection,"The 2029 maturity precedes orphan exclusivity (2030) and BLA reference-product exclusivity (2035), so biosimilar/same-drug erosion is not a repayment-window risk. Franchise durability is not the binding constraint.",,,,All,Orion Analysis,High,Positive,Maintain,,Orion industry analysis,coherus_industry.csv,Market / Competition,https://www.sec.gov/Archives/edgar/data/1512762/000110465926025308/chrs-20251231x10k.htm,
"Coherus Oncology, Inc.",CHRS,2026-07-20,4. Investment Thesis,Equity-financing dependence,25,Repayment explicitly depends on future equity financing,"The base case needs ~$154M cumulative external capital (equity/ATM + earnouts) through May 2029 to sustain liquidity and repay the bullet. Absent that access, the credit relies on the small balance and first-lien recovery, not on self-funding.",Base cumulative external capital 2026-2029,"154,000",USD thousands,Base,Orion Analysis,Critical,Negative,Maintain,ATM utilization; equity raises; earnout receipts,Orion valuation model,coherus_valuation.csv,Scenario & recovery build,https://www.sec.gov/Archives/edgar/data/1512762/000110465926025308/chrs-20251231x10k.htm,
"Coherus Oncology, Inc.",CHRS,2026-07-20,5. Business Overview,Business,26,Fully integrated commercial-stage innovative oncology company,"One approved PD-1 inhibitor (LOQTORZI) plus two mid-stage clinical candidates (tagmokitug, anti-CCR8; casdozokitug, anti-IL-27). Now a pure oncology company after exiting biosimilars.",,,,Current,Reported,High,Neutral,,,Coherus Q1 2026 earnings release,02_Earnings/releases/2026-05-11_CHRS_ER_Q1-2026.pdf,Q1 2026 financial results,https://www.sec.gov/Archives/edgar/data/1512762/000110465926058666/chrs-20260511xex99d1.htm,
"Coherus Oncology, Inc.",CHRS,2026-07-20,5. Business Overview,Lead product,27,"LOQTORZI (toripalimab-tpzi), anti-PD-1 for R/M NPC","Only FDA-approved immunotherapy for recurrent/metastatic nasopharyngeal carcinoma; approved 2023-10-27, U.S. launch Jan 2024; all-lines label (1L combo + 2L+ monotherapy); no companion diagnostic required.",,,,Current,Reported,High,Positive,,LOQTORZI adoption and guideline status,Orion industry analysis,coherus_industry.csv,Market / Competition,https://www.sec.gov/Archives/edgar/data/1512762/000110465926025308/chrs-20251231x10k.htm,
"Coherus Oncology, Inc.",CHRS,2026-07-20,5. Business Overview,Pipeline,28,Casdozokitug and tagmokitug only at Phase 1b/2,"Pipeline (casdozokitug in HCC; tagmokitug anti-CCR8, incl. a J&J supply deal in prostate) is early-stage and provides enterprise-value optionality, NOT near-term revenue diversification or debt-service capacity.",,,,Current,Reported,Moderate,Neutral,,Casdozokitug HCC Phase 2 readout (mid-2026),Orion news analysis,coherus_news.csv,News monitoring log,https://www.sec.gov/Archives/edgar/data/1512762/000110465926025308/chrs-20251231x10k.htm,
"Coherus Oncology, Inc.",CHRS,2026-07-20,5. Business Overview,Revenue concentration,29,"~100% single product, single indication, U.S.-only","All continuing product revenue is LOQTORZI in R/M NPC; ~99% of FY2025 revenue flowed through three wholesalers (McKesson 43%, Cencora 36%, Cardinal 20%). This concentration is the dominant structural credit weakness.",,,,Current,Orion Analysis,High,Negative,,Wholesaler/customer concentration; quarterly revenue,Orion industry analysis,coherus_industry.csv,Market / Competition,https://www.sec.gov/Archives/edgar/data/1512762/000110465926025308/chrs-20251231x10k.htm,
"Coherus Oncology, Inc.",CHRS,2026-07-20,5. Business Overview,Supply / license,30,LOQTORZI is in-licensed; molecule IP and supply sit with Junshi (China),"Coherus holds only U.S./Canada rights; the toripalimab molecule IP is owned by Junshi and sits OUTSIDE the collateral perimeter, and drug substance/finished product are single-sourced from Junshi (China). A low-20s% royalty and up to ~$355M remaining milestones are payable to Junshi.",,,,Current,Reported,High,Negative,,Junshi license/supply status; onshoring progress,Orion org & collateral analysis,coherus_org_structure.csv,"Collateral, guarantees & entity map",https://www.sec.gov/Archives/edgar/data/0001512762/000155837024008542/chrs-20240508xex10d1.htm,
"Coherus Oncology, Inc.",CHRS,2026-07-20,5. Business Overview,Transformation,31,2024-2025 divestitures created a deleveraged pure-oncology issuer,"Sales of CIMERLI, YUSIMRY and UDENYCA (up to $558.4M) funded substantially full retirement of the ~$230M 2026 convertibles, leaving essentially only the Barings 2029 term loan and a net-cash balance sheet - the single most credit-supportive development of the period for BBDC's exposure.",,,,Current,Orion Analysis,High,Positive,Maintain,Confirm 2029 term loan remains sole material debt,Orion news analysis,coherus_news.csv,News monitoring log,https://www.sec.gov/Archives/edgar/data/1512762/000110465926025308/chrs-20251231x10k.htm,
"Coherus Oncology, Inc.",CHRS,2026-07-20,6. Industry and Competition,Addressable market,32,"Small, defined TAM caps peak revenue","Company estimates up to ~2,000 eligible RM-NPC patients and a ~$250M U.S. opportunity. FY2025 LOQTORZI revenue of $40.8M leaves multi-year runway but a modest ceiling relative to typical oncology franchises; NPC incidence is slowly declining.",Estimated TAM,250,USD millions,Current,Reported,High,Neutral,,LOQTORZI penetration toward ~$250M ceiling,Orion industry analysis,coherus_industry.csv,Market / Competition,https://www.sec.gov/Archives/edgar/data/1512762/000110465926025308/chrs-20251231x10k.htm,
"Coherus Oncology, Inc.",CHRS,2026-07-20,6. Industry and Competition,Differentiation,33,"Sole FDA-approved, NCCN Category-1 preferred NPC immunotherapy","Only commercially available FDA-approved immunotherapy for NPC; NCCN names it the only preferred Category-1 1L regimen and only preferred subsequent-line option - a genuine, defensible commercial moat and payer-coverage anchor.",,,,Current,Reported,High,Positive,,NCCN status; share vs competitors,Orion industry analysis,coherus_industry.csv,Market / Competition,https://www.sec.gov/Archives/edgar/data/1512762/000110465926025308/chrs-20251231x10k.htm,
"Coherus Oncology, Inc.",CHRS,2026-07-20,6. Industry and Competition,Clinical durability,34,Durable JUPITER-02 overall-survival benefit,Six-year JUPITER-02 follow-up: median OS 64.8 vs 33.7 months (HR 0.62) for toripalimab + chemo vs chemo alone. Mature survival data reinforce guideline positioning and revenue durability.,"Median OS (1L, toripalimab+chemo)",64.8,months,Current,Reported,Moderate,Positive,,,Orion news analysis,coherus_news.csv,News monitoring log,https://www.sec.gov/Archives/edgar/data/1512762/000110465926025308/chrs-20251231x10k.htm,
"Coherus Oncology, Inc.",CHRS,2026-07-20,6. Industry and Competition,Exclusivity,35,Regulatory exclusivity runs past the 2029 maturity,"Orphan exclusivity to ~2030-10-27 (7-yr) and BLA reference-product exclusivity to ~2035-10-27 (12-yr) both extend beyond the 2029 term-loan maturity, so biosimilar entry is not a repayment-window risk.",BLA exclusivity expiry (est.),2035-10-27,date,Current,Calculated,High,Positive,,,Orion industry analysis,coherus_industry.csv,Market / Competition,https://www.sec.gov/Archives/edgar/data/1512762/000110465926025308/chrs-20251231x10k.htm,
"Coherus Oncology, Inc.",CHRS,2026-07-20,6. Industry and Competition,Direct competitor,36,Penpulimab (Akeso) FDA-approved but not yet U.S.-launched,Penpulimab-kcqx was FDA-approved 2025-04-24 with a directly overlapping NPC label but had not launched in the U.S. as of the FY2025 10-K. A U.S. launch (likely via a partner) is the single most consequential negative catalyst to the revenue thesis - it would pressure price and share on LOQTORZI's sole revenue stream.,,,,Current,Reported,High,Negative,,"Penpulimab U.S. launch, partner and pricing",FDA / Akeso (penpulimab approval),coherus_industry.csv,Competition - penpulimab-kcqx,https://www.fda.gov/drugs/drug-approvals-and-databases/drug-trials-snapshots-penpulimab-kcqx,
"Coherus Oncology, Inc.",CHRS,2026-07-20,6. Industry and Competition,Other competition,37,Off-label pembrolizumab and a crowded PD-1 class,Pembrolizumab (Keytruda) is used off-label (KEYNOTE-122 showed no OS benefit; not NPC-labeled); tislelizumab and other PD-1/PD-L1 agents are potential longer-dated entrants. Near-term share is protected by sole availability plus guidelines.,,,,Current,Reported,Moderate,Negative,,Any U.S. NPC filing by class PD-1s,Orion industry analysis,coherus_industry.csv,Market / Competition,https://www.sec.gov/Archives/edgar/data/1512762/000110465926025308/chrs-20251231x10k.htm,
"Coherus Oncology, Inc.",CHRS,2026-07-20,7. Historical Financial Performance,Revenue ramp,38,LOQTORZI revenue more than doubled in FY2025,"LOQTORZI net product revenue rose from $19.1M (FY2024) to $40.8M (FY2025), +113% YoY. Company guides FY2026 continuing net revenue above FY2025 (directional; no numeric guidance).",LOQTORZI net revenue (FY2025),"40,836",USD thousands,Current,Reported,High,Positive,,FY revenue growth delivery,Coherus FY2025 10-K,01_Filings/10K/2026-03-09_CHRS_10K_FY2025.pdf,Item 1 / MD&A / Note 8,https://www.sec.gov/Archives/edgar/data/1512762/000110465926025308/chrs-20251231x10k.htm,
"Coherus Oncology, Inc.",CHRS,2026-07-20,7. Historical Financial Performance,Latest quarter,39,"Q1 2026 revenue $11.8M (+61% YoY, -5% QoQ)","Q1 2026 LOQTORZI net revenue $11.8M, up 61% YoY but the first sequential decline (-5% vs Q4 2025 $12.4M); company attributed the dip to weather/seasonality with record new-patient starts. Watch Q2 for confirmation.",LOQTORZI net revenue (Q1 2026),"11,800",USD thousands,Current,Reported,High,Neutral,,Whether Q2 2026 resumes sequential growth,Coherus Q1 2026 earnings release,02_Earnings/releases/2026-05-11_CHRS_ER_Q1-2026.pdf,Q1 2026 financial results,https://www.sec.gov/Archives/edgar/data/1512762/000110465926058666/chrs-20260511xex99d1.htm,
"Coherus Oncology, Inc.",CHRS,2026-07-20,7. Historical Financial Performance,Gross margin,40,"~69% gross margin, dragged by the Junshi royalty","Q1 2026 gross margin ~69% ($8,496K gross profit / $12,310K revenue); the low-20s% Junshi royalty is embedded in COGS and is a structural margin drag on the sole revenue stream.",Gross margin (Q1 2026),69.0,percent,Current,Calculated,Moderate,Neutral,,,Coherus Q1 2026 earnings release,02_Earnings/releases/2026-05-11_CHRS_ER_Q1-2026.pdf,Q1 2026 financial results,https://www.sec.gov/Archives/edgar/data/1512762/000110465926058666/chrs-20260511xex99d1.htm,
"Coherus Oncology, Inc.",CHRS,2026-07-20,7. Historical Financial Performance,Operating loss,41,Deep operating losses persist,FY2025 GAAP operating loss $(181)M; Q1 2026 operating loss $(36.2)M (improved from $(45.4)M in Q1 2025). No operating coverage of interest; the company is not self-funding.,Operating loss (FY2025),"(181,000)",USD thousands,Current,Reported,High,Negative,,Quarterly operating loss trend,Coherus Q1 2026 earnings release,02_Earnings/releases/2026-05-11_CHRS_ER_Q1-2026.pdf,Q1 2026 financial results,https://www.sec.gov/Archives/edgar/data/1512762/000110465926058666/chrs-20260511xex99d1.htm,
"Coherus Oncology, Inc.",CHRS,2026-07-20,7. Historical Financial Performance,Cash flow,42,Negative operating cash flow; Q1 flattered by TSA timing,FY2025 operating cash use ~$(139)M; Q1 2026 operating cash use $(57.9)M was elevated by one-time TSA/working-capital settlement. Normalized quarterly burn is materially lower (~$35-45M).,Operating cash flow (Q1 2026),"(57,886)",USD thousands,Current,Reported,High,Negative,,Normalized (ex-TSA) cash burn,Coherus Q1 2026 earnings release,02_Earnings/releases/2026-05-11_CHRS_ER_Q1-2026.pdf,Q1 2026 financial results,https://www.sec.gov/Archives/edgar/data/1512762/000110465926058666/chrs-20260511xex99d1.htm,
"Coherus Oncology, Inc.",CHRS,2026-07-20,7. Historical Financial Performance,LTM revenue,43,LTM revenue ~$47M against a heavy cost base,"LTM (Q2 2025-Q1 2026) net revenue ~$46.9M. Revenue is growing but remains small relative to R&D/SG&A, underscoring reliance on capital markets until scale improves.",LTM net revenue,"46,883",USD thousands,Current,Calculated,Moderate,Neutral,,,Coherus Q1 2026 earnings release,02_Earnings/releases/2026-05-11_CHRS_ER_Q1-2026.pdf,Q1 2026 financial results,https://www.sec.gov/Archives/edgar/data/1512762/000110465926058666/chrs-20260511xex99d1.htm,
"Coherus Oncology, Inc.",CHRS,2026-07-20,8. Liquidity and Cash Runway,Headline liquidity,44,Cash & marketable securities $167.0M,At 3/31/2026: cash & equivalents $115.2M + marketable securities $51.8M = $167.0M. No going-concern doubt; management asserts liquidity sufficient for at least 12 months.,Cash & marketable securities,"167,048",USD thousands,Current,Reported,Critical,Positive,,Quarterly cash & marketable securities balance,Coherus Q1 2026 10-Q,01_Filings/10Q/2026-05-11_CHRS_10Q_Q1-2026.pdf,Liquidity & Capital Resources / Note 8,https://www.sec.gov/Archives/edgar/data/1512762/000110465926058703/chrs-20260331x10q.htm,
"Coherus Oncology, Inc.",CHRS,2026-07-20,8. Liquidity and Cash Runway,TSA adjustment,45,~$61.6M is restricted TSA pass-through - adjusted liquidity ~$105M,About $61.6M of headline cash is Transition Service Agreement collections owed to divestiture buyers - effectively encumbered. Covenant-qualifying and freely usable liquidity is materially lower (~$105M) than the $167.0M headline.,TSA pass-through embedded in cash,"(61,605)",USD thousands,Current,Reported,High,Negative,,Ex-TSA (covenant-qualifying) cash each quarter,Coherus Q1 2026 earnings release,02_Earnings/releases/2026-05-11_CHRS_ER_Q1-2026.pdf,Q1 2026 financial results,https://www.sec.gov/Archives/edgar/data/1512762/000110465926058666/chrs-20260511xex99d1.htm,
"Coherus Oncology, Inc.",CHRS,2026-07-20,8. Liquidity and Cash Runway,Net cash,46,Net cash ~$128M on a funded basis,Cash & marketable securities $167.0M less $38.8M funded debt = $128.3M net cash; even after all $51.6M financial liabilities the company remains net cash (~$115M).,Net cash (funded),"128,267",USD thousands,Current,Calculated,High,Positive,Maintain,,Coherus Q1 2026 10-Q,01_Filings/10Q/2026-05-11_CHRS_10Q_Q1-2026.pdf,Liquidity & Capital Resources / Note 8,https://www.sec.gov/Archives/edgar/data/1512762/000110465926058703/chrs-20260331x10q.htm,
"Coherus Oncology, Inc.",CHRS,2026-07-20,8. Liquidity and Cash Runway,Cash burn,47,Elevated Q1 burn; normalized run-rate ~$35-45M/qtr,Q1 2026 quarterly burn $57.9M was TSA-distorted; normalized quarterly burn is ~$35-45M (FY2025 operating cash use ~$139M implies ~$11.5M/month). Burn remains high relative to the cash base.,Normalized quarterly burn,"~35,000-45,000",USD thousands,Current,Orion Analysis,High,Negative,,Normalized monthly/quarterly burn,Orion liquidity analysis,coherus_liquidity.csv,Liquidity Analysis (as of 2026-03-31),https://www.sec.gov/Archives/edgar/data/1512762/000110465926058703/chrs-20260331x10q.htm,
"Coherus Oncology, Inc.",CHRS,2026-07-20,8. Liquidity and Cash Runway,Runway,48,~12 months on current burn before external capital,"Estimated runway ~11.8 months on distorted LTM burn, closer to ~14-15 months on normalized FY2025 burn; management asserts >=12 months. Adequate near-term but requires external capital before the 2029 bullet.",Estimated runway,11.8 (mgmt >=12),months,Current,Calculated,Critical,Neutral,,Runway vs guidance; equity issuance,Orion liquidity analysis,coherus_liquidity.csv,Liquidity Analysis (as of 2026-03-31),https://www.sec.gov/Archives/edgar/data/1512762/000110465926058703/chrs-20260331x10q.htm,
"Coherus Oncology, Inc.",CHRS,2026-07-20,8. Liquidity and Cash Runway,Covenant,49,$15M minimum-liquidity covenant is the only financial maintenance test,The facility requires Liquidity (unrestricted cash & Cash Equivalents in Collateral Accounts) of not less than $15.0M at all times. It is the sole financial maintenance covenant.,Minimum-liquidity covenant,"15,000",USD thousands,Current,Reported,High,Neutral,,Continuous compliance with $15M floor,2024 Loan Agreement (2029 Term Loan),03_Credit_Docs/2024-05-21_CHRS_EX10-28_Loan-Agreement-2024-05-08.pdf,EX-10.28,https://www.sec.gov/Archives/edgar/data/0001512762/000155837024008542/chrs-20240508xex10d1.htm,
"Coherus Oncology, Inc.",CHRS,2026-07-20,8. Liquidity and Cash Runway,Headroom,50,Indicative headroom ~$152M (~11x) - but not a compliance cushion,Indicative headroom = $167.0M less $15.0M ~= $152M (~11x). TRUE headroom is lower: the covenant counts only unrestricted cash in Collateral Accounts (likely excludes ~$61.6M TSA and some marketable securities). Do not treat the headline as the compliance cushion.,Indicative covenant headroom,"~152,048",USD thousands,Current,Calculated,Moderate,Positive,,Covenant-basis cash vs total reported cash,Orion liquidity analysis,coherus_liquidity.csv,Liquidity Analysis (as of 2026-03-31),https://www.sec.gov/Archives/edgar/data/1512762/000110465926058703/chrs-20260331x10q.htm,
"Coherus Oncology, Inc.",CHRS,2026-07-20,8. Liquidity and Cash Runway,Capital need to maturity,51,Substantial external capital required before 2029,"Order-of-magnitude ~$300-450M of net operating burn to May 2029 (declining as LOQTORZI grows) materially exceeds $167M on hand; substantial external (equity) capital is required before the bullet, partly offset by the ~$64.9M ATM and up to $75M UDENYCA earnouts.",Est. capital requirement through 2029,"~300,000-450,000",USD thousands,All,Orion Analysis,High,Negative,,ATM usage; earnout receipts; burn trajectory,Orion liquidity analysis,coherus_liquidity.csv,Liquidity Analysis (as of 2026-03-31),https://www.sec.gov/Archives/edgar/data/1512762/000110465926058703/chrs-20260331x10q.htm,
"Coherus Oncology, Inc.",CHRS,2026-07-20,"9. Base, Upside and Downside Projections",Scenario basis,52,"Scenarios are Orion analysis, not company guidance",Coherus issues no numeric revenue guidance (only 'FY2026 above FY2025'). The figures below are Orion patient-based scenario builds for credit analysis and must NOT be presented as company guidance.,,,,All,Orion Analysis,High,Neutral,,,Orion valuation model,coherus_valuation.csv,Scenario & recovery build,https://www.sec.gov/Archives/edgar/data/1512762/000110465926025308/chrs-20251231x10k.htm,
"Coherus Oncology, Inc.",CHRS,2026-07-20,"9. Base, Upside and Downside Projections",Base - revenue,53,Base FY2029 total revenue ~$88.5M,"Base case: penetration-driven growth to ~$54.1M (FY2026) and ~$88.5M (FY2029), toward the ~$250M ceiling; no disruptive penpulimab launch assumed.",Base FY2029 total revenue,"88,500",USD thousands,Base,Orion Analysis,High,Neutral,,LOQTORZI penetration vs base path,Orion valuation model,coherus_valuation.csv,Scenario & recovery build,https://www.sec.gov/Archives/edgar/data/1512762/000110465926025308/chrs-20251231x10k.htm,
"Coherus Oncology, Inc.",CHRS,2026-07-20,"9. Base, Upside and Downside Projections",Base - outcome,54,Base: full repayment; covenant holds under modeled financing,"Base assumes continued ATM/equity access; ~$61.4M modeled cash at maturity repays the $38.66M bullet in full (100% recovery). Absent further equity/ATM, the $15M covenant would be touched ~Q4 2027.",Base recovery (total facility),100,percent,Base,Orion Analysis,High,Positive,Maintain,Equity access; covenant-qualifying cash,Orion valuation model,coherus_valuation.csv,Scenario & recovery build,https://www.sec.gov/Archives/edgar/data/1512762/000110465926025308/chrs-20251231x10k.htm,
"Coherus Oncology, Inc.",CHRS,2026-07-20,"9. Base, Upside and Downside Projections",Upside - revenue,55,Upside FY2029 total revenue ~$126.9M,"Upside: faster penetration plus positive pipeline readouts drive ~$126.9M FY2029 revenue; runway extended, no covenant breach, comfortably funded. Full repayment (100% recovery).",Upside FY2029 total revenue,"126,900",USD thousands,Upside,Orion Analysis,Moderate,Positive,,LOQTORZI toward ~$250M; casdozokitug readout,Orion valuation model,coherus_valuation.csv,Scenario & recovery build,https://www.sec.gov/Archives/edgar/data/1512762/000110465926025308/chrs-20251231x10k.htm,
"Coherus Oncology, Inc.",CHRS,2026-07-20,"9. Base, Upside and Downside Projections",Downside - revenue,56,Downside FY2029 total revenue ~$30.9M,Downside: penpulimab launch / adoption stall drives flat-to-declining revenue (~$30.9M FY2029). Liquidity exhausts with capital markets assumed shut.,Downside FY2029 total revenue,"30,900",USD thousands,Downside,Orion Analysis,High,Negative,,Penpulimab launch; sequential revenue rollover,Orion valuation model,coherus_valuation.csv,Scenario & recovery build,https://www.sec.gov/Archives/edgar/data/1512762/000110465926025308/chrs-20251231x10k.htm,
"Coherus Oncology, Inc.",CHRS,2026-07-20,"9. Base, Upside and Downside Projections",Downside - covenant,57,Downside: covenant breach ~Q3 2027,"Downside covenant-qualifying cash falls below the $15M floor ~Q3 2027, ~18 months before the 2029 maturity, forcing waiver or distressed refinancing. Requires ~$222M cumulative external capital to sustain liquidity.",Downside covenant breach,~Q3 2027,date,Downside,Orion Analysis,High,Negative,,Ex-TSA cash trajectory vs $15M floor,Orion valuation model,coherus_valuation.csv,Scenario & recovery build,https://www.sec.gov/Archives/edgar/data/1512762/000110465926025308/chrs-20251231x10k.htm,
"Coherus Oncology, Inc.",CHRS,2026-07-20,"9. Base, Upside and Downside Projections",Downside - recovery,58,Downside blended recovery ~58% on the first-lien claim,"In a 2027-28 restructuring, distressed going-concern (~78%) to liquidation (~38%) blend to ~58% recovery on the $38.66M first lien; the first-lien position and small balance limit loss even here.",Downside recovery (total facility),58,percent,Downside,Orion Analysis,High,Negative,,,Orion valuation model,coherus_valuation.csv,Scenario & recovery build,https://www.sec.gov/Archives/edgar/data/1512762/000110465926025308/chrs-20251231x10k.htm,
"Coherus Oncology, Inc.",CHRS,2026-07-20,"9. Base, Upside and Downside Projections",Expected outcome,59,Base/expected: equity-funded operations; refinance or repay at 2029,"Expected repayment outcome is equity-funded operations with the $38.7M bullet repaid or refinanced at 2029, contingent on continued capital-markets access and the LOQTORZI ramp.",,,,Base,Orion Analysis,High,Neutral,Maintain,Capital access; refinancing conditions near maturity,Orion valuation model,coherus_valuation.csv,Scenario & recovery build,https://www.sec.gov/Archives/edgar/data/1512762/000110465926025308/chrs-20251231x10k.htm,
"Coherus Oncology, Inc.",CHRS,2026-07-20,10. Capital Structure,Term loan,60,First-lien 2029 Term Loan: $38.66M principal,"Principal $38,660K (net carrying $37,147K); SOFR+8.00% (~11.7-12% all-in), interest-only, matures 2029-05-08. BBDC holds ~$3,991K par (~10.3%).",2029 Term Loan principal,"38,660",USD thousands,Current,Reported,High,Neutral,,,Coherus Q1 2026 10-Q (capital structure),coherus_cap_structure.csv,Note 8 - Financial Liabilities,https://www.sec.gov/Archives/edgar/data/1512762/000110465926058703/chrs-20260331x10q.htm,
"Coherus Oncology, Inc.",CHRS,2026-07-20,10. Capital Structure,Convertibles,61,2026 converts effectively retired,The $230M 2026 convertible notes were substantially repaid in 2025; a ~$121K stub remained at 3/31/2026 and was repaid April 2026. Structurally junior and now immaterial.,2026 convertible notes principal,121,USD thousands,Current,Reported,Moderate,Positive,,,Coherus Q1 2026 10-Q (capital structure),coherus_cap_structure.csv,Note 8 - Financial Liabilities,https://www.sec.gov/Archives/edgar/data/1512762/000110465926058703/chrs-20260331x10q.htm,
"Coherus Oncology, Inc.",CHRS,2026-07-20,10. Capital Structure,Revenue participation,62,LOQTORZI revenue-participation liability $14.4M net,"Net carrying $14,372K (gross $16,698K); 5.0%/0.5% of LOQTORZI U.S. net sales, hard cap 2.25x, ~27.4% effective rate. Subordinated to the term loan on collateral via intercreditor (a cash-flow leakage claim, not senior debt).",Revenue-participation liability (net),"14,372",USD thousands,Current,Reported,Moderate,Negative,,LOQTORZI net sales sweep to Coduet,Coherus Q1 2026 10-Q (capital structure),coherus_cap_structure.csv,Note 8 - Financial Liabilities,https://www.sec.gov/Archives/edgar/data/1512762/000110465926058703/chrs-20260331x10q.htm,
"Coherus Oncology, Inc.",CHRS,2026-07-20,10. Capital Structure,Total obligations,63,Total financial liabilities $51.6M,"2029 Term Loan $37,147K + revenue participation $14,372K + $121K converts = $51,640K total financial liabilities; total funded debt $38,781K.",Total financial liabilities,"51,640",USD thousands,Current,Reported,High,Neutral,,,Coherus Q1 2026 10-Q (capital structure),coherus_cap_structure.csv,Note 8 - Financial Liabilities,https://www.sec.gov/Archives/edgar/data/1512762/000110465926058703/chrs-20260331x10q.htm,
"Coherus Oncology, Inc.",CHRS,2026-07-20,10. Capital Structure,Interest burden,64,Annual cash interest ~$4.6-5.1M,FY2025 term-loan cash interest ~$5.1M (~12% on ~$38.7M); revenue-participation accretion (~$4M/yr) is non-cash. Serviceable from the cash cushion but not from EBITDA.,Annual cash interest (term loan),"~4,600-5,100",USD thousands,Current,Reported,High,Neutral,,Quarterly interest coverage from cash,Coherus FY2025 10-K,01_Filings/10K/2026-03-09_CHRS_10K_FY2025.pdf,Item 1 / MD&A / Note 8,https://www.sec.gov/Archives/edgar/data/1512762/000110465926025308/chrs-20251231x10k.htm,
"Coherus Oncology, Inc.",CHRS,2026-07-20,10. Capital Structure,Maturity profile,65,No near-term maturity wall; single 2029 bullet,Converts repaid April 2026; the only material maturity is the $38.7M bullet in May 2029. No amortization before then.,,,,Current,Reported,High,Positive,,,Coherus Q1 2026 10-Q,01_Filings/10Q/2026-05-11_CHRS_10Q_Q1-2026.pdf,Liquidity & Capital Resources / Note 8,https://www.sec.gov/Archives/edgar/data/1512762/000110465926058703/chrs-20260331x10q.htm,
"Coherus Oncology, Inc.",CHRS,2026-07-20,10. Capital Structure,Claim priority,66,BBDC term loan is the senior-most claim,"First-lien senior secured, ahead of the (retired) subordinated converts and unsecured obligations, and senior to the Coduet royalty; secured by substantially all assets incl. IP.",,,,Current,Reported,High,Positive,Maintain,,Orion org & collateral analysis,coherus_org_structure.csv,"Collateral, guarantees & entity map",https://www.sec.gov/Archives/edgar/data/0001512762/000155837024008542/chrs-20240508xex10d1.htm,
"Coherus Oncology, Inc.",CHRS,2026-07-20,11. Credit Agreement and Collateral,Collateral,67,First-priority lien on substantially all assets including IP,"Blanket first-priority perfected lien on substantially all assets of the borrower and guarantors, including intellectual property, with cash dominion via deposit-account control agreements. Customary Excluded Property/Accounts carve-outs (designated accounts capped at $750K).",,,,Current,Reported,Critical,Positive,,First-priority perfection; controlled accounts,2024 Loan Agreement (2029 Term Loan),03_Credit_Docs/2024-05-21_CHRS_EX10-28_Loan-Agreement-2024-05-08.pdf,EX-10.28,https://www.sec.gov/Archives/edgar/data/0001512762/000155837024008542/chrs-20240508xex10d1.htm,
"Coherus Oncology, Inc.",CHRS,2026-07-20,11. Credit Agreement and Collateral,Guarantors,68,Four subsidiary guarantors; one empty carve-out,"Guarantors: Coherus Intermediate Corp., Intekrin Therapeutics, Surface Oncology LLC (holds pipeline IP), and Coherus Oncology Supportive Care LLC. Coherus Immunology LLC is an Excluded Subsidiary with no assets. All material subsidiaries are guarantors and grantors - low structural subordination.",,,,Current,Reported,High,Positive,,New material subsidiaries joining as guarantors,Orion org & collateral analysis,coherus_org_structure.csv,"Collateral, guarantees & entity map",https://www.sec.gov/Archives/edgar/data/0001512762/000155837024008542/chrs-20240508xex10d1.htm,
"Coherus Oncology, Inc.",CHRS,2026-07-20,11. Credit Agreement and Collateral,Collateral gap,69,LOQTORZI molecule IP and supply sit outside the collateral perimeter,"The economically critical toripalimab molecule IP is owned by Junshi (external); lenders hold Coherus's U.S./Canada license and BLA (impairable if the license terminates) but not the underlying drug rights, and supply depends on Junshi. This is the weakest link in the collateral package.",,,,Current,Orion Analysis,High,Negative,,Junshi license/supply continuity; onshoring,Orion org & collateral analysis,coherus_org_structure.csv,"Collateral, guarantees & entity map",https://www.sec.gov/Archives/edgar/data/0001512762/000155837024008542/chrs-20240508xex10d1.htm,
"Coherus Oncology, Inc.",CHRS,2026-07-20,11. Credit Agreement and Collateral,Equity pledge,70,100% of non-excluded subsidiary equity pledged,"Parent pledges 100% of equity of every non-Excluded subsidiary (incl. Surface Oncology, which holds pipeline IP). No foreign subs, so the 65% CFC cap is inapplicable - a belt-and-suspenders package.",,,,Current,Reported,Moderate,Positive,,,Orion org & collateral analysis,coherus_org_structure.csv,"Collateral, guarantees & entity map",https://www.sec.gov/Archives/edgar/data/0001512762/000155837024008542/chrs-20240508xex10d1.htm,
"Coherus Oncology, Inc.",CHRS,2026-07-20,11. Credit Agreement and Collateral,No prepayment sweeps,71,No mandatory-prepayment sweeps - a documentary weakness,"The facility has NO asset-sale, equity/debt-issuance, excess-cash-flow, or licensing/royalty mandatory-prepayment sweep. Proven in practice: ~$483M UDENYCA proceeds bypassed the loan entirely. Material monetizations can be retained by the borrower - the largest documentary hole.",,,,Current,Orion Analysis,High,Negative,,Every asset/IP monetization for value leakage,Orion covenant compliance analysis,coherus_compliance.csv,Covenants & events of default,https://www.sec.gov/Archives/edgar/data/0001512762/000155837024008542/chrs-20240508xex10d1.htm,
"Coherus Oncology, Inc.",CHRS,2026-07-20,11. Credit Agreement and Collateral,Lender levers,72,MAC event of default and change-of-control repayment,"A Material Adverse Change is a standalone event of default (a strong subjective lever given the thin financial-covenant package), and any change of control forces full repayment with premium. Fast remedies (acceleration, cash sweep, IP-license foreclosure) partly offset the light covenants.",,,,Current,Reported,Moderate,Positive,,MAC-type developments; any change-of-control,Orion covenant compliance analysis,coherus_compliance.csv,Covenants & events of default,https://www.sec.gov/Archives/edgar/data/0001512762/000155837024008542/chrs-20240508xex10d1.htm,
"Coherus Oncology, Inc.",CHRS,2026-07-20,11. Credit Agreement and Collateral,Pricing / OID,73,3% OID; step-down prepayment premium,3.0% original issue discount at funding (~$1.2M); prepayment premium 10% (yr1-2) / 5% (yr2-3) / 0% thereafter; first-year make-whole expired 2025-05-08. Default interest +4.00%.,Original issue discount,3.00,percent,Current,Reported,Low,Neutral,,,2024 Loan Agreement (2029 Term Loan),03_Credit_Docs/2024-05-21_CHRS_EX10-28_Loan-Agreement-2024-05-08.pdf,EX-10.28,https://www.sec.gov/Archives/edgar/data/0001512762/000155837024008542/chrs-20240508xex10d1.htm,
"Coherus Oncology, Inc.",CHRS,2026-07-20,12. Covenant Compliance,Sole covenant,74,Only financial covenant is $15M minimum liquidity,"Section 6.16 requires Liquidity (unrestricted cash & Cash Equivalents in Collateral Accounts) >= $15.0M at all times. No leverage, coverage, minimum-revenue or minimum-EBITDA maintenance test exists.",Minimum-liquidity threshold,"15,000",USD thousands,Current,Reported,High,Neutral,,Continuous $15M compliance,2024 Loan Agreement (2029 Term Loan),03_Credit_Docs/2024-05-21_CHRS_EX10-28_Loan-Agreement-2024-05-08.pdf,EX-10.28,https://www.sec.gov/Archives/edgar/data/0001512762/000155837024008542/chrs-20240508xex10d1.htm,
"Coherus Oncology, Inc.",CHRS,2026-07-20,12. Covenant Compliance,Current status,75,In full compliance; no events of default,Company reports full compliance with the 2029 Loan Agreement covenants and no events of default at 3/31/2026 (also confirmed 12/31/2025 and 9/30/2025). No amendments or waivers to the term loan disclosed.,,,,Current,Reported,High,Positive,Maintain,Quarterly compliance certificate,Coherus Q1 2026 10-Q,01_Filings/10Q/2026-05-11_CHRS_10Q_Q1-2026.pdf,Liquidity & Capital Resources / Note 8,https://www.sec.gov/Archives/edgar/data/1512762/000110465926058703/chrs-20260331x10q.htm,
"Coherus Oncology, Inc.",CHRS,2026-07-20,12. Covenant Compliance,Current vs projected,76,Distinguish current compliance from projected compliance,"Compliance today is secure, but projected compliance is not guaranteed: absent further equity/ATM, the base case touches the $15M floor ~Q4 2027 and the downside ~Q3 2027. Current compliance should not be read as forward safety.",Base projected covenant breach,~Q4 2027 (absent new capital),date,Base,Orion Analysis,High,Negative,,Ex-TSA cash trajectory vs $15M floor,Orion valuation model,coherus_valuation.csv,Scenario & recovery build,https://www.sec.gov/Archives/edgar/data/1512762/000110465926025308/chrs-20251231x10k.htm,
"Coherus Oncology, Inc.",CHRS,2026-07-20,12. Covenant Compliance,Qualifying cash,77,Covenant counts only unrestricted Collateral-Account cash,"The covenant excludes restricted cash and cash outside controlled Collateral Accounts, so covenant-qualifying Liquidity is below headline cash (the ~$61.6M TSA pass-through is the key sensitivity). Continuous test - a mid-quarter dip below $15M would breach.",,,,Current,Reported,High,Negative,,Covenant-basis vs total reported cash,Orion covenant compliance analysis,coherus_compliance.csv,Covenants & events of default,https://www.sec.gov/Archives/edgar/data/0001512762/000155837024008542/chrs-20240508xex10d1.htm,
"Coherus Oncology, Inc.",CHRS,2026-07-20,12. Covenant Compliance,Package quality,78,Thin covenant package; MAC is the early-warning lever,The absence of any performance covenant means limited early warning of credit deterioration; lenders rely on the $15M liquidity floor and the MAC event-of-default. Core-covenant breaches have no cure period.,,,,Current,Orion Analysis,Moderate,Negative,,MAC-type developments; interim liquidity,Orion covenant compliance analysis,coherus_compliance.csv,Covenants & events of default,https://www.sec.gov/Archives/edgar/data/0001512762/000155837024008542/chrs-20240508xex10d1.htm,
"Coherus Oncology, Inc.",CHRS,2026-07-20,13. Valuation and Recovery,Loan mark,79,Loan marked ~96% of par; combined position 105% of cost,"The 2029 Term Loan net carrying value is ~96.1% of principal (37,147/38,660); BBDC's combined loan+royalty position is marked at 105% of cost. No impairment.",Loan fair value / principal,96.1,percent,Current,Calculated,High,Positive,Maintain,BBDC quarterly mark direction,Orion valuation model,coherus_valuation.csv,Scenario & recovery build,https://www.sec.gov/Archives/edgar/data/1512762/000110465926025308/chrs-20251231x10k.htm,
"Coherus Oncology, Inc.",CHRS,2026-07-20,13. Valuation and Recovery,Company valuation,80,Equity market cap ~$216M; EV ~$88M,"At the 2026-07-17 close ($1.40), market cap ~$216.0M; funded-basis enterprise value ~$87.7M (net cash reduces EV below market cap). EV/FY2025 revenue ~2.08x.",Enterprise value (funded),"87,683",USD thousands,Current,Calculated,Moderate,Neutral,,Equity valuation as a proxy for capital access,Google Finance (CHRS:NASDAQ),coherus_valuation.csv,Market data (close 2026-07-17),https://www.google.com/finance/beta/quote/CHRS:NASDAQ,
"Coherus Oncology, Inc.",CHRS,2026-07-20,13. Valuation and Recovery,Going-concern recovery,81,~100% recovery in base/upside (solvent repayment),"In the base/upside (going-concern) cases the $38.66M first-lien bullet is repaid in full from cash/franchise value (100% recovery, 0% LGD); franchise EV (~$177M base) far exceeds the claim.",Going-concern recovery,100,percent,Base,Orion Analysis,High,Positive,Maintain,,Orion valuation model,coherus_valuation.csv,Scenario & recovery build,https://www.sec.gov/Archives/edgar/data/1512762/000110465926025308/chrs-20251231x10k.htm,
"Coherus Oncology, Inc.",CHRS,2026-07-20,13. Valuation and Recovery,Distressed recovery,82,~58% blended recovery in the downside,Downside blends distressed going-concern (~78%) and liquidation (~38%) to ~58% recovery on the first lien; the first-lien all-asset+IP position and small balance limit loss even in a restructuring.,Downside blended recovery,58,percent,Downside,Orion Analysis,High,Negative,,,Orion valuation model,coherus_valuation.csv,Scenario & recovery build,https://www.sec.gov/Archives/edgar/data/1512762/000110465926025308/chrs-20251231x10k.htm,
"Coherus Oncology, Inc.",CHRS,2026-07-20,13. Valuation and Recovery,BBDC loan recovery,83,"BBDC loan recovery $3,991K base / $2,315K downside","On BBDC's ~$3,991K par: ~$3,991K recovered in base/upside (100%) and ~$2,315K in the downside (58%). The royalty piece is separately estimated at ~$1,594K (base) to ~$900K (downside).",BBDC loan recovery (downside),"2,315",USD thousands,Downside,Orion Analysis,High,Negative,,,Orion valuation model,coherus_valuation.csv,Scenario & recovery build,https://www.sec.gov/Archives/edgar/data/1512762/000110465926025308/chrs-20251231x10k.htm,
"Coherus Oncology, Inc.",CHRS,2026-07-20,13. Valuation and Recovery,Recovery category,84,Highest recovery band (~95-100%),Orion recovery category 1 (~90-100%); estimated recovery ~95-100% on the first-lien claim under the expected/base outcome. This is the core mitigant to the single-product risk.,Estimated recovery,~95-100,percent,Base,Orion Analysis,High,Positive,Maintain,,Orion Analysis,coherus_shadow_rating.csv,Orion synthesis,https://www.sec.gov/Archives/edgar/data/1512762/000110465926058703/chrs-20260331x10q.htm,
"Coherus Oncology, Inc.",CHRS,2026-07-20,13. Valuation and Recovery,Expected repayment,85,Repaid from cash at maturity; refinancing optional in base,"In the base/upside the bullet is repayable from modeled cash at maturity (~$61.4M base), so refinancing is optional; the downside requires refinancing/restructuring of the full $38.66M.",,,,Base,Orion Analysis,High,Neutral,Maintain,Cash at maturity vs claim; refinancing market,Orion valuation model,coherus_valuation.csv,Scenario & recovery build,https://www.sec.gov/Archives/edgar/data/1512762/000110465926025308/chrs-20251231x10k.htm,
"Coherus Oncology, Inc.",CHRS,2026-07-20,14. Shadow Rating,Issuer rating,86,Orion issuer shadow rating B-,"Orion issuer (company) shadow rating B-, anchored on a composite risk score of 2.66/5.00; reflects PD drivers (business/financial/liquidity) with judgment for capital-market dependence and single-product concentration. Independent Orion assessment, not an agency rating.",Orion issuer shadow rating,B-,rating,Current,Orion Analysis,High,Neutral,Maintain,Composite risk drivers; PD triggers,Orion Analysis,coherus_shadow_rating.csv,Orion synthesis,https://www.sec.gov/Archives/edgar/data/1512762/000110465926058703/chrs-20260331x10q.htm,
"Coherus Oncology, Inc.",CHRS,2026-07-20,14. Shadow Rating,Loan rating,87,Orion loan/issue shadow rating B+ (notched up),"The BBDC first-lien 2029 term-loan (issue) rating is B+, notched ABOVE the issuer for recovery: first-priority lien on substantially all assets + IP, senior to Coduet, small $38.66M balance.",Orion loan/issue shadow rating,B+,rating,Current,Orion Analysis,High,Positive,Maintain,,Orion Analysis,coherus_shadow_rating.csv,Orion synthesis,https://www.sec.gov/Archives/edgar/data/1512762/000110465926058703/chrs-20260331x10q.htm,
"Coherus Oncology, Inc.",CHRS,2026-07-20,14. Shadow Rating,Outlook / watch,88,Stable outlook; Heightened Monitoring,Rating outlook Stable; watch status Heightened Monitoring. Downside scenario composite deteriorates to 4.26/5.00; upside improves to 2.16/5.00 (Positive outlook).,Composite risk score,2.66,score (1-5),Current,Orion Analysis,High,Neutral,Watchlist,Scenario migration in composite score,Orion Analysis,coherus_shadow_rating.csv,Orion synthesis,https://www.sec.gov/Archives/edgar/data/1512762/000110465926058703/chrs-20260331x10q.htm,
"Coherus Oncology, Inc.",CHRS,2026-07-20,14. Shadow Rating,Default probability,89,12-month PD low ~3-5%; cumulative to 2029 ~25-35%,"Indicative ranges (not point estimates): 12-month PD Low ~3-5%, cumulative-through-2029 PD Moderate ~25-35%, driven by liquidity runway and capital-markets access rather than the 2029 maturity.",12-month probability of default,Low (~3-5%),range,Current,Orion Analysis,High,Neutral,,Liquidity runway; equity access,Orion Analysis,coherus_shadow_rating.csv,Orion synthesis,https://www.sec.gov/Archives/edgar/data/1512762/000110465926058703/chrs-20260331x10q.htm,
"Coherus Oncology, Inc.",CHRS,2026-07-20,14. Shadow Rating,Rating drivers,90,Strengths vs weaknesses that set the ratings,"Strengths: net-cash balance sheet, differentiated guideline-anchored franchise, first-lien structure with cash dominion, covenant-light but compliant, deleveraged. Weaknesses: 100% single-product concentration, deep operating losses, capital-market dependence, TSA-flattered cash, approved competitor, China single-source supply, no prepayment sweeps.",,,,All,Orion Analysis,High,Mixed,Maintain,Upgrade/downgrade triggers,Orion Analysis,coherus_shadow_rating.csv,Orion synthesis,https://www.sec.gov/Archives/edgar/data/1512762/000110465926058703/chrs-20260331x10q.htm,
"Coherus Oncology, Inc.",CHRS,2026-07-20,15. Key Risks,Cash burn,91,Sustained losses and burn require recurring equity,FY2025 operating loss $(181)M and normalized burn ~$6-7M/month (ex-TSA) mean no operating coverage of interest; solvency depends on capital access. Timing: liquidity erosion could pressure the $15M covenant by ~2027 absent raises. Consequence: covenant breach / funding default.,,,,All,Orion Analysis,Critical,Negative,,Normalized cash burn; ex-TSA cash vs $15M,Orion Analysis,coherus_shadow_rating.csv,Orion synthesis,https://www.sec.gov/Archives/edgar/data/1512762/000110465926058703/chrs-20260331x10q.htm,
"Coherus Oncology, Inc.",CHRS,2026-07-20,15. Key Risks,Concentration,92,100% single-product / single-indication / U.S.-only,"One drug (LOQTORZI), one indication (NPC, ~2,000 eligible patients), one geography, ~99% via three wholesalers, no near-term pipeline diversification. Consequence: any commercial setback directly impairs repayment capacity. Magnitude: revenue is the sole debt-service engine.",,,,All,Orion Analysis,Critical,Negative,,Quarterly LOQTORZI revenue; wholesaler concentration,Orion industry analysis,coherus_industry.csv,Market / Competition,https://www.sec.gov/Archives/edgar/data/1512762/000110465926025308/chrs-20251231x10k.htm,
"Coherus Oncology, Inc.",CHRS,2026-07-20,15. Key Risks,Funding dependence,93,Needs ~$154M external capital before 2029 (base),Burn exceeds current liquidity over the debt tenor; the base case needs ~$154M cumulative external capital (equity/ATM + earnouts). Timing: recurring 2026-2029. Consequence: an equity-window closure could force covenant breach or distressed refinancing.,,,,Base,Orion Analysis,High,Negative,,Cash vs $15M covenant; ATM usage; equity raises,Orion valuation model,coherus_valuation.csv,Scenario & recovery build,https://www.sec.gov/Archives/edgar/data/1512762/000110465926025308/chrs-20251231x10k.htm,
"Coherus Oncology, Inc.",CHRS,2026-07-20,15. Key Risks,Competition,94,Penpulimab launch is the key negative catalyst,Akeso's penpulimab is FDA-approved with an overlapping NPC label but unlaunched in the U.S. Timing: launch possible in 2026 (uncertain). Magnitude: direct price/share pressure on LOQTORZI. Consequence: erodes the ramp the credit relies on.,,,,Downside,Orion Analysis,High,Negative,,"Penpulimab U.S. launch, partner and pricing; QoQ share",FDA / Akeso (penpulimab approval),coherus_industry.csv,Competition - penpulimab-kcqx,https://www.fda.gov/drugs/drug-approvals-and-databases/drug-trials-snapshots-penpulimab-kcqx,
"Coherus Oncology, Inc.",CHRS,2026-07-20,15. Key Risks,Supply / policy,95,Single-source China supply plus pricing-policy exposure,LOQTORZI drug substance/finished product are single-sourced from Junshi (China); IRA/MFN/OBBBA and pharma-tariff exposure add pricing/supply risk. Consequence: a supply disruption or price cut hits margin/revenue on the sole product (onshoring partly mitigates).,,,,All,Orion Analysis,Moderate,Negative,,Supply continuity; tariff/pricing actions; onshoring,Orion industry analysis,coherus_industry.csv,Market / Competition,https://www.sec.gov/Archives/edgar/data/1512762/000110465926025308/chrs-20251231x10k.htm,
"Coherus Oncology, Inc.",CHRS,2026-07-20,15. Key Risks,Liquidity optics,96,Headline cash overstates usable liquidity,"~$61.6M of the $167.0M is restricted TSA pass-through, so covenant-qualifying/usable liquidity is ~$105M. Consequence: true covenant headroom is materially below the ~11x indicative figure - monitor ex-TSA cash, not the headline.",,,,Current,Orion Analysis,High,Negative,,Ex-TSA (covenant-qualifying) cash each quarter,Orion liquidity analysis,coherus_liquidity.csv,Liquidity Analysis (as of 2026-03-31),https://www.sec.gov/Archives/edgar/data/1512762/000110465926058703/chrs-20260331x10q.htm,
"Coherus Oncology, Inc.",CHRS,2026-07-20,15. Key Risks,Controls / audit,97,Auditor change following a remediated material weakness,"EY was dismissed and PwC engaged for FY2026 (no disagreements); the prior inventory-reconciliation material weakness (FY2024) was remediated as of 12/31/2025. Consequence: PwC's first audit is a modest reporting-reliability watch item, not a current credit event.",,,,Current,Orion Analysis,Moderate,Negative,,PwC first audit (FY2026); any restatement/filing delay,Orion news analysis,coherus_news.csv,News monitoring log,https://www.sec.gov/Archives/edgar/data/1512762/000110465926025308/chrs-20251231x10k.htm,
"Coherus Oncology, Inc.",CHRS,2026-07-20,16. Risk Mitigants,Coverage,98,Cash and marketable securities cover funded debt ~4.3x,$167.0M cash & marketable securities cover $38.8M funded debt ~4.3x; net cash of ~$128M covers the facility ~3.3x. Even after all $51.6M financial liabilities the company remains net cash. Strong near-term coverage of the small first-lien loan and low near-term default risk.,Cash & mkt securities / funded debt,4.3,x,Current,Calculated,Critical,Positive,Maintain,Cash trend vs funded debt,Coherus Q1 2026 10-Q,01_Filings/10Q/2026-05-11_CHRS_10Q_Q1-2026.pdf,Liquidity & Capital Resources / Note 8,https://www.sec.gov/Archives/edgar/data/1512762/000110465926058703/chrs-20260331x10q.htm,
"Coherus Oncology, Inc.",CHRS,2026-07-20,16. Risk Mitigants,Senior structure,99,"First-lien, all-asset + IP lien, senior to the royalty","First-priority perfected lien on substantially all assets including IP, with cash dominion and seniority over the Coduet royalty; a strong collateral package driving above-average recovery.",,,,Current,Reported,High,Positive,Maintain,Perfection maintenance,Orion org & collateral analysis,coherus_org_structure.csv,"Collateral, guarantees & entity map",https://www.sec.gov/Archives/edgar/data/0001512762/000155837024008542/chrs-20240508xex10d1.htm,
"Coherus Oncology, Inc.",CHRS,2026-07-20,16. Risk Mitigants,Small bullet,100,"Small, interest-only bullet with no near-term maturity",The $38.66M interest-only bullet due 2029 has no amortization pressure; small size and first-lien status aid refinancing/recovery. Cash ($167M) far exceeds the claim today.,,,,Current,Reported,High,Positive,Maintain,,Coherus Q1 2026 10-Q,01_Filings/10Q/2026-05-11_CHRS_10Q_Q1-2026.pdf,Liquidity & Capital Resources / Note 8,https://www.sec.gov/Archives/edgar/data/1512762/000110465926058703/chrs-20260331x10q.htm,
"Coherus Oncology, Inc.",CHRS,2026-07-20,16. Risk Mitigants,Exclusivity,101,Exclusivity extends past the maturity,"Orphan (2030) and BLA (2035) exclusivity both run past the 2029 maturity, so biosimilar erosion is not a repayment-window risk and franchise durability is not the binding constraint.",,,,Current,Orion Analysis,Moderate,Positive,,,Orion industry analysis,coherus_industry.csv,Market / Competition,https://www.sec.gov/Archives/edgar/data/1512762/000110465926025308/chrs-20251231x10k.htm,
"Coherus Oncology, Inc.",CHRS,2026-07-20,16. Risk Mitigants,Immateriality,102,Immaterial position marked above cost,"At 0.23% of the portfolio and 105% of cost, the position poses limited portfolio impact even in stress; BBDC's downside is bounded by its ~$3,991K par loan slice.",,,,Current,Orion Analysis,Moderate,Positive,Maintain,,BBDC 10-Q Schedule of Investments (Q1 2026),coherus_tear_sheet.csv,BBDC SOI - Coherus loan + royalty rows,https://www.sec.gov/Archives/edgar/data/1379785/000137978526000022/bbdc-20260331.htm,
"Coherus Oncology, Inc.",CHRS,2026-07-20,16. Risk Mitigants,Onshoring,103,U.S. onshoring mitigates China-supply risk over time,"U.S.-made LOQTORZI drug substance received regulatory approval in Q1 2026, reducing reliance on single-source Chinese supply and mitigating tariff/disruption risk to the sole revenue stream.",,,,Current,Reported,Moderate,Positive,,Onshoring completion; supply/tariff developments,Orion news analysis,coherus_news.csv,News monitoring log,https://www.sec.gov/Archives/edgar/data/1512762/000110465926025308/chrs-20251231x10k.htm,
"Coherus Oncology, Inc.",CHRS,2026-07-20,17. Catalysts,Q2 2026 earnings,104,Q2 2026 print (~Aug 2026) is the key near-term credit signal,"Watch whether Q2 2026 LOQTORZI net sales resume sequential growth after the Q1 2026 -5% QoQ dip, plus normalized cash burn and ex-TSA cash. The more direct credit signal than the pipeline readout.",,,,Current,Orion Analysis,High,Neutral,,Q2 2026 LOQTORZI net sales; ex-TSA cash,Coherus Q1 2026 earnings release,02_Earnings/releases/2026-05-11_CHRS_ER_Q1-2026.pdf,Q1 2026 financial results,https://www.sec.gov/Archives/edgar/data/1512762/000110465926058666/chrs-20260511xex99d1.htm,
"Coherus Oncology, Inc.",CHRS,2026-07-20,17. Catalysts,Pipeline readout,105,Casdozokitug HCC Phase 2 readout mid-2026,First randomized casdozokitug (toripalimab combination) HCC data guided to mid-2026 (still pending as of 2026-07-19). An equity/enterprise-value catalyst that would broaden the story beyond NPC and support equity access.,,,,Current,Reported,Moderate,Positive,,Casdozokitug HCC Phase 2 readout,Orion news analysis,coherus_news.csv,News monitoring log,https://www.sec.gov/Archives/edgar/data/1512762/000110465926025308/chrs-20251231x10k.htm,
"Coherus Oncology, Inc.",CHRS,2026-07-20,17. Catalysts,Competitor launch,106,Penpulimab U.S. launch (negative catalyst),A U.S. commercialization of penpulimab would introduce direct price/share competition; timing uncertain (possible 2026). The single most consequential downside catalyst to the revenue thesis.,,,,Downside,Reported,High,Negative,,"Penpulimab U.S. launch, partner and pricing",FDA / Akeso (penpulimab approval),coherus_industry.csv,Competition - penpulimab-kcqx,https://www.fda.gov/drugs/drug-approvals-and-databases/drug-trials-snapshots-penpulimab-kcqx,
"Coherus Oncology, Inc.",CHRS,2026-07-20,17. Catalysts,Equity issuance,107,Dilutive equity raise likely 2026-2027,A dilutive equity/ATM issuance is probable to extend runway ($50.1M raised Feb 2026 at $1.75; ~$64.9M ATM available). Negative for equity holders but neutral-to-positive for creditors (adds cash ahead of the loan).,,,,All,Orion Analysis,High,Positive,,ATM utilization; further raises; dilution,Orion news analysis,coherus_news.csv,News monitoring log,https://www.sec.gov/Archives/edgar/data/1512762/000110465926025308/chrs-20251231x10k.htm,
"Coherus Oncology, Inc.",CHRS,2026-07-20,17. Catalysts,Covenant watch,108,Liquidity floor pressure 2026-2027,Watch unrestricted-cash trend toward the $15M floor; the base case touches the covenant ~Q4 2027 absent new capital. A financing-timing catalyst for the credit.,,,,Base,Orion Analysis,High,Negative,,Covenant-qualifying cash vs $15M floor,Orion valuation model,coherus_valuation.csv,Scenario & recovery build,https://www.sec.gov/Archives/edgar/data/1512762/000110465926025308/chrs-20251231x10k.htm,
"Coherus Oncology, Inc.",CHRS,2026-07-20,17. Catalysts,Earnouts,109,UDENYCA earnouts up to $75M (contingent liquidity),Two $37.5M earnouts (up to $75M total) if UDENYCA sales thresholds are met - positive liquidity optionality but not guaranteed.,UDENYCA earnouts (contingent),"up to 75,000",USD thousands,All,Reported,Moderate,Positive,,UDENYCA sales-threshold achievement,Coherus FY2025 10-K,01_Filings/10K/2026-03-09_CHRS_10K_FY2025.pdf,Item 1 / MD&A / Note 8,https://www.sec.gov/Archives/edgar/data/1512762/000110465926025308/chrs-20251231x10k.htm,
"Coherus Oncology, Inc.",CHRS,2026-07-20,18. Monitoring Plan,Revenue,110,Track quarterly LOQTORZI net revenue,Monitor quarterly LOQTORZI net sales (YoY and QoQ) as the primary indicator of the ramp that services the loan; confirm the Q1 2026 sequential dip was timing-related.,,,,Current,Orion Recommendation,Critical,Neutral,Watchlist,Quarterly LOQTORZI net revenue (YoY and QoQ),Orion Analysis,coherus_shadow_rating.csv,Orion synthesis,https://www.sec.gov/Archives/edgar/data/1512762/000110465926058703/chrs-20260331x10q.htm,
"Coherus Oncology, Inc.",CHRS,2026-07-20,18. Monitoring Plan,Covenant cash,111,Track ex-TSA cash vs the $15M covenant,"Track covenant-qualifying (unrestricted, Collateral-Account) cash - not headline cash - against the $15M minimum-liquidity floor; the earliest solvency tripwire.",,,,Current,Orion Recommendation,Critical,Neutral,Watchlist,Ex-TSA/covenant-qualifying cash vs $15M,Orion covenant compliance analysis,coherus_compliance.csv,Covenants & events of default,https://www.sec.gov/Archives/edgar/data/0001512762/000155837024008542/chrs-20240508xex10d1.htm,
"Coherus Oncology, Inc.",CHRS,2026-07-20,18. Monitoring Plan,Burn,112,Track normalized (ex-TSA) cash burn,"Monitor normalized quarterly/monthly operating cash burn to gauge true runway, adjusting out one-time TSA/working-capital timing.",,,,Current,Orion Recommendation,High,Neutral,Watchlist,Normalized quarterly cash burn,Orion liquidity analysis,coherus_liquidity.csv,Liquidity Analysis (as of 2026-03-31),https://www.sec.gov/Archives/edgar/data/1512762/000110465926058703/chrs-20260331x10q.htm,
"Coherus Oncology, Inc.",CHRS,2026-07-20,18. Monitoring Plan,Financing,113,Track ATM usage and equity issuance,"Track ATM utilization and any equity raises (pace, size, price) as the survival funding mechanism; creditor-positive but signals continued losses.",,,,Current,Orion Recommendation,High,Neutral,Watchlist,ATM/equity issuance pace and dilution,Orion news analysis,coherus_news.csv,News monitoring log,https://www.sec.gov/Archives/edgar/data/1512762/000110465926025308/chrs-20251231x10k.htm,
"Coherus Oncology, Inc.",CHRS,2026-07-20,18. Monitoring Plan,Competitor,114,Watch penpulimab U.S. launch and pricing,"Watch for any penpulimab U.S. launch, commercial partner and pricing - the key competitive downside trigger to LOQTORZI's sole revenue stream.",,,,Current,Orion Recommendation,High,Negative,Watchlist,"Penpulimab U.S. launch, partner, pricing",FDA / Akeso (penpulimab approval),coherus_industry.csv,Competition - penpulimab-kcqx,https://www.fda.gov/drugs/drug-approvals-and-databases/drug-trials-snapshots-penpulimab-kcqx,
"Coherus Oncology, Inc.",CHRS,2026-07-20,18. Monitoring Plan,BBDC mark,115,Track the BBDC fair-value mark and non-accrual status,Pull the exact Coherus par/cost/fair-value from BBDC's Schedule of Investments each quarter; watch for markdowns or any move toward non-accrual.,,,,Current,Orion Recommendation,High,Neutral,Watchlist,BBDC quarterly SOI mark; non-accrual status,BBDC 10-Q Schedule of Investments (Q1 2026),coherus_tear_sheet.csv,BBDC SOI - Coherus loan + royalty rows,https://www.sec.gov/Archives/edgar/data/1379785/000137978526000022/bbdc-20260331.htm,
"Coherus Oncology, Inc.",CHRS,2026-07-20,18. Monitoring Plan,Documents,116,Review covenant certificate and MAC-type developments,"Review each quarterly compliance certificate and monitor 8-K/press flow for MAC-type developments, IP/Junshi-license changes, or asset monetizations (no prepayment sweep means value can leak).",,,,Current,Orion Recommendation,Moderate,Neutral,Watchlist,Compliance certificate; MAC events; monetizations,Orion covenant compliance analysis,coherus_compliance.csv,Covenants & events of default,https://www.sec.gov/Archives/edgar/data/0001512762/000155837024008542/chrs-20240508xex10d1.htm,
"Coherus Oncology, Inc.",CHRS,2026-07-20,19. Final Credit Conclusion,Recommendation,117,Maintain the exposure; heightened monitoring,"Recommendation: MAINTAIN. BBDC owns a small ($3.99M par) first-lien slice (plus ~$1.5M royalty rights) of Coherus's $38.66M senior-secured, interest-only 2029 Term Loan (SOFR+8%, 11.7% cash) - a differentiated, well-collateralized credit marked above cost. Hold the position under Watchlist-level monitoring.",,,,All,Orion Recommendation,Critical,Neutral,Maintain,LOQTORZI revenue; ex-TSA cash vs $15M; penpulimab launch,Orion Analysis,coherus_shadow_rating.csv,Orion synthesis,https://www.sec.gov/Archives/edgar/data/1512762/000110465926058703/chrs-20260331x10q.htm,
"Coherus Oncology, Inc.",CHRS,2026-07-20,19. Final Credit Conclusion,Why repayment holds,118,Why the loan can be repaid,"Near-term repayment is supported by a net-cash balance sheet ($167.0M cash vs $38.8M funded debt), a $15M covenant with substantial indicative headroom, first-lien collateral over substantially all assets including IP, and growing LOQTORZI revenue (FY2025 $40.8M, +113%). Modeled base/going-concern recovery is ~100%.",,,,Base,Orion Analysis,Critical,Positive,Maintain,,Orion Analysis,coherus_shadow_rating.csv,Orion synthesis,https://www.sec.gov/Archives/edgar/data/1512762/000110465926058703/chrs-20260331x10q.htm,
"Coherus Oncology, Inc.",CHRS,2026-07-20,19. Final Credit Conclusion,Why repayment could fail,119,Why the loan could not be repaid,"Repayment could be impaired by sustained operating losses and cash burn (FY2025 operating loss $(181)M) requiring recurring equity raises, extreme single-product concentration, an approved competitor (penpulimab), and single-source China supply. The default pathway is a funding default - unfunded burn trips the $15M covenant before the bullet can be repaid/refinanced (base ~Q4 2027, downside ~Q3 2027 absent capital).",,,,Downside,Orion Analysis,Critical,Negative,Watchlist,Ex-TSA cash vs $15M covenant; equity-market access,Orion valuation model,coherus_valuation.csv,Scenario & recovery build,https://www.sec.gov/Archives/edgar/data/1512762/000110465926025308/chrs-20251231x10k.htm,
"Coherus Oncology, Inc.",CHRS,2026-07-20,19. Final Credit Conclusion,PM action,120,Portfolio-manager action,"Hold BBDC's first-lien exposure - do not add or exit. Monitor quarterly LOQTORZI revenue, normalized (ex-TSA) cash burn and unrestricted cash vs the $15M covenant, ATM/equity issuance pace, and any penpulimab U.S. launch as the earliest indicators of solvency or refinancing stress. Reassess toward Reduce/Exit if those triggers turn.",,,,All,Orion Recommendation,Critical,Neutral,Maintain,"Quarterly revenue, ex-TSA cash, issuance pace, competitor launch",Orion Analysis,coherus_shadow_rating.csv,Orion synthesis,https://www.sec.gov/Archives/edgar/data/1512762/000110465926058703/chrs-20260331x10q.htm,
