section,metric,value,unit,as_of_date,status,source_file,source_page_or_section,source_url,confidence,notes
Entity Overview,Registrant legal name,"Coherus Oncology, Inc.",text,2026-03-31,Reported,01_Filings/10Q/2026-05-11_CHRS_10Q_Q1-2026.pdf,Cover page,https://www.sec.gov/Archives/edgar/data/1512762/000110465926058703/chrs-20260331x10q.htm,High,"Formerly Coherus BioSciences, Inc.; Nasdaq: CHRS; Delaware; IRS No. 27-3615821. Executed credit documents (e.g., 2020 Indenture, 2025 First Supplemental Indenture) still use the prior name 'Coherus BioSciences, Inc.'"
Entity Overview,Common shares outstanding,"154,249,900",shares,2026-04-30,Reported,01_Filings/10Q/2026-05-11_CHRS_10Q_Q1-2026.pdf,Cover page,https://www.sec.gov/Archives/edgar/data/1512762/000110465926058703/chrs-20260331x10q.htm,High,"Shares of common stock outstanding as of April 30, 2026 (cover-page count)."
Entity Overview,Commercial product,LOQTORZI (toripalimab-tpzi),text,2026-03-31,Reported,01_Filings/10Q/2026-05-11_CHRS_10Q_Q1-2026.pdf,Liquidity and Capital Resources,https://www.sec.gov/Archives/edgar/data/1512762/000110465926058703/chrs-20260331x10q.htm,High,Single approved/commercial product; anti-PD-1 for R/M nasopharyngeal carcinoma. Company describes itself as commercial-stage oncology company with two mid-stage clinical candidates.
Entity Overview,Accumulated deficit,(1.4) billion,USD,2026-03-31,Reported,01_Filings/10Q/2026-05-11_CHRS_10Q_Q1-2026.pdf,Liquidity and Capital Resources,https://www.sec.gov/Archives/edgar/data/1512762/000110465926058703/chrs-20260331x10q.htm,High,"Disclosed as '$1.4 billion' accumulated deficit as of March 31, 2026."
Entity Overview,Company description,Fully integrated commercial-stage innovative oncology company,text,2026-05-11,Reported,02_Earnings/releases/2026-05-11_CHRS_ER_Q1-2026.pdf,About Coherus Oncology,https://www.sec.gov/Archives/edgar/data/1512762/000110465926058666/chrs-20260511xex99d1.htm,High,"Per company: an approved next-generation PD-1 inhibitor (LOQTORZI / toripalimab-tpzi) plus a pipeline of two mid-stage clinical candidates (tagmokitug, an anti-CCR8 Treg depleter; casdozokitug, an IL-27 antagonist) targeting liver, prostate, head & neck, colorectal and other cancers."
Entity Overview,Revenue model,Single-product U.S. sales (LOQTORZI) + royalties/earnouts + planned ex-U.S. licensing,text,2026-03-31,Reported,02_Earnings/releases/2026-05-11_CHRS_ER_Q1-2026.pdf,About Coherus Oncology / First Quarter 2026 Financial Results,https://www.sec.gov/Archives/edgar/data/1512762/000110465926058666/chrs-20260511xex99d1.htm,High,"Primary revenue is U.S. net product sales of LOQTORZI in R/M nasopharyngeal carcinoma ($11.8M Q1 2026). Strategy is to grow LOQTORZI and advance pipeline in combination, plus execute ex-U.S. licensing deals as data supports; also eligible for contingent UDENYCA earnouts. Divested biosimilar (UDENYCA) and legacy businesses in 2025."
Entity Overview,Headquarters,"333 Twin Dolphin Drive, Suite 600, Redwood City, California 94065",text,2026-03-09,Reported,01_Filings/10K/2026-03-09_CHRS_10K_FY2025.pdf,Cover page - principal executive offices,https://www.sec.gov/Archives/edgar/data/1512762/000110465926025308/chrs-20251231x10k.htm,High,Principal executive offices; telephone (650) 649-3530. State of incorporation: Delaware.
Entity Overview,Key credit strengths,Net-cash balance sheet; convertibles retired; sole approved R/M NPC therapy; interest-only term loan to 2029,assessment,2026-03-31,Orion Analysis,01_Filings/10Q/2026-05-11_CHRS_10Q_Q1-2026.pdf,Liquidity/Note 8; Q1 2026 earnings release,https://www.sec.gov/Archives/edgar/data/1512762/000110465926058703/chrs-20260331x10q.htm,Medium,Orion Analysis: (1) $167.0M cash vs $51.6M total financial liabilities (net cash); (2) 2026 Convertible Notes effectively retired ($0.1M repaid April 2026); (3) LOQTORZI is the only FDA-approved/available therapy for R/M NPC and NCCN preferred Category 1 (1L) and preferred (subsequent-line) - a differentiated franchise; (4) 2029 Term Loan is interest-only with no amortization until the 2029 bullet. Underlying support: 10-Q Liquidity & Note 8; Q1 2026 earnings release.
Entity Overview,Near-term catalysts,Multiple 2026 clinical data readouts,text,2026-05-11,Reported,02_Earnings/releases/2026-05-11_CHRS_ER_Q1-2026.pdf,Advancement of Pipeline / Recent Business Highlights,https://www.sec.gov/Archives/edgar/data/1512762/000110465926058666/chrs-20260511xex99d1.htm,High,Company-disclosed: casdozokitug 1L uHCC randomized Phase 2 first data readout mid-2026 (enrollment complete); tagmokitug/toripalimab readouts in 2L HNSCC and upper GI mid-2026 and ESCC/CRC in 2H 2026; pasritamig combination Phase 1b in mCRPC anticipated to begin fall 2026. Also potential UDENYCA earnouts ($37.5M x2).
Entity Overview,Preliminary Orion outlook,Adequately capitalized near-term; profile hinges on LOQTORZI ramp and capital access,assessment,2026-03-31,Orion Analysis,01_Filings/10Q/2026-05-11_CHRS_10Q_Q1-2026.pdf,Liquidity & Risk Factors; Q1 2026 earnings release,https://www.sec.gov/Archives/edgar/data/1512762/000110465926058703/chrs-20260331x10q.htm,Medium,"Orion Analysis (preliminary): near-term credit position is supported by a net-cash balance sheet and a covenant-light, interest-only 2029 term loan with substantial minimum-liquidity headroom, so default risk over the next ~12 months appears low. Longer-term repayment of the 2029 bullet depends on LOQTORZI revenue growth (single-product concentration) and continued capital-markets access given sustained operating losses (~$36M Q1 2026 operating loss; ~$58M Q1 operating cash use). Outlook: cautiously stable, watch burn rate, LOQTORZI trajectory, and pipeline readouts. Underlying support: 10-Q Liquidity/Risk Factors and cash-flow statement; Q1 2026 earnings release."
Capital Structure,Total financial liabilities (company debt/monetization),"51,640",USD thousands,2026-03-31,Reported,01_Filings/10Q/2026-05-11_CHRS_10Q_Q1-2026.pdf,Liquidity and Capital Resources - Financial liabilities table,https://www.sec.gov/Archives/edgar/data/1512762/000110465926058703/chrs-20260331x10q.htm,High,"Sum of 2029 Term Loan $37,147K + Revenue Purchase and Sale Agreement $14,372K + 2026 Convertible Notes $121K (carrying values)."
Capital Structure,Total financial liabilities (company debt/monetization),"51,200",USD thousands,2025-12-31,Reported,01_Filings/10Q/2026-05-11_CHRS_10Q_Q1-2026.pdf,Liquidity and Capital Resources - Financial liabilities table,https://www.sec.gov/Archives/edgar/data/1512762/000110465926058703/chrs-20260331x10q.htm,High,"Prior-period comparative: 2029 Term Loan $37,051K + Revenue PSA $14,028K + 2026 Convertible Notes $121K."
2029 Term Loan,Instrument / seniority,Senior secured term loan facility,text,2026-03-31,Reported,01_Filings/10Q/2026-05-11_CHRS_10Q_Q1-2026.pdf,Note 8. Financial Liabilities - 2029 Term Loan,https://www.sec.gov/Archives/edgar/data/1512762/000110465926058703/chrs-20260331x10q.htm,High,"Company-level debt. Secured by a lien on substantially all assets of the Company, including intellectual property, subject to customary exclusions (per FY2025 10-K)."
2029 Term Loan,Origination date,2024-05-08,date,2024-05-08,Reported,01_Filings/10Q/2026-05-11_CHRS_10Q_Q1-2026.pdf,Note 8. Financial Liabilities - 2029 Term Loan,https://www.sec.gov/Archives/edgar/data/1512762/000110465926058703/chrs-20260331x10q.htm,High,"Entered May 8, 2024; facility up to $38.7M; net proceeds of $37.5M after original issuance discount used to help repay the $250.0M 2027 Term Loans."
2029 Term Loan,Maturity date,2029-05-08,date,2026-03-31,Reported,01_Filings/10Q/2026-05-11_CHRS_10Q_Q1-2026.pdf,Note 8. Financial Liabilities - 2029 Term Loan,https://www.sec.gov/Archives/edgar/data/1512762/000110465926058703/chrs-20260331x10q.htm,High,Term Loan Maturity Date = 5th anniversary of the Closing Date (Loan Agreement definition).
2029 Term Loan,Committed / facility amount,38.7,USD millions,2024-05-08,Reported,01_Filings/10Q/2026-05-11_CHRS_10Q_Q1-2026.pdf,Note 8. Financial Liabilities - 2029 Term Loan,https://www.sec.gov/Archives/edgar/data/1512762/000110465926058703/chrs-20260331x10q.htm,High,Senior secured term loan facility 'for up to $38.7 million'; fully funded.
2029 Term Loan,Principal amount outstanding,"38,660",USD thousands,2026-03-31,Reported,01_Filings/10Q/2026-05-11_CHRS_10Q_Q1-2026.pdf,Note 8. Financial Liabilities - fair value table,https://www.sec.gov/Archives/edgar/data/1512762/000110465926058703/chrs-20260331x10q.htm,High,"Gross principal; unchanged from $38,660K at 2025-12-31."
2029 Term Loan,Unamortized debt discount and issuance costs,"(1,513)",USD thousands,2026-03-31,Reported,01_Filings/10Q/2026-05-11_CHRS_10Q_Q1-2026.pdf,Note 8. Financial Liabilities - fair value table,https://www.sec.gov/Archives/edgar/data/1512762/000110465926058703/chrs-20260331x10q.htm,High,"$(1,609)K at 2025-12-31. Total issuance discount/costs at inception were $2.2M (per FY2025 10-K)."
2029 Term Loan,Net carrying value,"37,147",USD thousands,2026-03-31,Reported,01_Filings/10Q/2026-05-11_CHRS_10Q_Q1-2026.pdf,"Note 8 / Balance Sheet (Term loan, non-current)",https://www.sec.gov/Archives/edgar/data/1512762/000110465926058703/chrs-20260331x10q.htm,High,"$37,051K at 2025-12-31. Estimated fair value equals carrying value (Level 2; variable-rate)."
2029 Term Loan,Contractual interest rate,Three-month SOFR + 8.00%,rate,2026-03-31,Reported,01_Filings/10Q/2026-05-11_CHRS_10Q_Q1-2026.pdf,Note 8. Financial Liabilities - 2029 Term Loan,https://www.sec.gov/Archives/edgar/data/1512762/000110465926058703/chrs-20260331x10q.htm,High,"Applicable Margin fixed at 8.00% per annum (Loan Agreement definition) plus three-month Term SOFR. Cash-pay, interest-only quarterly until maturity. NOT a PIK instrument."
2029 Term Loan,All-in interest rate (period estimate),12.0,percent,2025-12-31,Reported,01_Filings/10K/2026-03-09_CHRS_10K_FY2025.pdf,Note - 2029 Term Loan (future payments table),https://www.sec.gov/Archives/edgar/data/1512762/000110465926025308/chrs-20251231x10k.htm,High,FY2025 10-K states future-payment schedule assumes the fourth quarter of 2025 interest rate of 12.0% (implies ~4.0% three-month SOFR component over the 8.0% margin). Rate is variable and resets.
2029 Term Loan,Interest type,"Cash interest (interest-only, quarterly)",text,2026-03-31,Reported,01_Filings/10Q/2026-05-11_CHRS_10Q_Q1-2026.pdf,Note 8. Financial Liabilities - 2029 Term Loan,https://www.sec.gov/Archives/edgar/data/1512762/000110465926058703/chrs-20260331x10q.htm,High,Provides for interest-only payments on a quarterly basis until maturity; principal due at maturity (bullet). No payment-in-kind (PIK) feature disclosed.
2029 Term Loan,Cash interest expense,1.2,USD millions,three months ended 2026-03-31,Reported,01_Filings/10Q/2026-05-11_CHRS_10Q_Q1-2026.pdf,Note 8. Financial Liabilities - 2029 Term Loan,https://www.sec.gov/Archives/edgar/data/1512762/000110465926058703/chrs-20260331x10q.htm,High,Q1 2026 interest expense on the 2029 Term Loan ($1.3M in Q1 2025). Classified in continuing operations.
2029 Term Loan,Cash interest expense,5.1,USD millions,year ended 2025-12-31,Reported,01_Filings/10K/2026-03-09_CHRS_10K_FY2025.pdf,Note - 2029 Term Loan,https://www.sec.gov/Archives/edgar/data/1512762/000110465926025308/chrs-20251231x10k.htm,High,FY2025 interest expense on the 2029 Term Loan ($3.5M in FY2024).
2029 Term Loan,PIK interest expense,0,USD,three months ended 2026-03-31,Reported,01_Filings/10Q/2026-05-11_CHRS_10Q_Q1-2026.pdf,Note 8. Financial Liabilities - 2029 Term Loan,https://www.sec.gov/Archives/edgar/data/1512762/000110465926058703/chrs-20260331x10q.htm,Medium,No PIK interest on the 2029 Term Loan; instrument is cash-pay interest-only. Stated as zero based on explicit interest-only/quarterly cash terms; no PIK provision disclosed.
2029 Term Loan,Default interest rate premium,+4.00%,rate,2026-03-31,Reported,03_Credit_Docs/2024-05-21_CHRS_EX10-28_Loan-Agreement-2024-05-08.pdf,Section 2.3(b) Default Rate,https://www.sec.gov/Archives/edgar/data/0001512762/000155837024008542/chrs-20240508xex10d1.htm,High,"Past-due obligations / event of default accrue interest at 4.00 percentage points above the otherwise-applicable rate, payable in cash on demand."
2029 Term Loan,Prepayment premium schedule,10% yr1-2; 5% yr2-3; 0% after yr3,rate,2026-03-31,Reported,03_Credit_Docs/2024-05-21_CHRS_EX10-28_Loan-Agreement-2024-05-08.pdf,Definitions - Prepayment Premium; Section 2.2(f),https://www.sec.gov/Archives/edgar/data/0001512762/000155837024008542/chrs-20240508xex10d1.htm,High,Prepayment Premium = 0.10 of principal prepaid on/after 1st and before 2nd anniversary; 0.05 on/after 2nd and before 3rd anniversary; 0.00 on/after 3rd anniversary. No premium on payment at maturity. Consistent with FY2025 10-K description.
2029 Term Loan,Make-whole,Interest through 1st anniversary,text,2026-03-31,Reported,03_Credit_Docs/2024-05-21_CHRS_EX10-28_Loan-Agreement-2024-05-08.pdf,Definitions - Makewhole Amount; Section 2.2(e),https://www.sec.gov/Archives/edgar/data/0001512762/000155837024008542/chrs-20240508xex10d1.htm,High,"For prepayment/acceleration before the 1st anniversary of Closing Date, a Makewhole Amount equal to all interest that would have accrued from prepayment date through the 1st anniversary on the principal prepaid."
2029 Term Loan,Collateral agent,"Ankura Trust Company, LLC",text,2026-03-31,Reported,01_Filings/10Q/2026-05-11_CHRS_10Q_Q1-2026.pdf,Note 8. Financial Liabilities - 2029 Term Loan,https://www.sec.gov/Archives/edgar/data/1512762/000110465926058703/chrs-20260331x10q.htm,High,"Loan agreement by and among the Company, Ankura Trust Company, LLC (Collateral Agent) and the lenders signatory thereto."
2029 Term Loan,Lender / holder identities,Not Disclosed,text,2024-05-08,Reported,03_Credit_Docs/2024-05-21_CHRS_EX10-28_Loan-Agreement-2024-05-08.pdf,Loan Agreement (lender signatories),https://www.sec.gov/Archives/edgar/data/0001512762/000155837024008542/chrs-20240508xex10d1.htm,High,Individual lender syndicate names are redacted ([***]) in the publicly filed loan agreement; not identifiable from source set.
2029 Term Loan,Prior facility repaid (2027 Term Loans),250.0,USD millions,2024-05-08,Reported,01_Filings/10K/2026-03-09_CHRS_10K_FY2025.pdf,Note - 2027 Term Loan,https://www.sec.gov/Archives/edgar/data/1512762/000110465926025308/chrs-20251231x10k.htm,High,"2029 Term Loan proceeds helped repay in full the $250.0M 2027 Term Loans (BioPharma Credit, PLC and 2027 Lenders); May 8, 2024 payoff amount was $79.6M after a $175.0M partial prepayment on April 1, 2024. FY2024 loss on debt extinguishment of $12.6M."
Revenue Participation Right,Instrument type,Revenue Purchase and Sale Agreement (royalty monetization),text,2026-03-31,Reported,01_Filings/10Q/2026-05-11_CHRS_10Q_Q1-2026.pdf,Note 8. Financial Liabilities - Revenue Purchase and Sale Agreement,https://www.sec.gov/Archives/edgar/data/1512762/000110465926058703/chrs-20260331x10q.htm,High,"Accounted for as a liability (revenue participation liability) with a bifurcated embedded derivative (Royalty Fee Derivative Liability). Company-level; concurrent with 2029 Term Loan on May 8, 2024."
Revenue Participation Right,Purchase price received,37.5,USD millions,2024-05-08,Reported,01_Filings/10Q/2026-05-11_CHRS_10Q_Q1-2026.pdf,Note 8 - Revenue Purchase and Sale Agreement,https://www.sec.gov/Archives/edgar/data/1512762/000110465926058703/chrs-20260331x10q.htm,High,Purchaser Group paid the Company $37.5M (Revenue Purchase Price); proceeds used as part of full repayment of 2027 Term Loans.
Revenue Participation Right,Revenue Payment rate,5.0% up to threshold; 0.5% above threshold,rate,2024-05-08,Reported,01_Filings/10Q/2026-05-11_CHRS_10Q_Q1-2026.pdf,Note 8 - Revenue Purchase and Sale Agreement,https://www.sec.gov/Archives/edgar/data/1512762/000110465926058703/chrs-20260331x10q.htm,High,"5.0% of U.S. net sales of UDENYCA and LOQTORZI up to specified per-product annual thresholds, plus 0.5% of U.S. net sales exceeding the threshold, per calendar quarter commencing May 8, 2024."
Revenue Participation Right,Payment cap (hard cap),2.25x Revenue Purchase Price per product,multiple,2024-05-08,Reported,01_Filings/10Q/2026-05-11_CHRS_10Q_Q1-2026.pdf,Note 8 - Revenue Purchase and Sale Agreement,https://www.sec.gov/Archives/edgar/data/1512762/000110465926058703/chrs-20260331x10q.htm,High,Obligation terminates once Purchaser Group receives 2.25 times the Revenue Purchase Price allocated to each product.
Revenue Participation Right,UDENYCA buy-out payment,47.7,USD millions,2025-04-15,Reported,01_Filings/10Q/2026-05-11_CHRS_10Q_Q1-2026.pdf,Note 8 - Revenue Purchase and Sale Agreement,https://www.sec.gov/Archives/edgar/data/1512762/000110465926058703/chrs-20260331x10q.htm,High,"On April 15, 2025 the Company paid $47.7M to buy out the Purchaser Group's right to Revenue Payments with respect to UDENYCA. LOQTORZI participation remains."
Revenue Participation Right,Revenue participation liability (gross),"16,698",USD thousands,2026-03-31,Reported,01_Filings/10Q/2026-05-11_CHRS_10Q_Q1-2026.pdf,Note 8 - revenue participation liability summary,https://www.sec.gov/Archives/edgar/data/1512762/000110465926058703/chrs-20260331x10q.htm,High,"$16,524K at 2025-12-31."
Revenue Participation Right,Revenue participation liability (net carrying value),"14,372",USD thousands,2026-03-31,Reported,01_Filings/10Q/2026-05-11_CHRS_10Q_Q1-2026.pdf,Note 8 - revenue participation liability summary,https://www.sec.gov/Archives/edgar/data/1512762/000110465926058703/chrs-20260331x10q.htm,High,"Net of $(2,326)K unamortized discount and issuance costs; $14,028K at 2025-12-31. Included in other liabilities, non-current."
Revenue Participation Right,Effective interest rate (LOQTORZI portion),27.4,percent,2026-03-31,Reported,01_Filings/10Q/2026-05-11_CHRS_10Q_Q1-2026.pdf,Note 8 - Revenue Purchase and Sale Agreement,https://www.sec.gov/Archives/edgar/data/1512762/000110465926058703/chrs-20260331x10q.htm,High,27.6% at 2025-12-31 (per FY2025 10-K). Non-cash accretion via effective-interest method.
Revenue Participation Right,Non-cash interest expense (accretion),0.962,USD millions,three months ended 2026-03-31,Reported,01_Filings/10Q/2026-05-11_CHRS_10Q_Q1-2026.pdf,Note 8 - revenue participation liability activity,https://www.sec.gov/Archives/edgar/data/1512762/000110465926058703/chrs-20260331x10q.htm,High,"Interest expense recognized on the liability; $1.0M presented in continuing operations for Q1 2026. This is non-cash accretion, distinct from cash coupon interest."
Revenue Participation Right,Royalty payments (cash),0.618,USD millions,three months ended 2026-03-31,Reported,01_Filings/10Q/2026-05-11_CHRS_10Q_Q1-2026.pdf,Note 8 - revenue participation liability activity,https://www.sec.gov/Archives/edgar/data/1512762/000110465926058703/chrs-20260331x10q.htm,High,Cash royalty payments made under the agreement during Q1 2026 ($1.810M in Q1 2025 when UDENYCA was still included).
Revenue Participation Right,Administrative agent,"Coduet Royalty Holdings, LLC",text,2024-05-08,Reported,01_Filings/10K/2026-03-09_CHRS_10K_FY2025.pdf,Note - Revenue Purchase and Sale Agreement,https://www.sec.gov/Archives/edgar/data/1512762/000110465926025308/chrs-20251231x10k.htm,Medium,"CONFLICT: FY2025 10-K and the Omnibus Amendment name the administrative/collateral agent 'Coduet Royalty Holdings, LLC'; the Q1 2026 10-Q spells it 'Conduet Royalty Holdings, LLC'. Most authoritative executed document (Omnibus Amendment) uses 'Coduet'."
Revenue Participation Right,Amending document,Omnibus Amendment to Transaction Documents (2024-06-25),text,2024-06-25,Reported,03_Credit_Docs/2024-08-08_CHRS_EX10-31_Omnibus-Amendment-Transaction-Docs.pdf,Omnibus Amendment - Recitals & Sections 1-2,https://www.sec.gov/Archives/edgar/data/0001512762/000155837024011629/chrs-20240630xex10d4.htm,High,"Amended the May 8, 2024 Revenue Participation Right Purchase and Sale Agreement and related Security and Paying Agent Agreement (e.g., Control Agreement definition). Ankura Trust Company, LLC acts as Paying Agent."
2026 Convertible Notes,Instrument,1.50% Convertible Senior Subordinated Notes due 2026,text,2026-03-31,Reported,01_Filings/10Q/2026-05-11_CHRS_10Q_Q1-2026.pdf,Note 8 - 1.5% Convertible Senior Subordinated Notes due 2026,https://www.sec.gov/Archives/edgar/data/1512762/000110465926058703/chrs-20260331x10q.htm,High,"Company-level subordinated convertible debt. Trustee: U.S. Bank Trust Company, National Association."
2026 Convertible Notes,Original principal issued,230.0,USD millions,2020-04-17,Reported,03_Credit_Docs/2020-04-17_CHRS_EX4-4_Indenture-2020-Convertible-Notes.pdf,"Indenture dated April 17, 2020",https://www.sec.gov/Archives/edgar/data/1512762/000110465920048214/tm2015668d4_ex4-1.htm,High,"Issued and sold April 2020 under Indenture dated April 17, 2020; 1.5% coupon payable semi-annually (April 15 / October 15)."
2026 Convertible Notes,Coupon rate,1.50,percent,2026-03-31,Reported,01_Filings/10Q/2026-05-11_CHRS_10Q_Q1-2026.pdf,Note 8 - 2026 Convertible Notes,https://www.sec.gov/Archives/edgar/data/1512762/000110465926058703/chrs-20260331x10q.htm,High,Stated coupon; annual effective interest rate 2.1%.
2026 Convertible Notes,Stated maturity,2026-04-15,date,2026-03-31,Reported,01_Filings/10Q/2026-05-11_CHRS_10Q_Q1-2026.pdf,Note 8 - 2026 Convertible Notes,https://www.sec.gov/Archives/edgar/data/1512762/000110465926058703/chrs-20260331x10q.htm,High,"Matured April 15, 2026."
2026 Convertible Notes,Outstanding principal,121,USD thousands,2026-03-31,Reported,01_Filings/10Q/2026-05-11_CHRS_10Q_Q1-2026.pdf,Note 8 - 2026 Convertible Notes,https://www.sec.gov/Archives/edgar/data/1512762/000110465926058703/chrs-20260331x10q.htm,High,"$0.1M remaining (notes not tendered), fully repaid in April 2026. $170.0M repurchased April 15, 2025 and $59.9M repurchased May 15, 2025 (Fundamental Change Repurchase Right)."
2026 Convertible Notes,Amending document,First Supplemental Indenture (2025-03-31),text,2025-03-31,Reported,03_Credit_Docs/2025-04-01_CHRS_EX4-7_First-Supplemental-Indenture-2025.pdf,"First Supplemental Indenture - Article I, Sec 1.1",https://www.sec.gov/Archives/edgar/data/1512762/000155837025004264/chrs-20250331xex4d1.htm,High,"Amended Section 7.01 merger/asset-transfer covenant of the 2020 Indenture so the Intas/UDENYCA Asset Purchase Agreement (Dec 2, 2024) is not deemed a 'Business Combination Event'. Adopted with majority holder consent."
Interest Summary,Total interest expense (continuing operations),"2,186",USD thousands,three months ended 2026-03-31,Reported,02_Earnings/releases/2026-05-11_CHRS_ER_Q1-2026.pdf,Condensed Consolidated Statements of Operations,https://www.sec.gov/Archives/edgar/data/1512762/000110465926058666/chrs-20260511xex99d1.htm,High,"Q1 2026 GAAP interest expense from continuing operations ($2,150K in Q1 2025). Comprises 2029 Term Loan cash interest (~$1.2M) plus non-cash revenue-participation accretion (~$1.0M)."
Interest Summary,Cash interest (2029 Term Loan),1.2,USD millions,three months ended 2026-03-31,Reported,01_Filings/10Q/2026-05-11_CHRS_10Q_Q1-2026.pdf,Note 8 - 2029 Term Loan,https://www.sec.gov/Archives/edgar/data/1512762/000110465926058703/chrs-20260331x10q.htm,High,Cash-pay component; interest-only quarterly on the senior secured term loan.
Interest Summary,Non-cash interest (revenue participation accretion),1.0,USD millions,three months ended 2026-03-31,Reported,01_Filings/10Q/2026-05-11_CHRS_10Q_Q1-2026.pdf,Note 8 - revenue participation liability activity,https://www.sec.gov/Archives/edgar/data/1512762/000110465926058703/chrs-20260331x10q.htm,High,"Non-cash effective-interest accretion on the revenue participation liability, continuing operations portion."
Interest Summary,PIK interest (company debt),Not Disclosed,text,2026-03-31,Reported,01_Filings/10Q/2026-05-11_CHRS_10Q_Q1-2026.pdf,Note 8. Financial Liabilities,https://www.sec.gov/Archives/edgar/data/1512762/000110465926058703/chrs-20260331x10q.htm,Medium,No payment-in-kind (PIK) interest feature is disclosed for any company debt instrument in the source documents; 2029 Term Loan is cash-pay and convertible notes bore a cash coupon.
Covenants,Financial covenant - Minimum Liquidity,"15,000,000",USD,2026-03-31,Reported,03_Credit_Docs/2024-05-21_CHRS_EX10-28_Loan-Agreement-2024-05-08.pdf,Section 6.16 Minimum Liquidity,https://www.sec.gov/Archives/edgar/data/0001512762/000155837024008542/chrs-20240508xex10d1.htm,High,"2029 Loan Agreement requires Liquidity (unrestricted cash and Cash Equivalents held in Collateral Accounts) not to be less than $15,000,000 from and after the Closing Date. 10-Q/10-K describe this as maintaining 'certain levels of cash and cash equivalents'."
Covenants,Negative covenants,"Restrictions on liens, indebtedness, investments, M&A/asset sales, dividends/repurchases",text,2026-03-31,Reported,01_Filings/10Q/2026-05-11_CHRS_10Q_Q1-2026.pdf,Risk Factors - 2029 Loan Agreement covenants,https://www.sec.gov/Archives/edgar/data/1512762/000110465926058703/chrs-20260331x10q.htm,High,"2029 Loan Agreement contains affirmative and negative covenants restricting the ability to incur liens, incur additional indebtedness, make investments, engage in certain mergers/acquisitions or asset sales, and declare dividends or redeem/repurchase capital stock."
Covenants,Covenant compliance status,In full compliance; no events of default,text,2026-03-31,Reported,01_Filings/10Q/2026-05-11_CHRS_10Q_Q1-2026.pdf,Note 8 - 2029 Term Loan,https://www.sec.gov/Archives/edgar/data/1512762/000110465926058703/chrs-20260331x10q.htm,High,"Company was in full compliance with 2029 Loan Agreement covenants with no events of default as of March 31, 2026 (also confirmed at 2025-12-31 in FY2025 10-K)."
Covenants,Revenue Purchase and Sale Agreement covenants,In full compliance,text,2026-03-31,Reported,01_Filings/10Q/2026-05-11_CHRS_10Q_Q1-2026.pdf,Note 8 - Revenue Purchase and Sale Agreement,https://www.sec.gov/Archives/edgar/data/1512762/000110465926058703/chrs-20260331x10q.htm,High,"Agreement contains certain covenants; Company was in full compliance as of March 31, 2026."
Covenants,Change-of-control mandatory prepayment,Prepay in full on Change in Control,text,2024-05-08,Reported,03_Credit_Docs/2024-05-21_CHRS_EX10-28_Loan-Agreement-2024-05-08.pdf,Section 2.2(c)(ii),https://www.sec.gov/Archives/edgar/data/0001512762/000155837024008542/chrs-20240508xex10d1.htm,High,"Upon a Change in Control, Borrower must prepay the Term Loan in full (principal + accrued interest + applicable Makewhole/Prepayment Premium), on the specified timeline for consensual vs non-consensual change of control."
Liquidity,"Cash, cash equivalents and marketable securities","167,048",USD thousands,2026-03-31,Reported,01_Filings/10Q/2026-05-11_CHRS_10Q_Q1-2026.pdf,Liquidity and Capital Resources - Financial assets,https://www.sec.gov/Archives/edgar/data/1512762/000110465926058703/chrs-20260331x10q.htm,High,"$172,125K at 2025-12-31. Reported as '$167.0 million' in Q1 2026 earnings release."
Liquidity,Cash and cash equivalents,"115,238",USD thousands,2026-03-31,Reported,02_Earnings/releases/2026-05-11_CHRS_ER_Q1-2026.pdf,Condensed Consolidated Balance Sheets,https://www.sec.gov/Archives/edgar/data/1512762/000110465926058666/chrs-20260511xex99d1.htm,High,"$88,879K at 2025-12-31."
Liquidity,Investments in marketable securities,"51,810",USD thousands,2026-03-31,Reported,02_Earnings/releases/2026-05-11_CHRS_ER_Q1-2026.pdf,Condensed Consolidated Balance Sheets,https://www.sec.gov/Archives/edgar/data/1512762/000110465926058666/chrs-20260511xex99d1.htm,High,"$83,246K at 2025-12-31."
Liquidity,TSA payables/accrued liabilities embedded in cash balances,"61,605",USD thousands,2026-03-31,Reported,02_Earnings/releases/2026-05-11_CHRS_ER_Q1-2026.pdf,First Quarter 2026 Financial Results - cash,https://www.sec.gov/Archives/edgar/data/1512762/000110465926058666/chrs-20260511xex99d1.htm,High,Cash balances are inclusive of Transition Service Agreement (TSA)-related collections that will be applied to associated TSA payables/accrued liabilities: $61.6M at 3/31/2026 and $65.1M at 12/31/2025. Effectively encumbered/pass-through.
Liquidity,Minimum liquidity covenant headroom (INDICATIVE),~152.0 (indicative),USD millions,2026-03-31,Calculated,01_Filings/10Q/2026-05-11_CHRS_10Q_Q1-2026.pdf,Liquidity vs Loan Agreement Section 6.16,https://www.sec.gov/Archives/edgar/data/1512762/000110465926058703/chrs-20260331x10q.htm,Low,"INDICATIVE ONLY - not a covenant-compliance figure. Calculated as $167.0M reported total cash, cash equivalents and marketable securities less the $15.0M minimum-liquidity covenant = ~$152.0M. CAVEAT: the covenant defines 'Liquidity' as UNRESTRICTED cash and Cash Equivalents held in Collateral Accounts, which likely EXCLUDES restricted and pass-through balances (e.g., ~$61.6M of TSA-related collections embedded in the reported cash) and may exclude marketable securities not held in Collateral Accounts. True covenant headroom is therefore lower and cannot be computed precisely from public disclosures; do not treat $152M as compliance cushion."
Liquidity,Management liquidity assessment (going concern),Sufficient for at least 12 months,text,2026-03-31,Reported,01_Filings/10Q/2026-05-11_CHRS_10Q_Q1-2026.pdf,Liquidity and Capital Resources,https://www.sec.gov/Archives/edgar/data/1512762/000110465926058703/chrs-20260331x10q.htm,High,"Management believes available cash, cash equivalents and marketable securities plus product sales will be sufficient to fund planned expenditures and meet obligations for at least twelve months following the financial-statement issuance date. No going-concern doubt raised."
Liquidity,Equity financing - Q1 2026 public offering,53.6,USD millions,2026-02-17,Reported,02_Earnings/releases/2026-05-11_CHRS_ER_Q1-2026.pdf,Equity Financing / Cash flows,https://www.sec.gov/Archives/edgar/data/1512762/000110465926058666/chrs-20260511xex99d1.htm,High,"Sold 32,890,000 shares (incl. 4,290,000 over-allotment) for net proceeds of $53.6M in Q1 2026 (public offering priced $1.75/share, per FY2025 10-K underwriting terms)."
Liquidity,ATM capacity remaining (TD Cowen Sales Agreement),64.9,USD millions,2026-03-31,Reported,01_Filings/10Q/2026-05-11_CHRS_10Q_Q1-2026.pdf,Note 10 - Sales Agreement,https://www.sec.gov/Archives/edgar/data/1512762/000110465926058703/chrs-20260331x10q.htm,High,"Approximately $64.9M of common stock remained available for sale under the at-the-market Sales Agreement as of March 31, 2026."
Liquidity,Contingent UDENYCA earnout receivable (potential inflow),75.0,USD millions,2025-12-31,Reported,01_Filings/10K/2026-03-09_CHRS_10K_FY2025.pdf,Liquidity - UDENYCA Sale,https://www.sec.gov/Archives/edgar/data/1512762/000110465926025308/chrs-20251231x10k.htm,Medium,"Two additional Earnout Payments of $37.5M each ($75.0M total) may be received if minimum UDENYCA Net Sales thresholds are met after the April 11, 2025 UDENYCA Sale (which delivered $483.4M cash). Contingent; not guaranteed."
Operating Performance,Net revenue (continuing operations),"12,310",USD thousands,three months ended 2026-03-31,Reported,02_Earnings/releases/2026-05-11_CHRS_ER_Q1-2026.pdf,Condensed Consolidated Statements of Operations,https://www.sec.gov/Archives/edgar/data/1512762/000110465926058666/chrs-20260511xex99d1.htm,High,"$7,599K in Q1 2025. LOQTORZI net product revenue was $11.8M in Q1 2026 (+61% vs Q1 2025)."
Operating Performance,LOQTORZI net product revenue,11.8,USD millions,three months ended 2026-03-31,Reported,02_Earnings/releases/2026-05-11_CHRS_ER_Q1-2026.pdf,LOQTORZI Commercial Updates,https://www.sec.gov/Archives/edgar/data/1512762/000110465926058666/chrs-20260511xex99d1.htm,High,+61% vs $7.3M in Q1 2025; -5% vs $12.4M in Q4 2025. FY2025 LOQTORZI net revenue was $40.8M (per FY2025 10-K).
Operating Performance,GAAP loss from operations,"(36,151)",USD thousands,three months ended 2026-03-31,Reported,02_Earnings/releases/2026-05-11_CHRS_ER_Q1-2026.pdf,Condensed Consolidated Statements of Operations,https://www.sec.gov/Archives/edgar/data/1512762/000110465926058666/chrs-20260511xex99d1.htm,High,"$(45,435)K in Q1 2025. This is GAAP loss from operations - not to be conflated with any non-GAAP or adjusted measure."
Operating Performance,GAAP net loss from continuing operations,"(36,935)",USD thousands,three months ended 2026-03-31,Reported,02_Earnings/releases/2026-05-11_CHRS_ER_Q1-2026.pdf,Condensed Consolidated Statements of Operations,https://www.sec.gov/Archives/edgar/data/1512762/000110465926058666/chrs-20260511xex99d1.htm,High,"$(0.27) per diluted share; $(47,398)K / $(0.41) in Q1 2025."
Operating Performance,GAAP net loss (total),"(38,327)",USD thousands,three months ended 2026-03-31,Reported,02_Earnings/releases/2026-05-11_CHRS_ER_Q1-2026.pdf,Condensed Consolidated Statements of Operations,https://www.sec.gov/Archives/edgar/data/1512762/000110465926058666/chrs-20260511xex99d1.htm,High,"Includes $(1,392)K net loss from discontinued operations; $(56,569)K total in Q1 2025."
Operating Performance,GAAP loss from operations (FY),"(181,134)",USD thousands,year ended 2025-12-31,Reported,01_Filings/10K/2026-03-09_CHRS_10K_FY2025.pdf,Consolidated Statements of Operations,https://www.sec.gov/Archives/edgar/data/1512762/000110465926025308/chrs-20251231x10k.htm,High,"$(199,653)K in FY2024. GAAP measure."
Operating Performance,GAAP net loss from continuing operations (FY),"(183,124)",USD thousands,year ended 2025-12-31,Reported,01_Filings/10K/2026-03-09_CHRS_10K_FY2025.pdf,Consolidated Statements of Operations,https://www.sec.gov/Archives/edgar/data/1512762/000110465926025308/chrs-20251231x10k.htm,High,"$(215,394)K in FY2024; $(1.56) per share basic and diluted."
Operating Performance,Non-GAAP net loss from continuing operations,"(33,925)",USD thousands,three months ended 2026-03-31,Reported,02_Earnings/releases/2026-05-11_CHRS_ER_Q1-2026.pdf,Non-GAAP Financial Measures (reconciliation),https://www.sec.gov/Archives/edgar/data/1512762/000110465926058666/chrs-20260511xex99d1.htm,Medium,"COMPANY NON-GAAP MEASURE - not GAAP operating income/EBITDA. Excludes stock-based comp ($2,385K), amortization of intangibles ($625K), and change in fair value of Royalty Fee Derivative Liability. $(0.25) per diluted share. Presented only for context; do not substitute for GAAP loss from operations of $(36,151)K."
Operating Performance,Net cash used in operating activities,"(57,886)",USD thousands,three months ended 2026-03-31,Reported,02_Earnings/releases/2026-05-11_CHRS_ER_Q1-2026.pdf,Condensed Consolidated Statements of Cash Flows,https://www.sec.gov/Archives/edgar/data/1512762/000110465926058666/chrs-20260511xex99d1.htm,High,"$(25,826)K in Q1 2025. Indicates ongoing cash burn from operations."
BBDC Exposure,Holder (Barings BDC portfolio position),"Barings BDC, Inc. holds two Coherus positions (Loan + Royalty Rights)",text,2026-03-31,Reported,Barings-BDC_2026-05-07_10Q_Q1-2026 (accession 0001379785-26-000022; user-provided),"Unaudited Consolidated Schedule of Investments, March 31, 2026",https://www.sec.gov/Archives/edgar/data/1379785/000137978526000022/bbdc-20260331.htm,High,"Barings BDC, Inc. (CIK 0001379785; ticker BBDC), Q1 2026 10-Q. Coherus (listed as 'Coherus Biosciences, Inc.') held as Non-Control/Non-Affiliate investments in two forms: a first lien senior secured term loan and a Royalty Rights position, both in Healthcare & Pharmaceuticals."
BBDC Exposure,Instrument / tranche held by BBDC (loan),First Lien Senior Secured Term Loan,text,2026-03-31,Reported,Barings-BDC_2026-05-07_10Q_Q1-2026 (accession 0001379785-26-000022; user-provided),"Unaudited Consolidated Schedule of Investments, March 31, 2026 - Non-Control/Non-Affiliate, Debt, Healthcare & Pharmaceuticals (Coherus Loan row)",https://www.sec.gov/Archives/edgar/data/1379785/000137978526000022/bbdc-20260331.htm,High,"Terms (SOFR+8.00%, acquired 05/2024, maturity 05/2029) exactly match Coherus's company-level 2029 Term Loan, confirming Barings BDC is one of the lenders whose names are redacted ([***]) in Coherus's own 2029 Loan Agreement."
BBDC Exposure,Interest rate on BBDC loan position,"SOFR + 8.00% (11.7% all-in, cash)",rate,2026-03-31,Reported,Barings-BDC_2026-05-07_10Q_Q1-2026 (accession 0001379785-26-000022; user-provided),"Unaudited Consolidated Schedule of Investments, March 31, 2026 - Non-Control/Non-Affiliate, Debt, Healthcare & Pharmaceuticals (Coherus Loan row)",https://www.sec.gov/Archives/edgar/data/1379785/000137978526000022/bbdc-20260331.htm,High,"Per Barings SOI 'Interest' column: 'SOFR + 8.00%, 11.7% Cash'. All cash-pay; no PIK on this position. Matches Coherus 2029 Term Loan economics."
BBDC Exposure,Acquisition date of BBDC loan position,2024-05,date,2026-03-31,Reported,Barings-BDC_2026-05-07_10Q_Q1-2026 (accession 0001379785-26-000022; user-provided),"Unaudited Consolidated Schedule of Investments, March 31, 2026 - Non-Control/Non-Affiliate, Debt, Healthcare & Pharmaceuticals (Coherus Loan row)",https://www.sec.gov/Archives/edgar/data/1379785/000137978526000022/bbdc-20260331.htm,High,"SOI 'Acq. Date' = 05/24 (May 2024), coinciding with the May 8, 2024 origination of Coherus's 2029 Term Loan."
BBDC Exposure,Maturity of BBDC loan position,2029-05,date,2026-03-31,Reported,Barings-BDC_2026-05-07_10Q_Q1-2026 (accession 0001379785-26-000022; user-provided),"Unaudited Consolidated Schedule of Investments, March 31, 2026 - Non-Control/Non-Affiliate, Debt, Healthcare & Pharmaceuticals (Coherus Loan row)",https://www.sec.gov/Archives/edgar/data/1379785/000137978526000022/bbdc-20260331.htm,High,SOI 'Maturity Date' = 05/29 (May 2029); matches the Coherus 2029 Term Loan maturity of 2029-05-08.
BBDC Exposure,Principal / par - BBDC loan position,"3,991",USD thousands,2026-03-31,Reported,Barings-BDC_2026-05-07_10Q_Q1-2026 (accession 0001379785-26-000022; user-provided),"Unaudited Consolidated Schedule of Investments, March 31, 2026 - Non-Control/Non-Affiliate, Debt, Healthcare & Pharmaceuticals (Coherus Loan row)",https://www.sec.gov/Archives/edgar/data/1379785/000137978526000022/bbdc-20260331.htm,High,"Barings' principal/par of the Coherus term loan (a small slice of Coherus's $38.66M total 2029 Term Loan). $3,991K at both 3/31/2026 and 12/31/2025."
BBDC Exposure,Amortized cost - BBDC loan position,"3,908",USD thousands,2026-03-31,Reported,Barings-BDC_2026-05-07_10Q_Q1-2026 (accession 0001379785-26-000022; user-provided),"Unaudited Consolidated Schedule of Investments, March 31, 2026 - Non-Control/Non-Affiliate, Debt, Healthcare & Pharmaceuticals (Coherus Loan row)",https://www.sec.gov/Archives/edgar/data/1379785/000137978526000022/bbdc-20260331.htm,High,"Cost basis of Barings' Coherus term loan position. ($3,903K at 12/31/2025.)"
BBDC Exposure,Fair value - BBDC loan position,"3,963",USD thousands,2026-03-31,Reported,Barings-BDC_2026-05-07_10Q_Q1-2026 (accession 0001379785-26-000022; user-provided),"Unaudited Consolidated Schedule of Investments, March 31, 2026 - Non-Control/Non-Affiliate, Debt, Healthcare & Pharmaceuticals (Coherus Loan row)",https://www.sec.gov/Archives/edgar/data/1379785/000137978526000022/bbdc-20260331.htm,High,"Fair value of Barings' Coherus term loan position (marked slightly above cost). $3,963K at both 3/31/2026 and 12/31/2025."
BBDC Exposure,BBDC loan position as % of net assets,0.3,percent,2026-03-31,Reported,Barings-BDC_2026-05-07_10Q_Q1-2026 (accession 0001379785-26-000022; user-provided),"Unaudited Consolidated Schedule of Investments, March 31, 2026 - Non-Control/Non-Affiliate, Debt, Healthcare & Pharmaceuticals (Coherus Loan row)",https://www.sec.gov/Archives/edgar/data/1379785/000137978526000022/bbdc-20260331.htm,High,"As disclosed in SOI '% of Net Assets *' column (fair value as a percentage of Barings' net assets). Note: BDC schedules express weights vs. NET ASSETS, not vs. total investments."
BBDC Exposure,BBDC loan position as % of total investment portfolio,0.17,percent,2026-03-31,Calculated,Barings-BDC_2026-05-07_10Q_Q1-2026 (accession 0001379785-26-000022; user-provided),"Unaudited Consolidated Schedule of Investments, March 31, 2026 - Non-Control/Non-Affiliate, Debt, Healthcare & Pharmaceuticals (Coherus Loan row)",https://www.sec.gov/Archives/edgar/data/1379785/000137978526000022/bbdc-20260331.htm,High,"Calculated: loan fair value $3,963K / Barings total investments at fair value $2,369,989K = 0.17%. (Filing itself expresses weights as % of net assets; this is the % of the investment portfolio the user requested.)"
BBDC Exposure,Instrument / tranche held by BBDC (royalty),Royalty Rights,text,2026-03-31,Reported,Barings-BDC_2026-05-07_10Q_Q1-2026 (accession 0001379785-26-000022; user-provided),"Unaudited Consolidated Schedule of Investments, March 31, 2026 - Non-Control/Non-Affiliate, Royalty Rights, Healthcare & Pharmaceuticals (Coherus row)",https://www.sec.gov/Archives/edgar/data/1379785/000137978526000022/bbdc-20260331.htm,High,"Separate from the loan: Barings also holds a Royalty Rights position in Coherus, acquired 05/2024 - i.e., part of the Purchaser Group under Coherus's May 8, 2024 Revenue Participation Right Purchase and Sale Agreement. No stated interest rate or maturity (royalty monetization)."
BBDC Exposure,Amortized cost - BBDC royalty position,"1,264",USD thousands,2026-03-31,Reported,Barings-BDC_2026-05-07_10Q_Q1-2026 (accession 0001379785-26-000022; user-provided),"Unaudited Consolidated Schedule of Investments, March 31, 2026 - Non-Control/Non-Affiliate, Royalty Rights, Healthcare & Pharmaceuticals (Coherus row)",https://www.sec.gov/Archives/edgar/data/1379785/000137978526000022/bbdc-20260331.htm,High,"Cost basis of Barings' Coherus Royalty Rights. ($1,292K at 12/31/2025.)"
BBDC Exposure,Fair value - BBDC royalty position,"1,466",USD thousands,2026-03-31,Reported,Barings-BDC_2026-05-07_10Q_Q1-2026 (accession 0001379785-26-000022; user-provided),"Unaudited Consolidated Schedule of Investments, March 31, 2026 - Non-Control/Non-Affiliate, Royalty Rights, Healthcare & Pharmaceuticals (Coherus row)",https://www.sec.gov/Archives/edgar/data/1379785/000137978526000022/bbdc-20260331.htm,High,"Fair value of Barings' Coherus Royalty Rights (marked above cost). ($1,486K at 12/31/2025.) 0.1% of net assets per SOI."
BBDC Exposure,BBDC royalty position as % of net assets,0.1,percent,2026-03-31,Reported,Barings-BDC_2026-05-07_10Q_Q1-2026 (accession 0001379785-26-000022; user-provided),"Unaudited Consolidated Schedule of Investments, March 31, 2026 - Non-Control/Non-Affiliate, Royalty Rights, Healthcare & Pharmaceuticals (Coherus row)",https://www.sec.gov/Archives/edgar/data/1379785/000137978526000022/bbdc-20260331.htm,High,As disclosed in SOI '% of Net Assets *' column.
BBDC Exposure,BBDC combined fair value (Coherus),"5,429",USD thousands,2026-03-31,Calculated,Barings-BDC_2026-05-07_10Q_Q1-2026 (accession 0001379785-26-000022; user-provided),"Unaudited Consolidated Schedule of Investments, March 31, 2026 - Non-Control/Non-Affiliate, Debt, Healthcare & Pharmaceuticals (Coherus Loan row) + Unaudited Consolidated Schedule of Investments, March 31, 2026 - Non-Control/Non-Affiliate, Royalty Rights, Healthcare & Pharmaceuticals (Coherus row)",https://www.sec.gov/Archives/edgar/data/1379785/000137978526000022/bbdc-20260331.htm,High,"Total Coherus fair-value exposure for Barings BDC = loan $3,963K + royalty rights $1,466K = $5,429K. Loan terms: SOFR + 8.00%, 11.7% cash all-in rate, May 2029 maturity (acquired May 2024); Royalty Rights position carries no stated rate or maturity."
BBDC Exposure,Position breakdown (Coherus),"3,963 term loan + 1,466 royalty rights",USD thousands,2026-03-31,Reported,Barings-BDC_2026-05-07_10Q_Q1-2026 (accession 0001379785-26-000022; user-provided),"Unaudited Consolidated Schedule of Investments, March 31, 2026 - Non-Control/Non-Affiliate, Debt, Healthcare & Pharmaceuticals (Coherus Loan row) + Unaudited Consolidated Schedule of Investments, March 31, 2026 - Non-Control/Non-Affiliate, Royalty Rights, Healthcare & Pharmaceuticals (Coherus row)",https://www.sec.gov/Archives/edgar/data/1379785/000137978526000022/bbdc-20260331.htm,High,"Barings' $5,429K Coherus fair value splits into a $3,963K first lien senior secured term loan (SOFR + 8.00%, 11.7% cash all-in rate, May 2029 maturity, acquired May 2024) plus $1,466K of Royalty Rights (acquired May 2024; no stated rate/maturity)."
BBDC Exposure,Total BBDC Coherus exposure as % of total investment portfolio,0.23,percent,2026-03-31,Calculated,Barings-BDC_2026-05-07_10Q_Q1-2026 (accession 0001379785-26-000022; user-provided),SOI totals,https://www.sec.gov/Archives/edgar/data/1379785/000137978526000022/bbdc-20260331.htm,High,"Calculated: combined Coherus fair value $5,429K / Barings total investments at fair value $2,369,989K = 0.23% (0.4% of net assets: 0.3% loan + 0.1% royalty). Immaterial single-name concentration for Barings."
BBDC Exposure,Barings BDC total investments at fair value (denominator),"2,369,989",USD thousands,2026-03-31,Reported,Barings-BDC_2026-05-07_10Q_Q1-2026 (accession 0001379785-26-000022; user-provided),"Consolidated Balance Sheets / SOI total (Total Investments, March 31, 2026)",https://www.sec.gov/Archives/edgar/data/1379785/000137978526000022/bbdc-20260331.htm,High,"Total investments at fair value (cost $2,405,901K); total net assets $1,153,450K. Used as the denominator for portfolio-% calculations above. ($2,398,524K total investments at 12/31/2025.)"
Credit Assessment,Net cash vs. total debt/monetization position,Net cash position (cash ~3.2x financial liabilities),assessment,2026-03-31,Orion Analysis,01_Filings/10Q/2026-05-11_CHRS_10Q_Q1-2026.pdf,Liquidity and Capital Resources (financial assets & liabilities tables),https://www.sec.gov/Archives/edgar/data/1512762/000110465926058703/chrs-20260331x10q.htm,Medium,"Orion Analysis conclusion: $167.0M cash, cash equivalents & marketable securities exceed $51.6M total financial liabilities, implying a net-cash balance sheet at the parent. Caveat: ~$61.6M of cash is TSA pass-through and the term loan is secured by substantially all assets. Underlying support: 10-Q financial assets/liabilities tables; Q1 2026 earnings release."
Credit Assessment,Interest coverage,No coverage from operations; interest serviced from cash reserves,assessment,2026-03-31,Orion Analysis,02_Earnings/releases/2026-05-11_CHRS_ER_Q1-2026.pdf,Statements of Operations (loss from operations vs interest expense),https://www.sec.gov/Archives/edgar/data/1512762/000110465926058666/chrs-20260511xex99d1.htm,Medium,Orion Analysis conclusion: GAAP loss from operations of $(36.2)M in Q1 2026 cannot cover $2.2M interest expense; company relies on cash reserves and equity issuance to service obligations. Underlying support: Q1 2026 earnings release income statement; FY2025 10-K operating loss of $(181.1)M.
Credit Assessment,Covenant cushion (minimum liquidity),Substantial headroom vs $15M covenant,assessment,2026-03-31,Orion Analysis,03_Credit_Docs/2024-05-21_CHRS_EX10-28_Loan-Agreement-2024-05-08.pdf,Section 6.16 vs 10-Q liquidity,https://www.sec.gov/Archives/edgar/data/0001512762/000155837024008542/chrs-20240508xex10d1.htm,Medium,"Orion Analysis conclusion: Liquidity well above the $15.0M minimum-liquidity covenant even after excluding ~$61.6M TSA pass-through amounts, providing meaningful covenant cushion in the near term. Underlying support: Loan Agreement Section 6.16; 10-Q Liquidity and Capital Resources."
Credit Assessment,Maturity/refinancing profile,Bullet maturity 2029; no near-term term-loan amortization,assessment,2026-03-31,Orion Analysis,01_Filings/10Q/2026-05-11_CHRS_10Q_Q1-2026.pdf,Note 8 - 2029 Term Loan (interest-only until maturity),https://www.sec.gov/Archives/edgar/data/1512762/000110465926058703/chrs-20260331x10q.htm,Medium,"Orion Analysis conclusion: The 2029 Term Loan is interest-only with a single bullet principal repayment on May 8, 2029, and the 2026 Convertible Notes are effectively retired ($0.1M repaid April 2026), so there is limited near-term refinancing pressure. Underlying support: 10-Q Note 8; FY2025 10-K future-payments table."
Credit Assessment,Primary credit risks,Single-product concentration; sustained operating losses; funding dependence,assessment,2026-03-31,Orion Analysis,01_Filings/10Q/2026-05-11_CHRS_10Q_Q1-2026.pdf,Liquidity & Risk Factors; Statements of Operations,https://www.sec.gov/Archives/edgar/data/1512762/000110465926058703/chrs-20260331x10q.htm,Medium,"Orion Analysis conclusion: Credit profile depends on a single commercial product (LOQTORZI, $11.8M Q1 2026 revenue), continued operating losses and ~$57.9M Q1 2026 operating cash burn, and reliance on capital-markets access (equity offerings, ATM) to fund operations and eventually repay the 2029 Term Loan. Underlying support: 10-Q Liquidity/Risk Factors and cash-flow statement; Q1 2026 earnings release."
Credit Assessment,Liquidity runway,Management asserts >=12 months; heavy burn narrows over time,assessment,2026-03-31,Orion Analysis,01_Filings/10Q/2026-05-11_CHRS_10Q_Q1-2026.pdf,Liquidity and Capital Resources,https://www.sec.gov/Archives/edgar/data/1512762/000110465926058703/chrs-20260331x10q.htm,Medium,"Orion Analysis conclusion: Management's 12-month sufficiency statement is credible given $167.0M liquidity, but Q1 2026 operating cash use of $(57.9)M (partly timing/TSA-related) implies the runway is sensitive to burn rate and may require additional financing before the 2029 maturity. Underlying support: 10-Q Liquidity section; cash-flow statement."
