company,ticker,alert_id,category,alert_name,description,metric,comparison_operator,warning_threshold,critical_threshold,unit,current_value,base_case_value,variance,as_of_date,status,severity,trend,triggered_date,next_review_date,review_frequency,required_action,owner,source_name,source_file,source_page_or_section,source_url,calculation_or_rule,notes
"Coherus Oncology, Inc.",CHRS,LIQ-01,Liquidity,Cash below $100 million,"Cash & marketable securities fall below $100M, an Orion early-warning level well above the $15M covenant floor.",Cash & marketable securities (total liquidity),<,100000,75000,USD thousands,167048,160602,,2026-03-31,Clear,Moderate,Deteriorating,,2026-08-14,Quarterly,,Orion Analysis / BBDC Credit,Orion liquidity workbook / Q1 2026 10-Q,coherus_liquidity.csv,Liquidity Analysis (2026-03-31),https://www.sec.gov/Archives/edgar/data/1512762/000110465926058703/chrs-20260331x10q.htm,"Reported cash 115,238 + marketable securities 51,810 = 167,048; base = Q2'26 projected ending cash & MS.","Base case does not cross $100M until FY2028 (~85,254 YE); Downside crosses in Q4 2026 (95,456)."
"Coherus Oncology, Inc.",CHRS,LIQ-02,Liquidity,Cash below $75 million,Cash & marketable securities fall below $75M — heightened liquidity stress and a likely capital-raise trigger.,Cash & marketable securities (total liquidity),<,75000,50000,USD thousands,167048,160602,,2026-03-31,Clear,High,Deteriorating,,2026-08-14,Quarterly,,Orion Analysis / BBDC Credit,Orion liquidity workbook / Q1 2026 10-Q,coherus_liquidity.csv,Liquidity Analysis (2026-03-31),https://www.sec.gov/Archives/edgar/data/1512762/000110465926058703/chrs-20260331x10q.htm,"Threshold breach when total cash & MS < 75,000.","Base never below 75M through 2029 (FY2029 YE ~24,398); Downside crosses in Q1 2027 (67,471)."
"Coherus Oncology, Inc.",CHRS,LIQ-03,Liquidity,Cash below $50 million,Cash & marketable securities fall below $50M — severe stress; runway to the covenant floor measured in a few quarters.,Cash & marketable securities (total liquidity),<,50000,25000,USD thousands,167048,160602,,2026-03-31,Clear,Critical,Deteriorating,,2026-08-14,Quarterly,,Orion Analysis / BBDC Credit,Orion liquidity workbook / Q1 2026 10-Q,coherus_liquidity.csv,Liquidity Analysis (2026-03-31),https://www.sec.gov/Archives/edgar/data/1512762/000110465926058703/chrs-20260331x10q.htm,"Threshold breach when total cash & MS < 50,000.","Base FY2029 YE ~24,398 (below 50M only at the very end); Downside crosses in Q2 2027 (39,161)."
"Coherus Oncology, Inc.",CHRS,LIQ-04,Liquidity,Indicative covenant headroom below $25 million,"Orion indicative headroom over the $15M minimum-liquidity covenant falls below $25M — an early-warning band, NOT a legal breach.",Indicative covenant headroom (qualifying cash less $15M floor),<,25000,10000,USD thousands,152048,144602,,2026-03-31,Clear,High,Deteriorating,,2026-08-14,Quarterly,,Orion Analysis / BBDC Credit,Orion compliance/liquidity workbook,coherus_compliance.csv,Minimum Liquidity — indicative headroom,https://www.sec.gov/Archives/edgar/data/1512762/000110465926058703/chrs-20260331x10q.htm,"Headroom = qualifying cash - 15,000. Indicative (uses reported cash+MS), not covenant-basis.","Orion early-warning threshold, distinct from the legal covenant breach (CMP-06). Base first < 25M in FY2029 (~8,398); Downside in Q2 2027 (23,161)."
"Coherus Oncology, Inc.",CHRS,LIQ-05,Liquidity,Covenant liquidity below $15 million (approaching floor),"Qualifying (unrestricted, controlled-account) cash approaches the $15M minimum-liquidity covenant floor — proximity monitor to the sole financial covenant.",Unrestricted qualifying cash (indicative),<,20000,15000,USD thousands,166058,159602,,2026-03-31,Clear,Critical,Deteriorating,,2026-08-14,Continuous,,Orion Analysis / BBDC Credit,2024 Loan Agreement Sec. 6.16 / Orion liquidity workbook,coherus_credit_agreement.csv,Sec. 6.16; def. 'Liquidity' (Sec. 13.1),https://www.sec.gov/Archives/edgar/data/1512762/000155837024008542/chrs-20240508xex10d1.htm,"Qualifying cash ~= cash+MS 167,048 less restricted 240 less excluded accts ~750. Covenant floor 15,000, tested continuously.","MATERIAL FLAG: if ~$61.6M is UDENYCA-TSA pass-through and not covenant-qualifying, qualifying cash ~$105M and breach-absent-capital moves ~2 qtrs earlier. VERIFY controlled-account cash directly."
"Coherus Oncology, Inc.",CHRS,LIQ-06,Liquidity,Runway below 18 months,Liquidity runway (normalized) falls below 18 months — first-tier runway early warning.,"Liquidity runway (normalized, cash & MS / normalized monthly burn)",<,18,12,months,18.0,18.2,,2026-03-31,Watch,Moderate,Deteriorating,,2026-08-14,Quarterly,Confirm Q2 2026 normalized burn vs the ~$8.8M/mo base; recompute runway on covenant-qualifying (not reported) cash to test the TSA sensitivity.,Orion Analysis / BBDC Credit,Orion projections workbook,coherus_projections.csv,Liquidity runway (Base),https://www.sec.gov/Archives/edgar/data/1512762/000110465926058703/chrs-20260331x10q.htm,Runway = ending cash & MS / normalized monthly burn. Base hovers 17.7-20.4 mo — at/near the 18-mo line.,Reported runway is ~11.8 mo but distorted by a one-time ~$21M Q1'26 TSA settlement in operating burn; normalized runway ~18 mo. On covenant-qualifying cash (ex-TSA) runway is materially shorter.
"Coherus Oncology, Inc.",CHRS,LIQ-07,Liquidity,Runway below 12 months,Liquidity runway falls below 12 months — capital-raise should be underway; second-tier runway warning.,Liquidity runway (normalized),<,12,6,months,18.0,18.2,,2026-03-31,Clear,High,Deteriorating,,2026-08-14,Quarterly,,Orion Analysis / BBDC Credit,Orion projections workbook,coherus_projections.csv,Liquidity runway (Base/Downside),https://www.sec.gov/Archives/edgar/data/1512762/000110465926058703/chrs-20260331x10q.htm,Runway < 12 months. Base stays >17 mo through the horizon.,"Downside crosses below 12 mo in Q4 2026 (9.8 mo). Reported (TSA-distorted) runway 11.8 mo already below this line — treat as data-quality caveat, not a confirmed trigger."
"Coherus Oncology, Inc.",CHRS,LIQ-08,Liquidity,Runway below 6 months,Liquidity runway falls below 6 months — imminent covenant-floor risk; escalate.,Liquidity runway (normalized),<,6,3,months,18.0,18.2,,2026-03-31,Clear,Critical,Deteriorating,,2026-08-14,Quarterly,,Orion Analysis / BBDC Credit,Orion projections workbook,coherus_projections.csv,Liquidity runway (Downside),https://www.sec.gov/Archives/edgar/data/1512762/000110465926058703/chrs-20260331x10q.htm,Runway < 6 months.,"Downside crosses below 6 mo in Q2 2027 (4.1 mo), consistent with Downside covenant breach ~Q3 2027."
"Coherus Oncology, Inc.",CHRS,FIN-01,Financial Performance,Quarterly revenue below base projection,Reported quarterly total net revenue comes in below the Orion base-case projection for that quarter.,Total net revenue (quarterly),<,13075,11768,USD thousands,Information Unavailable (Q2 2026 not yet reported),13075,,2026-07-20,Information Unavailable,Moderate,Unknown,,2026-08-06,Quarterly,"On Q2 2026 reporting (~2026-08-06), compare actual total net revenue to the $13,075K Q2 base; flag Watch if below base, and reassess the LOQTORZI ramp.",Orion Analysis / BBDC Credit,Orion projections / Q1 2026 earnings,coherus_projections.csv,"Total net revenue (Base, Q2 2026)",https://www.sec.gov/Archives/edgar/data/1512762/000110465926058703/chrs-20260331x10q.htm,"Compares the reporting quarter's ACTUAL total revenue to that quarter's base. Warning = actual < base Q2'26 13,075; critical = actual < 90% of base (11,768). Pending Q2 2026 actual — no like-for-like base exists for Q1'26 (Base scenario starts Q2'26).","Prior quarter Q1'26 total revenue 12,310 missed ~14,430 consensus (-14.7%); management guided a return to growth in Q2 2026. Held Information Unavailable until Q2 actual prints to avoid comparing Q1 actual against a Q2 projection."
"Coherus Oncology, Inc.",CHRS,FIN-02,Financial Performance,LOQTORZI revenue decline,LOQTORZI net product revenue declines sequentially (QoQ) — the sole-product franchise is the entire near-term top line.,LOQTORZI net revenue growth (QoQ),<,0,-10,%,-4.8,7.6,,2026-03-31,Watch,Moderate,Stable,,2026-08-06,Quarterly,Confirm whether the Q1'26 sequential dip reverses in Q2 2026 as guided; a second consecutive QoQ decline escalates to Triggered.,Orion Analysis / BBDC Credit,Q1 2026 earnings / Orion projections,coherus_projections.csv,LOQTORZI revenue growth (QoQ),https://www.sec.gov/Archives/edgar/data/1512762/000110465926058703/chrs-20260331x10q.htm,"Warning when QoQ growth < 0. Q1'26 LOQTORZI net rev ~11,800 (-4.8% QoQ, +61% YoY). Base Q2'26 QoQ ~+7.6%.","Q1'26 sequential decline attributed by management to winter-storm disruption; YoY still +61%. Single-quarter, weather-related — watched, not confirmed trend."
"Coherus Oncology, Inc.",CHRS,FIN-03,Financial Performance,Revenue variance exceeding 10%,"Actual quarterly revenue deviates from the base/consensus expectation by more than 10% (either direction, downside-weighted).",Revenue variance vs expectation,<=,-10,-15,%,-14.7,0,-14.7,2026-03-31,Triggered,High,Deteriorating,2026-05-11,2026-08-06,Quarterly,Q1'26 missed by ~14.7%; track Q2 2026 (~2026-08-06) to confirm the guided rebound and reassess FY2026 revenue vs the $52.2M LOQTORZI base.,Orion Analysis / BBDC Credit,Q1 2026 earnings (Investing.com),coherus_projections.csv,Q1 2026 revenue vs consensus,https://www.investing.com/news/transcripts/earnings-call-transcript-coherus-biosciences-q1-2026-revenue-miss-prompts-cautious-outlook-93CH-4694943,"Signed variance = (actual - expected)/expected. Warning if variance <= -10%; critical if <= -15%. Q1'26: (12,310-14,430)/14,430 = -14.7% -> trips the -10% warning tier (a downside miss). Use signed <= (not abs) so upside beats do not alarm.",TRIGGERED on the Q1 2026 miss (evidence: earnings release). Management guided return to growth Q2 2026; downgrade to Watch if Q2 lands within 10% of base.
"Coherus Oncology, Inc.",CHRS,FIN-04,Financial Performance,Cash burn exceeding base projection,Normalized quarterly operating cash burn exceeds the Orion base-case burn.,Quarterly cash burn (normalized),>,26445,35000,USD thousands,29000,26445,,2026-03-31,Watch,Moderate,Stable,,2026-08-14,Quarterly,Strip one-time TSA items from Q2 2026 operating cash flow and compare normalized burn to the ~$26.4M base; investigate any structural (non-TSA) overrun.,Orion Analysis / BBDC Credit,Orion projections workbook,coherus_projections.csv,Monthly cash burn (normalized) x3 (Base),https://www.sec.gov/Archives/edgar/data/1512762/000110465926058703/chrs-20260331x10q.htm,"Base normalized quarterly burn = 8,815/mo x 3 = 26,445 (Q2'26). Warning if normalized burn exceeds base.","Reported Q1'26 operating burn 57,886 includes a one-time ~$21M UDENYCA-TSA settlement; normalized recurring burn ~$28-30M/qtr, modestly above base."
"Coherus Oncology, Inc.",CHRS,FIN-05,Financial Performance,Gross-margin deterioration,"Product gross margin erodes below the base-case ~69% (e.g., from Junshi royalty step-ups or higher gross-to-net deductions).",Gross margin,<,65,60,%,69,69.2,,2026-03-31,Clear,Moderate,Stable,,2026-08-14,Quarterly,,Orion Analysis / BBDC Credit,Orion projections workbook,coherus_projections.csv,Gross margin (Base),https://www.sec.gov/Archives/edgar/data/1512762/000110465926058703/chrs-20260331x10q.htm,Gross margin = gross profit / total net revenue. Warning if < 65%.,LOQTORZI carries a low-20s% Junshi royalty (in COGS/revenue-participation); base holds ~69%. Watch for reimbursement/gross-to-net pressure.
"Coherus Oncology, Inc.",CHRS,FIN-06,Financial Performance,Operating expenses exceeding projections,Total operating expenses (COGS + R&D + SG&A) exceed the Orion base-case for the quarter.,Total operating expenses (quarterly),>,47532,52285,USD thousands,Information Unavailable,47532,,2026-03-31,Information Unavailable,Moderate,Stable,,2026-08-14,Quarterly,"Extract Q2 2026 total opex from the 10-Q and compare to the $47,532K base; flag pipeline-driven R&D step-ups above plan.",Orion Analysis / BBDC Credit,Orion projections workbook,coherus_projections.csv,"Total operating expenses (Base, Q2 2026)",https://www.sec.gov/Archives/edgar/data/1512762/000110465926058703/chrs-20260331x10q.htm,"Warning if quarterly opex > base 47,532; critical if > 110% of base (52,285).",Management reduced opex in Q1 2026; exact Q1'26 total opex not isolated in this framework. Pipeline readouts (2026-2027) are the main upside-spend risk.
"Coherus Oncology, Inc.",CHRS,FIN-07,Financial Performance,External-capital requirement increasing,The cumulative external capital (ATM/equity + earnouts) required to hold the covenant to maturity rises above the base plan.,Total external capital required through May 2029,>,154000,222439,USD thousands,154000,154000,,2026-07-20,Watch,High,Stable,,2026-08-14,Quarterly,"Re-run the funding bridge each quarter; if required external capital rises toward the Downside ~$222M, escalate — survival is contingent on serial ATM access.",Orion Analysis / BBDC Credit,Orion projections workbook,coherus_projections.csv,Total external capital required through May 2029,https://www.sec.gov/Archives/edgar/data/1512762/000110465926058703/chrs-20260331x10q.htm,"Cumulative equity/ATM + earnouts to hold >$15M covenant to maturity. Base ~154,000; Downside ~222,439; Upside ~125,000.",Central credit finding: liquidity/capital-markets access — not the $38.66M maturity or franchise durability — is the binding constraint. TSA sensitivity adds ~$60M to the requirement.
"Coherus Oncology, Inc.",CHRS,CAP-01,Capital & Refinancing,ATM / equity issuance below required levels,Actual ATM/equity proceeds fall short of the ~$20M/qtr the base case needs to hold the covenant floor.,Equity / ATM proceeds vs required (quarterly),<,20000,10000,USD thousands,Information Unavailable,20000,,2026-07-20,Watch,High,Unknown,,2026-08-14,Quarterly,Track actual ATM utilization / equity issuance each 10-Q and prospectus supplement against the ~$20M/qtr base requirement; a shortfall accelerates the covenant path.,Orion Analysis / BBDC Credit,Orion projections workbook,coherus_projections.csv,Equity issuance / ATM proceeds (Base),https://www.sec.gov/Archives/edgar/data/1512762/000110465926058703/chrs-20260331x10q.htm,Base models ~$20M/qtr ATM (minimum to hold covenant). Warning if actual proceeds < required.,No mandatory-prepayment sweep on equity proceeds — cash stays with the company. Financing capacity is share-price-sensitive (see CAP-02).
"Coherus Oncology, Inc.",CHRS,CAP-02,Capital & Refinancing,Share-price deterioration affecting financing access,CHRS share price falls to levels that impair ATM capacity (more dilution per dollar) or threaten Nasdaq listing compliance.,CHRS share price (close),<,1.50,1.00,USD per share,1.40,,,2026-07-17,Watch,High,Stable,,2026-08-14,Monthly,Monitor price and 30-day average; below $1.00 raises Nasdaq minimum-bid-price risk and sharply raises dilution to raise the ~$154M needed — reassess ATM feasibility.,Orion Analysis / BBDC Credit,Market data / Orion valuation workbook,coherus_valuation.csv,Company Valuation — Share price (close),https://www.cnn.com/markets/stocks/CHRS,Warning if close < $1.50; critical if < $1.00 (listing/financing stress).,Close $1.40 on 2026-07-17 (prev $1.38); ~154.25M shares; mkt cap ~$215.95M. Low price is the key constraint on ATM-funded survival.
"Coherus Oncology, Inc.",CHRS,CAP-03,Capital & Refinancing,New debt or liens incurred,Coherus incurs new indebtedness or grants liens outside permitted baskets — potential structural subordination or covenant issue.,New debt / liens disclosed,event detected,Permitted baskets only,Non-permitted debt/lien,text,None disclosed,,,2026-07-20,Clear,High,Stable,,2026-08-14,Event-driven,,Orion Analysis / BBDC Credit,2024 Loan Agreement Sec. 6.4-6.6 / SEC filings,coherus_credit_agreement.csv,Permitted Indebtedness / Permitted Liens,https://www.sec.gov/Archives/edgar/data/1512762/000155837024008542/chrs-20240508xex10d1.htm,Event: any new debt/lien in 8-K/10-Q. Only Permitted Indebtedness/Liens allowed; term loan is first-lien senior secured.,Convertibles substantially retired (2026 notes ~$0.1M stub repaid Apr 2026); cross-default exposure limited. Large convertible basket (>$350M / 25% mkt cap) is junior/unsecured.
"Coherus Oncology, Inc.",CHRS,CAP-04,Capital & Refinancing,Refinancing requirement increasing,"Projected cash at the May 2029 maturity is insufficient to repay the $38.66M term loan, creating a refinancing need.",2029 refinancing requirement,>,0,38660,USD thousands,0,0,,2026-07-20,Clear,Moderate,Stable,,2026-08-14,Quarterly,,Orion Analysis / BBDC Credit,Orion projections workbook,coherus_projections.csv,2029 refinancing requirement / Cash available at maturity,https://www.sec.gov/Archives/edgar/data/1512762/000110465926058703/chrs-20260331x10q.htm,"Refi need = principal not coverable by maturity cash. Base cash at maturity ~$61.4M (>$38.66M) -> 0; Downside -> full $38,660 refi + $222M shortfall.",Base repayment is CONTINGENT on ~$154M cumulative ATM/equity access; Downside implies covenant breach 2027 and distressed refinancing/restructuring.
"Coherus Oncology, Inc.",CHRS,CAP-05,Capital & Refinancing,Maturity within 24 months,The 2029 term loan enters a 24-month-to-maturity window — refinancing planning should be active.,Months to maturity (2029-05-08),<=,24,18,months,33.6,,,2026-07-20,Clear,Low,Stable,,2027-05-08,Quarterly,,Orion Analysis / BBDC Credit,2024 Loan Agreement (Term Loan due 2029),coherus_credit_agreement.csv,Maturity 2029-05-08,https://www.sec.gov/Archives/edgar/data/1512762/000155837024008542/chrs-20240508xex10d1.htm,Months to maturity from build date (2026-07-20) ~33.6. Window opens 2027-05-08.,"Interest-only bullet, no amortization; prepayment premium 0% after year 3 (i.e., after 2027-05-08)."
"Coherus Oncology, Inc.",CHRS,CAP-06,Capital & Refinancing,Maturity within 18 months,The 2029 term loan enters an 18-month-to-maturity window.,Months to maturity (2029-05-08),<=,18,12,months,33.6,,,2026-07-20,Clear,Moderate,Stable,,2027-11-08,Quarterly,,Orion Analysis / BBDC Credit,2024 Loan Agreement (Term Loan due 2029),coherus_credit_agreement.csv,Maturity 2029-05-08,https://www.sec.gov/Archives/edgar/data/1512762/000155837024008542/chrs-20240508xex10d1.htm,Window opens 2027-11-08.,Refinancing visibility should be firm by this window absent full cash repayment capacity.
"Coherus Oncology, Inc.",CHRS,CAP-07,Capital & Refinancing,Maturity within 12 months,The 2029 term loan enters a 12-month-to-maturity window — refinancing/repayment plan must be committed.,Months to maturity (2029-05-08),<=,12,6,months,33.6,,,2026-07-20,Clear,High,Stable,,2028-05-08,Quarterly,,Orion Analysis / BBDC Credit,2024 Loan Agreement (Term Loan due 2029),coherus_credit_agreement.csv,Maturity 2029-05-08,https://www.sec.gov/Archives/edgar/data/1512762/000155837024008542/chrs-20240508xex10d1.htm,Window opens 2028-05-08.,Within 12 months the loan is a current maturity for the borrower's going-concern assessment.
"Coherus Oncology, Inc.",CHRS,CAP-08,Capital & Refinancing,Maturity within 6 months,The 2029 term loan enters a 6-month-to-maturity window — escalate to imminent repayment/refinancing execution.,Months to maturity (2029-05-08),<=,6,3,months,33.6,,,2026-07-20,Clear,Critical,Stable,,2028-11-08,Monthly,,Orion Analysis / BBDC Credit,2024 Loan Agreement (Term Loan due 2029),coherus_credit_agreement.csv,Maturity 2029-05-08,https://www.sec.gov/Archives/edgar/data/1512762/000155837024008542/chrs-20240508xex10d1.htm,Window opens 2028-11-08.,Change-of-control is the only mandatory-prepayment trigger; otherwise repayment is a bullet at 2029-05-08.
"Coherus Oncology, Inc.",CHRS,CAP-09,Capital & Refinancing,Expected recovery falling below 90%,Orion estimated recovery on BBDC's first-lien exposure falls below 90 cents on the dollar.,Estimated recovery on 2029 first-lien term loan,<,90,75,%,100,100,,2026-07-20,Clear,Moderate,Stable,,2026-08-14,Quarterly,,Orion Analysis / BBDC Credit,Orion valuation workbook,coherus_valuation.csv,Recovery — Going Concern / Distressed GC / Liquidation,https://www.sec.gov/Archives/edgar/data/1512762/000110465926058703/chrs-20260331x10q.htm,Recovery % on the $38.66M first-lien facility. Base/solvent ~100%; Reported ~95-100%; Downside ~58% blended.,First-lien senior-secured on substantially all assets + IP; recovery is scenario-driven. Downside blended ~58% would breach the 90% and 75% tiers.
"Coherus Oncology, Inc.",CHRS,CAP-10,Capital & Refinancing,Expected recovery falling below 75%,Orion estimated recovery falls below 75% — meaningful impairment risk on the first-lien position.,Estimated recovery on 2029 first-lien term loan,<,75,50,%,100,100,,2026-07-20,Clear,High,Stable,,2026-08-14,Quarterly,,Orion Analysis / BBDC Credit,Orion valuation workbook,coherus_valuation.csv,Recovery scenarios,https://www.sec.gov/Archives/edgar/data/1512762/000110465926058703/chrs-20260331x10q.htm,"Warning if recovery < 75%. Downside distressed-GC ~78%, liquidation ~38%, blended ~58%.",Crossed only in the Downside pathway (covenant breach ~Q3 2027 -> restructuring). Tie to CRQ shadow-rating downgrade.
"Coherus Oncology, Inc.",CHRS,CAP-11,Capital & Refinancing,Expected recovery falling below 50%,Orion estimated recovery falls below 50% — approaching a liquidation-style outcome.,Estimated recovery on 2029 first-lien term loan,<,50,38,%,100,100,,2026-07-20,Clear,Critical,Stable,,2026-08-14,Quarterly,,Orion Analysis / BBDC Credit,Orion valuation workbook,coherus_valuation.csv,Recovery — Liquidation,https://www.sec.gov/Archives/edgar/data/1512762/000110465926058703/chrs-20260331x10q.htm,Warning if recovery < 50%. Downside liquidation floor ~38%.,Only a pure-liquidation Downside (~38%) breaches this tier; blended Downside recovery ~58%.
"Coherus Oncology, Inc.",CHRS,CMP-01,Compliance,Covenant headroom deterioration,"Indicative minimum-liquidity headroom deteriorates materially quarter-over-quarter (trend monitor, complements the absolute LIQ-04 threshold).",QoQ change in indicative covenant headroom,<,-10000,-25000,USD thousands,152048,144602,-7446,2026-03-31,Clear,Moderate,Deteriorating,,2026-08-14,Quarterly,Track QoQ headroom change each quarter; a decline faster than the ~$10M warning threshold (vs the ~$7.4M modeled base burn) signals accelerating stress — investigate drivers.,Orion Analysis / BBDC Credit,Orion compliance/liquidity workbook,coherus_compliance.csv,Minimum Liquidity — indicative headroom,https://www.sec.gov/Archives/edgar/data/1512762/000110465926058703/chrs-20260331x10q.htm,"Base headroom declines ~$7.4M from 152,048 (Q1'26) to 144,602 (Q2'26) before financing. Warning if QoQ decline > $10M.",Structural deterioration is expected (cash-burning borrower); the alert is for acceleration beyond the modeled burn. Distinct from the legal breach (CMP-06).
"Coherus Oncology, Inc.",CHRS,CMP-02,Compliance,Compliance certificate overdue,A Responsible-Officer compliance certificate is not delivered within 5 business days of the quarterly/annual financial delivery.,Compliance certificate delivery,date approaching,With each 10-Q/10-K (+5 bus. days),Overdue,date,Delivered with Q1 2026 financials,,,2026-03-31,Clear,Moderate,Stable,,2026-08-14,Quarterly,,Orion Analysis / BBDC Credit,2024 Loan Agreement Sec. 5.2(a)(iii),coherus_compliance.csv,Compliance Certificate,https://www.sec.gov/Archives/edgar/data/1512762/000155837024008542/chrs-20240508xex10d1.htm,Certificate due within 5 business days of each quarterly/annual financial delivery. Next: Q2 2026 (~2026-08-14).,No default reported to date; certificate is the formal covenant-compliance representation each period.
"Coherus Oncology, Inc.",CHRS,CMP-03,Compliance,10-Q or 10-K filing overdue,A required 10-Q (45 days) or 10-K (90 days) is not filed by its deadline (EDGAR filing = deemed delivery under the loan).,Days to periodic-filing deadline,date approaching,Deadline approaching,Past deadline,date,Q1 2026 10-Q filed 2026-05-11 (timely),,,2026-03-31,Clear,Moderate,Stable,,2026-08-14,Quarterly,,Orion Analysis / BBDC Credit,2024 Loan Agreement Sec. 5.2(a),coherus_compliance.csv,Reporting Requirements,https://www.sec.gov/Archives/edgar/data/1512762/000155837024008542/chrs-20240508xex10d1.htm,"Q2 2026 10-Q due within 45 days of 2026-06-30 = 2026-08-14. Late filing = reporting-covenant default (core, no cure).",History of timely filing. Watch for any NT 10-Q/NT 10-K (Rule 12b-25) as an early signal.
"Coherus Oncology, Inc.",CHRS,CMP-04,Compliance,Required lender notice,"A required written notice to the lender (Default/EoD, ERISA event, Material Adverse Change within 5 business days; litigation/FDA prompt) is triggered.",Lender-notice trigger event,event detected,Notice event occurs,Notice not given in window,text,None disclosed,,,2026-07-20,Clear,Moderate,Stable,,2026-08-14,Event-driven,,Orion Analysis / BBDC Credit,2024 Loan Agreement Sec. 5.2(b)-(c),coherus_compliance.csv,Notice Requirements,https://www.sec.gov/Archives/edgar/data/1512762/000155837024008542/chrs-20240508xex10d1.htm,Event: any Default/ERISA/MAC (5 bus. days) or material litigation/FDA matter (prompt). Monitor 8-K/press flow.,A missing notice is itself a covenant issue; watch for FDA actions or material litigation touching LOQTORZI.
"Coherus Oncology, Inc.",CHRS,CMP-05,Compliance,Potential event of default,"Facts emerge that could constitute an Event of Default (incl. a Material Adverse Change, which is a standalone EoD given the thin covenant package).",Potential Event of Default,event detected,Potential EoD facts,EoD declared,text,No default (compliant at 2026-03-31),,,2026-03-31,Clear,High,Stable,,2026-08-14,Event-driven,,Orion Analysis / BBDC Credit,2024 Loan Agreement Sec. 7.1-7.10,coherus_compliance.csv,Events of Default,https://www.sec.gov/Archives/edgar/data/1512762/000155837024008542/chrs-20240508xex10d1.htm,Core-covenant breaches have NO cure period; MAC is a standalone EoD; voluntary bankruptcy auto-accelerates.,"MAC is the practical early lever since there is no performance covenant. No EoD at 9/30/25, 12/31/25 or 3/31/26."
"Coherus Oncology, Inc.",CHRS,CMP-06,Compliance,Covenant breach (minimum liquidity),"LEGAL breach of the sole financial covenant: qualifying (unrestricted, controlled-account) cash below $15,000K at any time.",Minimum-liquidity covenant (qualifying cash vs $15M floor),<,15000,15000,USD thousands,166058,159602,,2026-03-31,Clear,Critical,Stable,,2026-08-14,Continuous,,Orion Analysis / BBDC Credit,2024 Loan Agreement Sec. 6.16,coherus_compliance.csv,Financial Covenant — Minimum Liquidity,https://www.sec.gov/Archives/edgar/data/1512762/000155837024008542/chrs-20240508xex10d1.htm,"Breach when qualifying cash < 15,000 (continuous test, core covenant, NO cure period). LEGAL breach line — distinct from Orion early-warning LIQ-04/LIQ-05.",Base holds >$15M through 2029 (contingent on ~$154M ATM); Downside breaches ~Q3 2027. TSA sensitivity moves breach ~2 qtrs earlier. Company reported full compliance at 3/31/26.
"Coherus Oncology, Inc.",CHRS,CMP-07,Compliance,Waiver or amendment disclosed,A waiver or amendment to the 2029 Loan Agreement is disclosed — often a sign of covenant stress or negotiated relief.,Loan waiver / amendment,event detected,Amendment/waiver disclosed,Waiver of a breach,text,None disclosed (no term-loan amendments/waivers),,,2026-03-31,Clear,Moderate,Stable,,2026-08-14,Event-driven,,Orion Analysis / BBDC Credit,Q1 2026 10-Q Note 8 / SEC filings,coherus_compliance.csv,Current Status — waivers/amendments,https://www.sec.gov/Archives/edgar/data/1512762/000110465926058703/chrs-20260331x10q.htm,Event: any disclosed amendment/waiver to the 2029 term loan.,Only amendment to date is the June 2024 royalty Omnibus (not a term-loan amendment). A future covenant waiver would be a material negative signal.
"Coherus Oncology, Inc.",CHRS,CRQ-01,Credit Quality,Shadow-rating downgrade,Orion issuer or loan shadow rating is lowered from the current B- issuer / B+ loan.,Orion shadow rating (issuer / loan),event detected,Downgrade below B- issuer / B+ loan,Downgrade to CCC category,text,B- issuer / B+ loan,B- issuer / B+ loan,,2026-07-20,Clear,High,Stable,,2026-08-14,Quarterly,,Orion Analysis / BBDC Credit,Orion shadow-rating workbook,coherus_shadow_rating.csv,Overall credit conclusion (Reported/Base),https://www.sec.gov/Archives/edgar/data/1512762/000110465926058703/chrs-20260331x10q.htm,Downgrade trigger = ATM/equity access closing or covenant path materializing -> Downside CCC issuer / CCC+ loan.,"Current: B- issuer / B+ loan, Stable, Heightened Monitoring. Upside -> B / BB-. Not an S&P/Moody's/Fitch rating."
"Coherus Oncology, Inc.",CHRS,CRQ-02,Credit Quality,Negative outlook,Orion rating outlook moves to Negative from the current Stable.,Orion rating outlook,event detected,Outlook to Negative,Negative + downgrade,text,Stable (Heightened Monitoring),Stable,,2026-07-20,Clear,Moderate,Stable,,2026-08-14,Quarterly,,Orion Analysis / BBDC Credit,Orion shadow-rating workbook,coherus_shadow_rating.csv,Rating outlook,https://www.sec.gov/Archives/edgar/data/1512762/000110465926058703/chrs-20260331x10q.htm,Outlook flips to Negative in the Downside scenario.,Already on Heightened Monitoring given the liquidity/ATM dependency; a formal Negative outlook would follow evidence of impaired capital access.
"Coherus Oncology, Inc.",CHRS,CRQ-03,Credit Quality,CreditWatch Negative,"Position placed on CreditWatch Negative (a step beyond Heightened Monitoring), signaling a likely near-term downgrade.",Orion watch status,event detected,Heightened Monitoring,CreditWatch Negative,text,Heightened Monitoring,Heightened Monitoring,,2026-07-20,Clear,Moderate,Stable,,2026-08-14,Quarterly,,Orion Analysis / BBDC Credit,Orion shadow-rating workbook,coherus_shadow_rating.csv,Watch status,https://www.sec.gov/Archives/edgar/data/1512762/000110465926058703/chrs-20260331x10q.htm,Downside scenario = CreditWatch Negative.,Escalation path: Heightened Monitoring -> CreditWatch Negative on evidence the covenant/ATM path is deteriorating.
"Coherus Oncology, Inc.",CHRS,CRQ-04,Credit Quality,Probability-of-default increase,Estimated probability of default rises — near-term (12-month) or cumulative-to-2029.,Estimated probability of default,>,10,20,%,4,5,,2026-07-20,Clear,High,Stable,,2026-08-14,Quarterly,,Orion Analysis / BBDC Credit,Orion shadow-rating workbook,coherus_shadow_rating.csv,Estimated 12-month / cumulative PD,https://www.sec.gov/Archives/edgar/data/1512762/000110465926058703/chrs-20260331x10q.htm,12-mo PD warning if > 10%. Current 12-mo PD ~3-5% (low); cumulative-to-2029 ~25-35%.,"Downside 12-mo PD ~15-25%, cumulative ~65-75%. Cumulative PD is contingent on continued equity access; near-term default risk is low."
"Coherus Oncology, Inc.",CHRS,CRQ-05,Credit Quality,BBDC fair-value markdown,BBDC marks its Coherus loan/royalty position below cost (or the loan below ~90% of par) at a reporting date.,BBDC fair value vs cost (combined loan + royalty),<,100,90,% of cost,105.0,,,2026-03-31,Clear,Moderate,Stable,,2026-08-06,Quarterly,,Orion Analysis / BBDC Credit,BBDC Q1 2026 SOI / Orion valuation workbook,coherus_valuation.csv,BBDC Position,https://www.sec.gov/Archives/edgar/data/1379785/000137978526000022/bbdc-20260331.htm,"Combined FV 5,429 / cost 5,172 = 105% (above cost); loan FV ~96.1% of par. Warning if FV < cost; critical if loan < 90% of par.",Loan vs royalty split is an Orion estimate; QoQ FV change Information Unavailable (needs BBDC line-item SOI). Track each BBDC quarter (next ~2026-08-06).
"Coherus Oncology, Inc.",CHRS,CRQ-06,Credit Quality,BBDC position placed on non-accrual,BBDC places the Coherus loan on non-accrual status — a direct signal of expected non-payment.,Accrual status of BBDC Coherus loan,event detected,Accruing,Non-accrual,text,"Accruing (performing; 11.7% cash, 0 PIK)",,,2026-03-31,Clear,High,Stable,,2026-08-06,Quarterly,,Orion Analysis / BBDC Credit,BBDC Q1 2026 SOI / Orion valuation workbook,coherus_valuation.csv,BBDC Position — coupon / accrual,https://www.sec.gov/Archives/edgar/data/1379785/000137978526000022/bbdc-20260331.htm,"Event: BBDC reports the position on non-accrual. Currently cash-pay, no PIK, performing.",BBDC portfolio non-accruals ~1.0% of FV (0.6% ex-Sierra) at 3/31/26; Coherus is NOT among them. Interest is quarterly cash-pay (no PIK).
"Coherus Oncology, Inc.",CHRS,NWS-01,News & Catalysts,Material FDA development,"A material FDA action affecting LOQTORZI (label change, safety signal, CRL on a supplement, manufacturing/inspection finding).",FDA regulatory development,event detected,Material FDA event,Adverse FDA action (label/withdrawal),text,No adverse action; LOQTORZI approved all-lines R/M NPC,,,2026-07-20,Clear,High,Stable,,2026-08-14,Event-driven,,Orion Analysis / BBDC Credit,Coherus IR / FDA,coherus_news.csv,Regulatory events,https://investors.coherus.com/,Event: any material FDA development for LOQTORZI or pipeline.,Orphan exclusivity to 2030-10-27; BPCIA to 2035-10-27. Single-source API from Junshi (China) is a supply/regulatory concentration risk.
"Coherus Oncology, Inc.",CHRS,NWS-02,News & Catalysts,Competitive-product approval or launch,A competing PD-1/IO product is approved or launched in NPC — directly pressures LOQTORZI's sole-product franchise.,Competitive product event (NPC / PD-1),event detected,Competitor approval,Competitor U.S. launch in NPC,text,Penpulimab (Akeso) FDA-approved Apr 2025; not yet U.S.-launched,,,2026-07-20,Watch,High,Deteriorating,2025-04-01,2026-08-14,Event-driven,"Monitor penpulimab U.S. launch timing, labeling and NPC positioning; model share/pricing impact on the LOQTORZI ramp (Downside penpulimab effect already embedded).",Orion Analysis / BBDC Credit,Coherus news workbook / FDA,coherus_news.csv,Competition events,https://investors.coherus.com/,Event: competitor approval/launch in NPC. Penpulimab approved but pre-launch.,Penpulimab is the key competitive catalyst; a U.S. launch escalates this to Triggered. Downside scenario embeds a penpulimab revenue effect.
"Coherus Oncology, Inc.",CHRS,NWS-03,News & Catalysts,LOQTORZI clinical or commercial catalyst,A LOQTORZI clinical readout or commercial catalyst (positive or negative) that moves the enterprise-value / recovery narrative.,LOQTORZI clinical / commercial catalyst,event detected,Catalyst event,Negative pivotal readout,text,Multiple 2026-2027 readouts pending (ZM008 combo; casdozokitug HCC Ph2 mid-2026),,,2026-07-20,Watch,Moderate,Improving,,2026-08-14,Event-driven,Track the casdozokitug HCC Phase 2 (toripalimab combo) readout guided mid-2026 and the Zumutor ZM008 combination program; update EV/recovery on data.,Orion Analysis / BBDC Credit,Coherus news workbook,coherus_news.csv,Clinical / Partnership events,https://investors.coherus.com/,Event: any LOQTORZI clinical/commercial catalyst. Pipeline expansion supports the long-term EV narrative underpinning recovery.,JUPITER-02 6-yr OS supportive; Zumutor ZM008 (anti-LLT1) combo announced Jun 2026. Positive readouts improve financing access; a negative pivotal readout is the key downside.
"Coherus Oncology, Inc.",CHRS,NWS-04,News & Catalysts,Regulatory investigation,"A regulatory or government investigation is disclosed (SEC, DOJ, FDA/OIG, healthcare/FCPA).",Regulatory investigation,event detected,Investigation disclosed,Enforcement action / subpoena,text,None disclosed,,,2026-07-20,Clear,High,Stable,,2026-08-14,Event-driven,,Orion Analysis / BBDC Credit,Coherus news workbook / SEC filings,coherus_news.csv,Legal / Regulatory events,https://investors.coherus.com/,Event: any disclosed investigation. Loan requires prompt notice of Health Care/FDA matters that could cause a MAC.,None disclosed through the latest filing.
"Coherus Oncology, Inc.",CHRS,NWS-05,News & Catalysts,Litigation,"Material litigation is filed or adversely developed (IP challenge, product liability, securities, contract).",Material litigation,event detected,Material suit filed,Adverse judgment > $5M,text,None material disclosed,,,2026-07-20,Clear,Moderate,Stable,,2026-08-14,Event-driven,,Orion Analysis / BBDC Credit,Coherus news workbook / SEC filings,coherus_news.csv,Legal events,https://investors.coherus.com/,Event: material litigation. EoD if a final money judgment > $5M is not stayed/bonded within 30 days.,IP protection of LOQTORZI is core collateral; monitor patent/Junshi-license disputes especially.
"Coherus Oncology, Inc.",CHRS,NWS-06,News & Catalysts,Management departure,"Departure of a key executive (CEO, CFO, CMO) or multiple senior leaders.",Key-management departure,event detected,Senior departure,CEO/CFO departure or multiple exits,text,None adverse disclosed,,,2026-07-20,Clear,Moderate,Stable,,2026-08-14,Event-driven,,Orion Analysis / BBDC Credit,Coherus news workbook / SEC filings,coherus_news.csv,Management events,https://investors.coherus.com/,Event: 8-K Item 5.02 key-officer departure.,Leadership stable through the latest filing.
"Coherus Oncology, Inc.",CHRS,NWS-07,News & Catalysts,Auditor change,A change of independent auditor is disclosed; distinguish routine changes from those involving disagreements or accounting concerns.,Auditor change,event detected,Auditor change disclosed,Change w/ disagreement or restatement,text,EY -> PwC effective FY2026 (disclosed June 2026); no disagreements,,,2026-06-30,Watch,Low,Stable,2026-06-30,2027-03-31,Event-driven,Confirm the first PwC-audited FY2026 10-K carries no going-concern qualification and no new material weaknesses.,Orion Analysis / BBDC Credit,Coherus 8-K (Item 4.01),coherus_news.csv,Auditor change,https://investors.coherus.com/,Event: auditor change. A ROUTINE change with no disagreements/accounting concerns = Neutral (per Orion convention).,"EY->PwC effective FY2026, no disclosed disagreements -> Neutral, not Negative. Separately, a prior inventory-reconciliation ICFR material weakness (FY2024) was resolved as of 12/31/2025."
"Coherus Oncology, Inc.",CHRS,NWS-08,News & Catalysts,Restructuring adviser engagement,Coherus engages restructuring/turnaround advisers or explores strategic alternatives under distress — a strong pre-default signal.,Restructuring adviser / strategic-alternatives engagement,event detected,Adviser engaged / process launched,Restructuring / distressed-exchange talks,text,None disclosed,,,2026-07-20,Clear,High,Stable,,2026-08-14,Event-driven,,Orion Analysis / BBDC Credit,Coherus news workbook / SEC filings,coherus_news.csv,Financing / Restructuring events,https://investors.coherus.com/,Event: restructuring adviser engagement or distressed strategic process.,None disclosed. Would typically precede the Downside covenant-breach pathway (~Q3 2027).
"Coherus Oncology, Inc.",CHRS,NWS-09,News & Catalysts,Going-concern warning,A going-concern qualification or substantial-doubt disclosure appears in the audit opinion or MD&A (ASC 205-40).,Going-concern disclosure,contains,Substantial-doubt language,Going-concern audit qualification,text,None (FY2025 10-K: no going-concern qualification),,,2026-03-09,Clear,Critical,Stable,,2027-03-31,Quarterly,,Orion Analysis / BBDC Credit,FY2025 10-K,coherus_news.csv,Audit opinion / liquidity MD&A,https://www.sec.gov/Archives/edgar/data/1512762/000110465926025308/chrs-20251231x10k.htm,Contains: 'going concern' / 'substantial doubt' in audit opinion or MD&A.,The loan expressly PERMITS a going-concern qualification (it is not itself a default) — but it would be a major red flag and likely accompany covenant stress.
"Coherus Oncology, Inc.",CHRS,NWS-10,News & Catalysts,Negative material news (catch-all),"Any other materially negative development not captured by a specific rule (supply disruption, reimbursement cut, partnership loss, adverse Junshi-license change).",Negative material news,event detected,Negative material item,Multiple / severe negative items,text,Overall news signal Neutral (single-product concentration; Q1'26 sequential rev dip; TSA cash caveat),,,2026-07-20,Watch,Moderate,Stable,,2026-08-14,Event-driven,Triage each new material item; reclassify to a specific alert and reassess scenario weighting when a discrete negative event occurs.,Orion Analysis / BBDC Credit,Coherus news workbook,coherus_news.csv,Orion Analysis summary,https://investors.coherus.com/,Catch-all for material negatives outside the specific rules above.,Overall Orion signal Neutral: positive structural/deleveraging tilt (UDENYCA/CIMERLI/YUSIMRY divestitures; convertibles retired) vs single-product concentration and liquidity/ATM dependency.
