company,ticker,scenario,category,covenant_or_requirement,description,measurement_basis,threshold,actual_or_projected_value,headroom,unit,test_date,next_test_date,status,severity,cure_period,required_action,source_name,source_file,source_form,source_page_or_section,source_url,calculation_or_assumption,notes
"Coherus Oncology, Inc.",CHRS,Reported,Financial Covenant,Minimum Liquidity,"Borrower and Credit Parties shall not permit Liquidity to be less than $15,000,000 at any time from and after the Closing Date. This is the ONLY financial maintenance covenant in the facility.",Unrestricted cash and Cash Equivalents of the Credit Parties and Subsidiaries held in Collateral Accounts (continuous/maintenance test),"15,000","167,048 (reported cash 115,238 + marketable securities 51,810)","152,048 (indicative)",USD thousands,2026-03-31,2026-06-30,Compliant,Critical,None (Sec. 7.2 core-covenant default has no identified cure period),Track qualifying controlled-account cash quarterly against the $15M floor; verify covenant-basis cash vs total reported cash.,2024 Loan Agreement (Term Loan due 2029),03_Credit_Docs/2024-05-21_CHRS_EX10-28_Loan-Agreement-2024-05-08.pdf,EX-10.28,Sec. 6.16; def. 'Liquidity' (Sec. 13.1),https://www.sec.gov/Archives/edgar/data/1512762/000155837024008542/chrs-20240508xex10d1.htm,"Company reports full compliance at 9/30/25, 12/31/25 and 3/31/26 (Q1'26 10-Q Note 8). Headroom uses reported cash + marketable securities and is INDICATIVE — the covenant counts only unrestricted cash in controlled Collateral Accounts.","Legal covenant status = Compliant (as reported by the company). Headroom is an Orion indicative calculation, not a covenant-basis figure. Cross-ref: coherus_credit_agreement.csv row 43/45."
"Coherus Oncology, Inc.",CHRS,Reported,Financial Covenant,Absence of leverage / coverage / revenue / EBITDA covenant,"No leverage ratio, interest or fixed-charge coverage, minimum-revenue, or minimum-EBITDA maintenance covenant exists. Minimum Liquidity is the sole financial maintenance covenant. (A positive-EBITDA / 105%-of-loan liquidity test exists only as a condition to Permitted Acquisitions, not as an ongoing covenant.)",n/a — no such covenant,None,No performance covenant,,text,,,Not Applicable,High,,Recognize there is no performance tripwire; rely on the MAC event of default and liquidity floor for early warning.,2024 Loan Agreement (Term Loan due 2029),03_Credit_Docs/2024-05-21_CHRS_EX10-28_Loan-Agreement-2024-05-08.pdf,EX-10.28,Sec. 6 (financial covenants),https://www.sec.gov/Archives/edgar/data/1512762/000155837024008542/chrs-20240508xex10d1.htm,Documentary review of Section 6 confirms no ratio/performance covenant.,Thin financial-covenant package is the largest documentary weakness; limited early warning of credit deterioration.
"Coherus Oncology, Inc.",CHRS,Reported,Covenant Definition,Definition of 'Liquidity' (calculation rule),'Liquidity' = unrestricted cash and Cash Equivalents of the Credit Parties and Subsidiaries held in any Collateral Accounts. Restricted cash and cash outside controlled Collateral Accounts do NOT count.,Unrestricted cash + Cash Equivalents in Collateral Accounts,,Definitional,,text,,,Not Applicable,High,,"When computing headroom, exclude restricted cash (e.g., ~$240K restricted at 3/31/26) and any cash not in Collateral Accounts.",2024 Loan Agreement (Term Loan due 2029),03_Credit_Docs/2024-05-21_CHRS_EX10-28_Loan-Agreement-2024-05-08.pdf,EX-10.28,Sec. 13.1 def. 'Liquidity'; Sec. 6.16,https://www.sec.gov/Archives/edgar/data/1512762/000155837024008542/chrs-20240508xex10d1.htm,Definition narrows qualifying cash below total reported cash; basis for the TSA pass-through sensitivity flag.,Distinguishes covenant-basis Liquidity from reported balance-sheet cash.
"Coherus Oncology, Inc.",CHRS,Reported,Covenant Definition,Excluded Accounts / qualifying-cash scope,"Excluded Accounts (payroll/benefits, zero-balance, escrow/fiduciary, merchant, legally-restricted, third-party cash-collateral, plus officer-designated accounts capped at $750,000 aggregate) are outside lender control; only unrestricted cash in controlled Collateral Accounts counts toward the Minimum Liquidity covenant.",Aggregate cap on designated excluded accounts,750 (aggregate cap on designated accounts),Definitional,,USD thousands,,,Not Applicable,Moderate,,Confirm which accounts are Collateral Accounts vs Excluded when validating qualifying liquidity.,2024 Loan Agreement (Term Loan due 2029),03_Credit_Docs/2024-05-21_CHRS_EX10-28_Loan-Agreement-2024-05-08.pdf,EX-10.28,Sec. 5.5; def. 'Excluded Accounts',https://www.sec.gov/Archives/edgar/data/1512762/000155837024008542/chrs-20240508xex10d1.htm,Relevant to the qualifying-cash measurement of the Minimum Liquidity covenant.,Cross-ref: coherus_credit_agreement.csv row 34.
"Coherus Oncology, Inc.",CHRS,Reported,Testing Frequency & Dates,Minimum Liquidity testing frequency,Minimum Liquidity is a continuous maintenance covenant tested at all times from and after the Closing Date (2024-05-08); compliance is disclosed on each quarterly/annual financial delivery.,Continuous maintenance; disclosed quarterly with financials,Continuous (at all times),Last disclosed compliant at 3/31/2026,,date,2026-03-31,2026-06-30,Compliant,Moderate,,Next compliance data point expected with the Q2 2026 10-Q (period ended 2026-06-30).,2024 Loan Agreement (Term Loan due 2029),03_Credit_Docs/2024-05-21_CHRS_EX10-28_Loan-Agreement-2024-05-08.pdf,EX-10.28,Sec. 6.16; Sec. 5.2(a),https://www.sec.gov/Archives/edgar/data/1512762/000155837024008542/chrs-20240508xex10d1.htm,Continuous covenant; formal certification via quarterly/annual Compliance Certificate.,"Testing is continuous, not period-end only; a mid-quarter dip below $15M would breach."
"Coherus Oncology, Inc.",CHRS,Reported,Reporting Requirement,Annual audited financial statements,Audited annual financial statements delivered within 90 days of fiscal year-end (or earlier 10-K filing); report may not carry qualifications other than a going-concern qualification under ASC 205-40. EDGAR filing = deemed delivery.,Filing-deadline test,Within 90 days of FYE,FY2025 10-K filed 2026-03-09 (timely),,date,2026-03-09,2027-03-31,Compliant,Moderate,None identified (Sec. 7.2 core-covenant default),Confirm each annual 10-K is filed within 90 days; watch for any going-concern language (permitted but a red flag).,2024 Loan Agreement (Term Loan due 2029),03_Credit_Docs/2024-05-21_CHRS_EX10-28_Loan-Agreement-2024-05-08.pdf,EX-10.28,Sec. 5.2(a)(i),https://www.sec.gov/Archives/edgar/data/1512762/000155837024008542/chrs-20240508xex10d1.htm,Going-concern qualification expressly permitted — weakens audit-quality protection.,FY2025 10-K carried no going-concern qualification.
"Coherus Oncology, Inc.",CHRS,Reported,Reporting Requirement,Quarterly financial statements,Unaudited quarterly financial statements delivered within 45 days of quarter-end (or earlier 10-Q filing); EDGAR filing = deemed delivery.,Filing-deadline test,Within 45 days of quarter-end,Q1 2026 10-Q filed 2026-05-11 (timely),,date,2026-05-11,2026-08-14,Compliant,Moderate,None identified (Sec. 7.2 core-covenant default),Confirm each 10-Q is filed within 45 days of quarter-end.,2024 Loan Agreement (Term Loan due 2029),03_Credit_Docs/2024-05-21_CHRS_EX10-28_Loan-Agreement-2024-05-08.pdf,EX-10.28,Sec. 5.2(a)(ii),https://www.sec.gov/Archives/edgar/data/1512762/000155837024008542/chrs-20240508xex10d1.htm,Satisfied by the 10-Q filing.,Next quarterly delivery: Q2 2026 (period ended 2026-06-30).
"Coherus Oncology, Inc.",CHRS,Reported,Reporting Requirement,Monthly reporting,No monthly financial reporting is required under the facility.,n/a,None required,Not required,,text,,,Not Applicable,Low,,None; note the reporting gap reduces intra-quarter visibility.,2024 Loan Agreement (Term Loan due 2029),03_Credit_Docs/2024-05-21_CHRS_EX10-28_Loan-Agreement-2024-05-08.pdf,EX-10.28,Sec. 5.2,https://www.sec.gov/Archives/edgar/data/1512762/000155837024008542/chrs-20240508xex10d1.htm,Absence of monthly reporting confirmed in Section 5.2.,Reporting gap for a burning biotech.
"Coherus Oncology, Inc.",CHRS,Reported,Reporting Requirement,Budgets / projections delivery,"No annual budget, board-approved operating plan, or projections delivery covenant.",n/a,None required,Not required,,text,,,Not Applicable,Moderate,,No forward-looking delivery obligation; lenders rely on public filings for forecasts.,2024 Loan Agreement (Term Loan due 2029),03_Credit_Docs/2024-05-21_CHRS_EX10-28_Loan-Agreement-2024-05-08.pdf,EX-10.28,Sec. 5.2,https://www.sec.gov/Archives/edgar/data/1512762/000155837024008542/chrs-20240508xex10d1.htm,Absence of budget/projection delivery confirmed in Section 5.2.,Reduces forward visibility for lenders.
"Coherus Oncology, Inc.",CHRS,Reported,Compliance Certificate,Compliance certificate,"A Compliance Certificate signed by a Responsible Officer accompanies (or is delivered within 5 business days of deemed delivery of) each quarterly and annual financial delivery, certifying fair presentation and no Default.",Delivered with each quarterly/annual financial statement,Within 5 business days of financials,Delivered with Q1 2026 financials,,date,2026-05-11,2026-08-14,Compliant,Moderate,,Confirm each Compliance Certificate is received; review for any noted Default or covenant calculation.,2024 Loan Agreement (Term Loan due 2029),03_Credit_Docs/2024-05-21_CHRS_EX10-28_Loan-Agreement-2024-05-08.pdf,EX-10.28,Sec. 5.2(a)(iii),https://www.sec.gov/Archives/edgar/data/1512762/000155837024008542/chrs-20240508xex10d1.htm,No default reported to date.,Certificate is the formal covenant-compliance representation each period.
"Coherus Oncology, Inc.",CHRS,Reported,Notice Requirement,Notice of Default / ERISA event / Material Adverse Change,"Written notice within 5 business days after a Responsible Officer's knowledge of any Default/Event of Default, ERISA Event, or Material Adverse Change.",Event-driven,Within 5 business days of officer knowledge,No such notice disclosed to date,,text,2026-03-31,,Compliant,Moderate,5 business days (notice window),Monitor 8-K/press flow for any triggering event; a missing notice is itself a covenant issue.,2024 Loan Agreement (Term Loan due 2029),03_Credit_Docs/2024-05-21_CHRS_EX10-28_Loan-Agreement-2024-05-08.pdf,EX-10.28,Sec. 5.2(b),https://www.sec.gov/Archives/edgar/data/1512762/000155837024008542/chrs-20240508xex10d1.htm,No default/ERISA/MAC notice disclosed through Q1 2026.,
"Coherus Oncology, Inc.",CHRS,Reported,Notice Requirement,Litigation / regulatory / FDA notices,"Prompt notice (deemed given via timely 8-K) of investigations/litigation exceeding Exchange Act materiality thresholds, or alleging Health Care/FDA/data-protection violations re a Specified Product that could reasonably result in a Material Adverse Change.",Event-driven (prompt),Prompt / Exchange Act materiality,No triggering matter disclosed,,text,2026-03-31,,Compliant,Moderate,,Monitor for FDA actions or material litigation touching LOQTORZI.,2024 Loan Agreement (Term Loan due 2029),03_Credit_Docs/2024-05-21_CHRS_EX10-28_Loan-Agreement-2024-05-08.pdf,EX-10.28,Sec. 5.2(c),https://www.sec.gov/Archives/edgar/data/1512762/000155837024008542/chrs-20240508xex10d1.htm,,
"Coherus Oncology, Inc.",CHRS,Reported,Notice Requirement,Intellectual-property notices,Notify Collateral Agent of material IP challenges/proceedings; written notice within 30 days of entering any Restricted License.,Event-driven,Within 30 days (Restricted License),No triggering event disclosed,,text,2026-03-31,,Compliant,Moderate,30 days (Restricted License notice),Monitor for IP disputes or new restricted licenses affecting product IP collateral.,2024 Loan Agreement (Term Loan due 2029),03_Credit_Docs/2024-05-21_CHRS_EX10-28_Loan-Agreement-2024-05-08.pdf,EX-10.28,"Sec. 5.7(c),(d)",https://www.sec.gov/Archives/edgar/data/1512762/000155837024008542/chrs-20240508xex10d1.htm,,Product IP is core collateral for a biotech.
"Coherus Oncology, Inc.",CHRS,Reported,Notice Requirement,Fundamental-change / collateral-relocation notice,"10 days' prior notice to change jurisdiction/structure/name; may not move books or Collateral > $1,000,000 FMV to new locations without 15 days' notice and a Collateral Access Agreement.",Event-driven; collateral relocation threshold,"1,000 (relocation threshold); 10-15 days' notice",No such event disclosed,,USD thousands,2026-03-31,,Compliant,Low,10-15 days (advance notice),"Watch for any entity redomestication, name change, or material collateral move.",2024 Loan Agreement (Term Loan due 2029),03_Credit_Docs/2024-05-21_CHRS_EX10-28_Loan-Agreement-2024-05-08.pdf,EX-10.28,Sec. 6.2,https://www.sec.gov/Archives/edgar/data/1512762/000155837024008542/chrs-20240508xex10d1.htm,,
"Coherus Oncology, Inc.",CHRS,Reported,Affirmative Covenant,Deposit-account control agreements (cash dominion),Control Agreement required for each Collateral Account (within ~30-45 days of opening/closing; internal 30 vs 45-day inconsistency between Sec. 5.5 and Sec. 5.14(b)); accounts non-terminable without agent consent. Enables cash sweep on default.,Account-control maintenance,Control agreements required,In place (no exception disclosed),,text,2026-03-31,,Compliant,High,"30-45 days (post-open/post-closing, per section)",Confirm all material cash sits in controlled Collateral Accounts (also drives covenant qualifying cash).,2024 Loan Agreement (Term Loan due 2029),03_Credit_Docs/2024-05-21_CHRS_EX10-28_Loan-Agreement-2024-05-08.pdf,EX-10.28,Sec. 5.5; Sec. 5.14(b),https://www.sec.gov/Archives/edgar/data/1512762/000155837024008542/chrs-20240508xex10d1.htm,"Conflicting 30 vs 45-day cure windows flagged in source, not silently resolved.",Cash dominion is a key lender protection; ties to covenant qualifying-cash measurement.
"Coherus Oncology, Inc.",CHRS,Reported,Affirmative Covenant,Collateral perfection & maintenance,"Perfection via UCC filings, deposit-account control, IP Security Agreement (USPTO recordation), and certificated-equity delivery; post-closing items on Schedule 5.14 within 30 days; real property > $1M mortgaged within 60 days.",Perfection maintenance,"Real-estate mortgage if FMV > $1,000",First-priority perfected (no exception disclosed),,USD thousands,2026-03-31,,Compliant,Moderate,30-60 days (post-closing perfection items),Confirm continued first-priority perfection; a lapse is itself an Event of Default (Sec. 7.9).,2024 Loan Agreement (Term Loan due 2029),03_Credit_Docs/2024-05-21_CHRS_EX10-28_Loan-Agreement-2024-05-08.pdf,EX-10.28,Sec. 5.11-5.18,https://www.sec.gov/Archives/edgar/data/1512762/000155837024008542/chrs-20240508xex10d1.htm,,
"Coherus Oncology, Inc.",CHRS,Reported,Affirmative Covenant,Maintain product IP & commercialization rights,"Covenant to maintain rights to commercialize the Specified Products (UDENYCA historically, LOQTORZI) and to keep IP protections; IP is pledged collateral (patents, trademarks, copyrights, trade secrets, software, domain names).",IP maintenance,Maintain rights,Maintained (LOQTORZI sole product post-UDENYCA sale),,text,2026-03-31,,Compliant,High,,Monitor Junshi license status (LOQTORZI rights) and IP maintenance/challenges.,2024 Loan Agreement (Term Loan due 2029),03_Credit_Docs/2024-05-21_CHRS_EX10-28_Loan-Agreement-2024-05-08.pdf,EX-10.28,Sec. 5.7,https://www.sec.gov/Archives/edgar/data/1512762/000155837024008542/chrs-20240508xex10d1.htm,,Value now concentrates in LOQTORZI after UDENYCA divestiture.
"Coherus Oncology, Inc.",CHRS,Reported,Affirmative Covenant,Inspection / audit / field-exam rights,"Collateral Agent has access to Collateral, books and records and may conduct audits/field exams as requested.",As requested,As requested,Available,,text,,,Compliant,Low,,None; agent may exercise inspection rights if concerns arise.,2024 Loan Agreement (Term Loan due 2029),03_Credit_Docs/2024-05-21_CHRS_EX10-28_Loan-Agreement-2024-05-08.pdf,EX-10.28,Sec. 5.9,https://www.sec.gov/Archives/edgar/data/1512762/000155837024008542/chrs-20240508xex10d1.htm,,
"Coherus Oncology, Inc.",CHRS,Reported,Affirmative Covenant,Guarantor joinder of future subsidiaries,"Each future Subsidiary (other than Excluded Subsidiaries) must guarantee and grant collateral, joining within 45 days. Current guarantors: Coherus Intermediate Corp., Intekrin Therapeutics Inc., Surface Oncology, LLC, and Coherus Oncology Supportive Care LLC.",Joinder within 45 days,Within 45 days (new subs),Four named guarantors; Surface Oncology sole significant sub (Ex-21.1),,text,2026-03-31,,Compliant,Moderate,45 days (joinder window),Confirm any newly formed/acquired material subsidiary joins as guarantor within 45 days.,2024 Loan Agreement (Term Loan due 2029),03_Credit_Docs/2024-05-21_CHRS_EX10-28_Loan-Agreement-2024-05-08.pdf,EX-10.28,Sec. 5.12; Sec. 5.13,https://www.sec.gov/Archives/edgar/data/1512762/000155837024008542/chrs-20240508xex10d1.htm,Excluded Subsidiaries = subs with < $2M assets or where pledge is legally prohibited; Coherus Immunology LLC named.,Simple corporate structure limits structural-subordination risk.
"Coherus Oncology, Inc.",CHRS,Reported,Negative Covenant,Dispositions / asset transfers,"No Transfer of Collateral or Specified-Product Company IP except Permitted Transfers (ordinary-course inventory, obsolete equipment, intercompany between Credit Parties, Permitted CH-131 license/spin-off, general basket, and redacted clauses (r),(s),(t)).",Permitted-Transfer baskets,Permitted Transfers only,Compliant (UDENYCA sale effected via permitted route),,text,2026-03-31,,Compliant,High,None identified (Sec. 7.2 core-covenant default),"Monitor asset/IP monetizations; redacted baskets (r),(s),(t) are the main leakage channel and carry NO prepayment sweep.",2024 Loan Agreement (Term Loan due 2029),03_Credit_Docs/2024-05-21_CHRS_EX10-28_Loan-Agreement-2024-05-08.pdf,EX-10.28,Sec. 6.1; def. 'Permitted Transfers',https://www.sec.gov/Archives/edgar/data/1512762/000155837024008542/chrs-20240508xex10d1.htm,,"Permitted Transfers (r),(s),(t) redacted in public filing."
"Coherus Oncology, Inc.",CHRS,Reported,Additional-Debt Restriction,Additional indebtedness,"Only Permitted Indebtedness allowed (enumerated baskets incl. convertible-note capacity, capital leases, acquisition financing, contingent obligations, general unsecured).",Permitted-Indebtedness baskets,Permitted Indebtedness only,Compliant,,text,2026-03-31,,Compliant,High,None identified (Sec. 7.2 core-covenant default),Track new debt against baskets; large convertible capacity is junior/unsecured (see basket rows).,2024 Loan Agreement (Term Loan due 2029),03_Credit_Docs/2024-05-21_CHRS_EX10-28_Loan-Agreement-2024-05-08.pdf,EX-10.28,Sec. 6.4; def. 'Permitted Indebtedness',https://www.sec.gov/Archives/edgar/data/1512762/000155837024008542/chrs-20240508xex10d1.htm,,
"Coherus Oncology, Inc.",CHRS,Reported,Lien Restriction,Liens / negative pledge,"Only Permitted Liens allowed (existing, tax, statutory/landlord, capex-securing, acquisition/assumed, earnest-money); negative pledge in Sec. 6.6 with limited Permitted Negative Pledge exceptions.",Permitted-Liens list + negative pledge,Permitted Liens only,Compliant (first-priority lien intact),,text,2026-03-31,,Compliant,High,None identified (Sec. 7.2 core-covenant default),Confirm no competing liens are granted on collateral.,2024 Loan Agreement (Term Loan due 2029),03_Credit_Docs/2024-05-21_CHRS_EX10-28_Loan-Agreement-2024-05-08.pdf,EX-10.28,Sec. 6.5; Sec. 6.6; def. 'Permitted Liens',https://www.sec.gov/Archives/edgar/data/1512762/000155837024008542/chrs-20240508xex10d1.htm,,
"Coherus Oncology, Inc.",CHRS,Reported,Negative Covenant,Investments / acquisitions,"No mergers/acquisitions/investments except Permitted Acquisitions and Permitted Investments; a Permitted Acquisition requires no Default, a related business, collateral joinder, and either target positive trailing-4-quarter EBITDA or pro forma Liquidity >= 105% of outstanding Term Loans for 12 months plus board approval.",Permitted Acquisition/Investment gating,105% of Term Loans (acquisition liquidity test),Compliant,,text,2026-03-31,,Compliant,Moderate,None identified (Sec. 7.2 core-covenant default),Any acquisition must satisfy the EBITDA or 105%-liquidity condition; not an ongoing maintenance test.,2024 Loan Agreement (Term Loan due 2029),03_Credit_Docs/2024-05-21_CHRS_EX10-28_Loan-Agreement-2024-05-08.pdf,EX-10.28,Sec. 6.3; Sec. 6.8,https://www.sec.gov/Archives/edgar/data/1512762/000155837024008542/chrs-20240508xex10d1.htm,"105%-liquidity test applies only as an acquisition condition, not as a maintenance covenant.",
"Coherus Oncology, Inc.",CHRS,Reported,Restricted-Payment Limitation,Restricted payments / dividends,No dividends or redemptions except Permitted Distributions (employee equity repurchases capped at $2.5M/year plus key-man insurance proceeds). Cash dividends are effectively blocked.,Permitted Distributions only,"No dividends; $2,500/yr employee buybacks",Compliant,,USD thousands,2026-03-31,,Compliant,High,None identified (Sec. 7.2 core-covenant default),Confirm no dividend or non-permitted buyback; only ~$2.5M/yr employee equity repurchases allowed.,2024 Loan Agreement (Term Loan due 2029),03_Credit_Docs/2024-05-21_CHRS_EX10-28_Loan-Agreement-2024-05-08.pdf,EX-10.28,Sec. 6.8; def. 'Permitted Distributions',https://www.sec.gov/Archives/edgar/data/1512762/000155837024008542/chrs-20240508xex10d1.htm,,
"Coherus Oncology, Inc.",CHRS,Reported,Restricted-Payment Limitation,Prepayment / redemption of junior & convertible debt,"No cash prepayment/redemption of the 2026 Convertible Notes or Permitted Convertible Indebtedness until the Obligations are paid in full, except with equity/convertible proceeds or certain Permitted Transfer proceeds (scheduled interest and fractional-share cash carved out). Certain triggers redacted.",Junior-debt payment block with proceeds carve-outs,Blocked until loan repaid (carve-outs),Compliant (2026 Notes retired via UDENYCA-sale proceeds — a permitted route),,text,2026-03-31,,Compliant,High,None identified (Sec. 7.2 core-covenant default),Note the equity/asset-sale-proceeds carve-out is where cash actually exited; monitor future junior-debt redemptions.,2024 Loan Agreement (Term Loan due 2029),03_Credit_Docs/2024-05-21_CHRS_EX10-28_Loan-Agreement-2024-05-08.pdf,EX-10.28,Sec. 6.10,https://www.sec.gov/Archives/edgar/data/1512762/000155837024008542/chrs-20240508xex10d1.htm,"Redemption triggers partly redacted; 2026 Notes ($230M) reduced to ~$0.1M, matured 2026-04-15.",
"Coherus Oncology, Inc.",CHRS,Reported,Negative Covenant,Mergers / liquidations / dissolutions,"No merger, consolidation, liquidation or dissolution except intercompany (a Credit Party survives) and Permitted Acquisitions.",Permitted structures only,Intercompany / Permitted Acquisitions only,Compliant,,text,2026-03-31,,Compliant,Moderate,None identified (Sec. 7.2 core-covenant default),Monitor for any reorganization; a change of control separately triggers mandatory full repayment.,2024 Loan Agreement (Term Loan due 2029),03_Credit_Docs/2024-05-21_CHRS_EX10-28_Loan-Agreement-2024-05-08.pdf,EX-10.28,Sec. 6.3,https://www.sec.gov/Archives/edgar/data/1512762/000155837024008542/chrs-20240508xex10d1.htm,,
"Coherus Oncology, Inc.",CHRS,Reported,Negative Covenant,IP transfers / licensing restrictions,Transfers of Specified-Product Company IP restricted to Permitted Transfers; no waiver/amendment/termination/breach of Current Company IP Agreements re a Specified Product that could materially adversely impact the product or Credit Party rights.,Permitted Transfers + IP-agreement protection,Permitted Transfers only,Compliant,,text,2026-03-31,,Compliant,High,None identified (Sec. 7.2 core-covenant default),Primary biotech leakage vector — monitor any LOQTORZI IP licensing/out-license; redacted baskets carry no proceeds sweep.,2024 Loan Agreement (Term Loan due 2029),03_Credit_Docs/2024-05-21_CHRS_EX10-28_Loan-Agreement-2024-05-08.pdf,EX-10.28,Sec. 6.1; Sec. 6.14,https://www.sec.gov/Archives/edgar/data/1512762/000155837024008542/chrs-20240508xex10d1.htm,"Permitted Transfers (r),(s),(t) partly redacted.",
"Coherus Oncology, Inc.",CHRS,Reported,Negative Covenant,Affiliate transactions,Affiliate dealings restricted to arm's-length / ordinary-course terms under the negative-covenant framework and Permitted Investments limits.,Arm's-length standard,Arm's-length / ordinary course,Compliant,,text,2026-03-31,,Compliant,Low,None identified (Sec. 7.2 core-covenant default),"Note the lenders (Barings) and royalty buyer (Coduet, Barings-managed) are related; watch related-party terms.",2024 Loan Agreement (Term Loan due 2029),03_Credit_Docs/2024-05-21_CHRS_EX10-28_Loan-Agreement-2024-05-08.pdf,EX-10.28,Sec. 6 (general),https://www.sec.gov/Archives/edgar/data/1512762/000155837024008542/chrs-20240508xex10d1.htm,,
"Coherus Oncology, Inc.",CHRS,Reported,Negative Covenant,Amendments to organizational documents,No amendment/waiver of Operating Documents reasonably expected to cause a Material Adverse Change.,MAC standard,No MAC-causing amendment,Compliant,,text,2026-03-31,,Compliant,Low,None identified (Sec. 7.2 core-covenant default),None absent a charter/bylaw change.,2024 Loan Agreement (Term Loan due 2029),03_Credit_Docs/2024-05-21_CHRS_EX10-28_Loan-Agreement-2024-05-08.pdf,EX-10.28,Sec. 6.11,https://www.sec.gov/Archives/edgar/data/1512762/000155837024008542/chrs-20240508xex10d1.htm,,
"Coherus Oncology, Inc.",CHRS,Reported,Negative Covenant,Changes in business / competitive products,No knowing action reasonably expected to result in development/commercialization of a LOQTORZI Competitor or UDENYCA Competitor.,Business-line restriction,No competitor development,Compliant,,text,2026-03-31,,Compliant,Low,None identified (Sec. 7.2 core-covenant default),None expected; monitor strategic pivots.,2024 Loan Agreement (Term Loan due 2029),03_Credit_Docs/2024-05-21_CHRS_EX10-28_Loan-Agreement-2024-05-08.pdf,EX-10.28,Sec. 6.15,https://www.sec.gov/Archives/edgar/data/1512762/000155837024008542/chrs-20240508xex10d1.htm,,
"Coherus Oncology, Inc.",CHRS,Reported,Additional-Debt Restriction,Basket — Permitted Convertible Indebtedness,"Convertible-debt basket = greater of $350,000,000 or 25.0% of Market Capitalization (includes the 2026 Convertible Notes). Grower = 25% of market cap. Structurally junior/unsecured.",Greater of fixed $ or 25% market cap,"Greater of 350,000 or 25% of market cap","Capacity largely unused (2026 Notes ~$0.1M, matured Apr 2026)",,USD thousands,2026-03-31,,Compliant,High,,Large junior-debt capacity vs the ~$38.7M senior loan; mitigated by term loan's senior secured position.,2024 Loan Agreement (Term Loan due 2029),03_Credit_Docs/2024-05-21_CHRS_EX10-28_Loan-Agreement-2024-05-08.pdf,EX-10.28,Sec. 13.1 def. 'Permitted Indebtedness' (t),https://www.sec.gov/Archives/edgar/data/1512762/000155837024008542/chrs-20240508xex10d1.htm,,
"Coherus Oncology, Inc.",CHRS,Reported,Additional-Debt Restriction,Basket — Capex / capital-lease debt,"Capital-expenditure / capital-lease debt basket up to $5,000,000.",Aggregate basket cap,"5,000",Basket usage not disclosed,Not calculable (usage not disclosed),USD thousands,2026-03-31,,Information Unavailable,Low,,Basket availability not disclosed in public filings.,2024 Loan Agreement (Term Loan due 2029),03_Credit_Docs/2024-05-21_CHRS_EX10-28_Loan-Agreement-2024-05-08.pdf,EX-10.28,Sec. 13.1 def. 'Permitted Indebtedness' (d),https://www.sec.gov/Archives/edgar/data/1512762/000155837024008542/chrs-20240508xex10d1.htm,Usage not disclosed; headroom not calculable from public information.,
"Coherus Oncology, Inc.",CHRS,Reported,Additional-Debt Restriction,Basket — Subordinated / acquisition financing debt,"Acquisition-financing (subordinated) basket up to $5,000,000; Subordinated Debt basket up to $5,000,000.",Aggregate basket caps,"5,000 each",Basket usage not disclosed,Not calculable,USD thousands,2026-03-31,,Information Unavailable,Low,,Availability not disclosed.,2024 Loan Agreement (Term Loan due 2029),03_Credit_Docs/2024-05-21_CHRS_EX10-28_Loan-Agreement-2024-05-08.pdf,EX-10.28,"Sec. 13.1 def. 'Permitted Indebtedness' (g),(s)",https://www.sec.gov/Archives/edgar/data/1512762/000155837024008542/chrs-20240508xex10d1.htm,Usage not disclosed.,
"Coherus Oncology, Inc.",CHRS,Reported,Additional-Debt Restriction,Basket — General unsecured / contingent debt,"Contingent Obligations up to $2.5M / $5.0M; other unsecured debt up to $2,500,000.",Aggregate basket caps,"2,500 - 5,000",Basket usage not disclosed,Not calculable,USD thousands,2026-03-31,,Information Unavailable,Low,,Availability not disclosed.,2024 Loan Agreement (Term Loan due 2029),03_Credit_Docs/2024-05-21_CHRS_EX10-28_Loan-Agreement-2024-05-08.pdf,EX-10.28,"Sec. 13.1 def. 'Permitted Indebtedness' (j),(k),(v)",https://www.sec.gov/Archives/edgar/data/1512762/000155837024008542/chrs-20240508xex10d1.htm,Usage not disclosed.,
"Coherus Oncology, Inc.",CHRS,Reported,Negative Covenant,Basket — Permitted Investments (general),"General investment basket up to $2,500,000; Credit-Party-to-non-Credit-Party subsidiary investments up to $2,500,000.",Aggregate basket caps,"2,500",Compliant (tight baskets),Not calculable,USD thousands,2026-03-31,,Compliant,Moderate,None identified (Sec. 7.2 core-covenant default),Tight investment baskets limit value leakage to non-guarantors.,2024 Loan Agreement (Term Loan due 2029),03_Credit_Docs/2024-05-21_CHRS_EX10-28_Loan-Agreement-2024-05-08.pdf,EX-10.28,Sec. 13.1 def. 'Permitted Investments' (q),https://www.sec.gov/Archives/edgar/data/1512762/000155837024008542/chrs-20240508xex10d1.htm,,
"Coherus Oncology, Inc.",CHRS,Reported,Restricted-Payment Limitation,Basket — Employee equity repurchases,"Employee equity repurchases up to $2,500,000 per calendar year plus key-man insurance proceeds; no general dividend basket.",Annual basket cap,"2,500 per year",Within limit (no exception disclosed),,USD thousands,2026-03-31,,Compliant,Moderate,None identified (Sec. 7.2 core-covenant default),Only real restricted-payment room; confirm annual buybacks stay <= $2.5M.,2024 Loan Agreement (Term Loan due 2029),03_Credit_Docs/2024-05-21_CHRS_EX10-28_Loan-Agreement-2024-05-08.pdf,EX-10.28,Sec. 13.1 def. 'Permitted Distributions' (m),https://www.sec.gov/Archives/edgar/data/1512762/000155837024008542/chrs-20240508xex10d1.htm,,
"Coherus Oncology, Inc.",CHRS,Reported,Asset-Sale Restriction,Basket — General dispositions,"'Other dispositions' basket up to $1,500,000 aggregate fair market value; larger product monetizations run through redacted baskets (r),(s),(t).",Aggregate FMV basket cap,"1,500 (aggregate FMV)",Within limit,Not calculable,USD thousands,2026-03-31,,Compliant,Moderate,None identified (Sec. 7.2 core-covenant default),"Material asset/IP monetizations use redacted baskets, which carry NO prepayment sweep.",2024 Loan Agreement (Term Loan due 2029),03_Credit_Docs/2024-05-21_CHRS_EX10-28_Loan-Agreement-2024-05-08.pdf,EX-10.28,Sec. 13.1 def. 'Permitted Transfers' (q),https://www.sec.gov/Archives/edgar/data/1512762/000155837024008542/chrs-20240508xex10d1.htm,"Redacted baskets (r),(s),(t) not quantifiable from public info.",
"Coherus Oncology, Inc.",CHRS,Reported,Change of Control,Change-of-control mandatory prepayment,"On any Change in Control, prepay in full (principal + accrued interest + Makewhole if pre-1st anniversary + Prepayment Premium). Non-consensual CoC: within 2 business days; consensual: contemporaneous with 10 business days' prior notice. This is the ONLY mandatory-prepayment trigger.",Event-driven full repayment,100% (full repayment on CoC),Not triggered (no CoC),,Percent,2026-03-31,,Not Applicable,High,2-10 business days (notice/prepay window),A sale/CoC of Coherus forces full repayment with premium — the lender exit event.,2024 Loan Agreement (Term Loan due 2029),03_Credit_Docs/2024-05-21_CHRS_EX10-28_Loan-Agreement-2024-05-08.pdf,EX-10.28,Sec. 2.2(c)(ii),https://www.sec.gov/Archives/edgar/data/1512762/000155837024008542/chrs-20240508xex10d1.htm,No change of control has occurred.,
"Coherus Oncology, Inc.",CHRS,Reported,Mandatory Prepayment,Asset-sale proceeds sweep,'Any proceeds from Permitted Transfers shall not require any prepayment of the Term Loan.' There is NO asset-sale mandatory-prepayment sweep.,n/a — no sweep,None,No sweep (confirmed: ~$483M UDENYCA proceeds did NOT prepay the loan),,text,2026-03-31,,Not Applicable,Critical,,Largest documentary hole — asset sales can be retained; monitor every disposition for value leakage.,2024 Loan Agreement (Term Loan due 2029),03_Credit_Docs/2024-05-21_CHRS_EX10-28_Loan-Agreement-2024-05-08.pdf,EX-10.28,Sec. 2.2(c)(i),https://www.sec.gov/Archives/edgar/data/1512762/000155837024008542/chrs-20240508xex10d1.htm,Confirmed in practice: UDENYCA sale proceeds bypassed the term loan.,Leakage risk given Coherus's asset-monetization strategy.
"Coherus Oncology, Inc.",CHRS,Reported,Mandatory Prepayment,Insurance / condemnation proceeds sweep,No mandatory prepayment from insurance or condemnation proceeds.,n/a — no sweep,None,No sweep,,text,2026-03-31,,Not Applicable,Moderate,,None; note the absence.,2024 Loan Agreement (Term Loan due 2029),03_Credit_Docs/2024-05-21_CHRS_EX10-28_Loan-Agreement-2024-05-08.pdf,EX-10.28,Sec. 2.2,https://www.sec.gov/Archives/edgar/data/1512762/000155837024008542/chrs-20240508xex10d1.htm,,
"Coherus Oncology, Inc.",CHRS,Reported,Mandatory Prepayment,Debt / equity issuance proceeds sweep,No mandatory prepayment from debt or equity issuance proceeds.,n/a — no sweep,None,No sweep,,text,2026-03-31,,Not Applicable,Moderate,,Relevant given the survival plan depends on serial ATM/equity — proceeds are NOT swept to the loan.,2024 Loan Agreement (Term Loan due 2029),03_Credit_Docs/2024-05-21_CHRS_EX10-28_Loan-Agreement-2024-05-08.pdf,EX-10.28,Sec. 2.2,https://www.sec.gov/Archives/edgar/data/1512762/000155837024008542/chrs-20240508xex10d1.htm,,
"Coherus Oncology, Inc.",CHRS,Reported,Mandatory Prepayment,Excess cash flow sweep,No excess-cash-flow sweep.,n/a — no sweep,None,No sweep,,text,2026-03-31,,Not Applicable,Moderate,,None; note the absence.,2024 Loan Agreement (Term Loan due 2029),03_Credit_Docs/2024-05-21_CHRS_EX10-28_Loan-Agreement-2024-05-08.pdf,EX-10.28,Sec. 2.2,https://www.sec.gov/Archives/edgar/data/1512762/000155837024008542/chrs-20240508xex10d1.htm,,
"Coherus Oncology, Inc.",CHRS,Reported,Mandatory Prepayment,Licensing / royalty-monetization proceeds sweep,No mandatory prepayment from licensing or royalty-monetization proceeds; no reinvestment framework (moot given no sweeps).,n/a — no sweep,None,No sweep,,text,2026-03-31,,Not Applicable,High,,Product IP could be licensed/monetized without repaying lenders; monitor.,2024 Loan Agreement (Term Loan due 2029),03_Credit_Docs/2024-05-21_CHRS_EX10-28_Loan-Agreement-2024-05-08.pdf,EX-10.28,Sec. 2.2,https://www.sec.gov/Archives/edgar/data/1512762/000155837024008542/chrs-20240508xex10d1.htm,,
"Coherus Oncology, Inc.",CHRS,Reported,Event of Default,Payment default,Principal non-payment = no identified cure period; interest/premium/other Obligations = 3-business-day grace (no cure if due at maturity or on acceleration).,Payment obligation,Any missed payment,No default (interest current),,text,2026-03-31,,Compliant,High,3 business days (interest only); none for principal,Interest is cash-pay quarterly (no PIK); monitor quarterly interest payments.,2024 Loan Agreement (Term Loan due 2029),03_Credit_Docs/2024-05-21_CHRS_EX10-28_Loan-Agreement-2024-05-08.pdf,EX-10.28,Sec. 7.1,https://www.sec.gov/Archives/edgar/data/1512762/000155837024008542/chrs-20240508xex10d1.htm,"No Event of Default disclosed at 9/30/25, 12/31/25, 3/31/26.",
"Coherus Oncology, Inc.",CHRS,Reported,Event of Default,Covenant default,"Breach of Sec. 5.2-5.7, 5.10, 5.12-5.14, 5.16-5.17 or any Sec. 6 covenant = no identified cure period; any other covenant = 20-day cure after knowledge or notice. Includes Minimum Liquidity and all negative covenants.",Covenant breach,Any covenant breach,No default,,text,2026-03-31,,Compliant,High,0 days (core covenants); 20 days (other covenants),"Core covenant breaches (incl. $15M liquidity, negative covenants) have no cure — treat as immediate.",2024 Loan Agreement (Term Loan due 2029),03_Credit_Docs/2024-05-21_CHRS_EX10-28_Loan-Agreement-2024-05-08.pdf,EX-10.28,Sec. 7.2,https://www.sec.gov/Archives/edgar/data/1512762/000155837024008542/chrs-20240508xex10d1.htm,,
"Coherus Oncology, Inc.",CHRS,Reported,Event of Default,Material Adverse Change (MAC),"A Material Adverse Change is a standalone Event of Default (not merely a representation) — a strong, subjective lender lever.",MAC standard,Occurrence of a MAC,No MAC declared,,text,2026-03-31,,Compliant,High,None identified,Practical early lever if credit deteriorates (no performance covenant exists); monitor MAC-type developments.,2024 Loan Agreement (Term Loan due 2029),03_Credit_Docs/2024-05-21_CHRS_EX10-28_Loan-Agreement-2024-05-08.pdf,EX-10.28,Sec. 7.3,https://www.sec.gov/Archives/edgar/data/1512762/000155837024008542/chrs-20240508xex10d1.htm,MAC as a direct EoD is notably lender-protective.,
"Coherus Oncology, Inc.",CHRS,Reported,Event of Default,Attachment / levy / restraint,"Trustee process attaching funds > $5,000,000, or lien/levy on material Collateral, not discharged/stayed within 30 days.",Threshold event,"5,000",No default,,USD thousands,2026-03-31,,Compliant,Moderate,30 days,Monitor for material attachments/levies.,2024 Loan Agreement (Term Loan due 2029),03_Credit_Docs/2024-05-21_CHRS_EX10-28_Loan-Agreement-2024-05-08.pdf,EX-10.28,Sec. 7.4,https://www.sec.gov/Archives/edgar/data/1512762/000155837024008542/chrs-20240508xex10d1.htm,,
"Coherus Oncology, Inc.",CHRS,Reported,Event of Default,Insolvency / bankruptcy,Involuntary proceeding undismissed 60 days; any voluntary bankruptcy/assignment/inability to pay = no cure. Sec. 7.5 triggers AUTOMATIC acceleration.,Insolvency event,Bankruptcy / insolvency,No default,,text,2026-03-31,,Compliant,High,60 days (involuntary); none (voluntary),A voluntary filing automatically accelerates the entire loan.,2024 Loan Agreement (Term Loan due 2029),03_Credit_Docs/2024-05-21_CHRS_EX10-28_Loan-Agreement-2024-05-08.pdf,EX-10.28,Sec. 7.5,https://www.sec.gov/Archives/edgar/data/1512762/000155837024008542/chrs-20240508xex10d1.htm,,
"Coherus Oncology, Inc.",CHRS,Reported,Event of Default,Cross-default / cross-acceleration,"Failure to pay other Indebtedness (after its grace) or acceleration by holders where the amount exceeds $5,000,000.",Threshold event,"5,000",No default,,USD thousands,2026-03-31,,Compliant,Moderate,Per underlying instrument,"With convertibles retired, cross-default exposure is limited; monitor any new material debt.",2024 Loan Agreement (Term Loan due 2029),03_Credit_Docs/2024-05-21_CHRS_EX10-28_Loan-Agreement-2024-05-08.pdf,EX-10.28,Sec. 7.6,https://www.sec.gov/Archives/edgar/data/1512762/000155837024008542/chrs-20240508xex10d1.htm,,
"Coherus Oncology, Inc.",CHRS,Reported,Event of Default,Judgment default,"Final non-appealable money judgment(s) > $5,000,000 (excl. insured/indemnified) not discharged/stayed/bonded within 30 days.",Threshold event,"5,000",No default,,USD thousands,2026-03-31,,Compliant,Moderate,30 days,Monitor material litigation outcomes.,2024 Loan Agreement (Term Loan due 2029),03_Credit_Docs/2024-05-21_CHRS_EX10-28_Loan-Agreement-2024-05-08.pdf,EX-10.28,Sec. 7.7,https://www.sec.gov/Archives/edgar/data/1512762/000155837024008542/chrs-20240508xex10d1.htm,,
"Coherus Oncology, Inc.",CHRS,Reported,Event of Default,Misrepresentation,Any representation/warranty incorrect in a material respect (any respect if MAC-qualified).,Rep accuracy,Material misstatement,No default,,text,2026-03-31,,Compliant,Moderate,None identified,None absent a discovered misstatement.,2024 Loan Agreement (Term Loan due 2029),03_Credit_Docs/2024-05-21_CHRS_EX10-28_Loan-Agreement-2024-05-08.pdf,EX-10.28,Sec. 7.8,https://www.sec.gov/Archives/edgar/data/1512762/000155837024008542/chrs-20240508xex10d1.htm,,
"Coherus Oncology, Inc.",CHRS,Reported,Event of Default,Invalidity of guarantees or liens,"Any material Loan Document ceasing to be valid/enforceable, or a Collateral Document ceasing to create/maintain a first-priority perfected security interest in material Collateral.",Lien/guarantee validity,Loss of validity/priority,No default,,text,2026-03-31,,Compliant,Moderate,None identified,Ties to perfection maintenance (Sec. 5.11-5.18); a lien lapse is itself a default.,2024 Loan Agreement (Term Loan due 2029),03_Credit_Docs/2024-05-21_CHRS_EX10-28_Loan-Agreement-2024-05-08.pdf,EX-10.28,Sec. 7.9,https://www.sec.gov/Archives/edgar/data/1512762/000155837024008542/chrs-20240508xex10d1.htm,,
"Coherus Oncology, Inc.",CHRS,Reported,Event of Default,ERISA event,ERISA Event resulting or reasonably expected to result in a Material Adverse Change or a Sec. 303(k) Lien on Collateral.,ERISA standard,ERISA Event w/ MAC or lien,No default,,text,2026-03-31,,Compliant,Low,None identified,Low risk given company profile; monitor pension/benefit disclosures.,2024 Loan Agreement (Term Loan due 2029),03_Credit_Docs/2024-05-21_CHRS_EX10-28_Loan-Agreement-2024-05-08.pdf,EX-10.28,Sec. 7.10,https://www.sec.gov/Archives/edgar/data/1512762/000155837024008542/chrs-20240508xex10d1.htm,,
"Coherus Oncology, Inc.",CHRS,Reported,Remedies,"Acceleration, cash dominion & enforcement remedies","On an Event of Default the Collateral Agent may (or at Required Lenders' direction shall) declare all Obligations due (automatic on insolvency), stop credit, set off and sweep Collateral Accounts (cash dominion), take/sell Collateral with an IP license, and exercise all UCC remedies. Default interest = +4.00% above the applicable rate; Makewhole (if pre-1st-anniversary, now expired) + Prepayment Premium due on acceleration.",Post-default remedies,On Event of Default,Not invoked (no default),,text,2026-03-31,,Not Applicable,High,,"Lenders can accelerate, seize controlled cash, and foreclose (incl. operating IP license) quickly.",2024 Loan Agreement (Term Loan due 2029),03_Credit_Docs/2024-05-21_CHRS_EX10-28_Loan-Agreement-2024-05-08.pdf,EX-10.28,Sec. 8.1; Sec. 8.3; Sec. 2.3(b),https://www.sec.gov/Archives/edgar/data/1512762/000155837024008542/chrs-20240508xex10d1.htm,"Prepayment Premium: 10% yr1-2, 5% yr2-3, 0% after yr3; make-whole window expired 2025-05-08.","Strong, fast remedies partly offset the thin financial-covenant package."
"Coherus Oncology, Inc.",CHRS,Reported,Current Status,Overall default / waiver status,"No Event of Default on the 2029 Term Loan at 9/30/2025, 12/31/2025 or 3/31/2026; no amendments or waivers to the 2029 Loan Agreement disclosed. Company reports Minimum Liquidity compliance each period.",Reported compliance,No default / no waiver,In compliance; no default; no waiver,,text,2026-03-31,2026-06-30,Compliant,High,,Confirm continued compliance and absence of waivers each quarter.,Q1 2026 Form 10-Q,01_Filings/10Q/2026-05-11_CHRS_10Q_Q1-2026.pdf,10-Q,Note 8 - Debt,https://www.sec.gov/Archives/edgar/data/1512762/000110465926058703/chrs-20260331x10q.htm,As reported by the company (legal compliance statement).,The only amendment to date is the June 2024 royalty Omnibus (no term-loan amendments/waivers).
"Coherus Oncology, Inc.",CHRS,Reported,Current Status,Minimum Liquidity — reported headroom (indicative),"Reported unrestricted liquidity of $167.0M (cash $115,238K + marketable securities $51,810K) vs the $15M covenant, i.e., ~11x the floor. Restricted cash $240K at 3/31/2026.",Reported cash + marketable securities (indicative proxy),"15,000","167,048","152,048",USD thousands,2026-03-31,2026-06-30,Compliant,High,None,Treat as indicative; the covenant counts only unrestricted cash in controlled Collateral Accounts (narrower).,Orion liquidity workbook,coherus_liquidity.csv,Orion model,Liquidity Analysis (As of 2026-03-31); underlying Q1 2026 10-Q balance sheet,https://www.sec.gov/Archives/edgar/data/1512762/000110465926058703/chrs-20260331x10q.htm,"Headroom = (cash 115,238 + marketable securities 51,810) - 15,000. Orion INDICATIVE calc, distinct from covenant-basis Liquidity.",Distinguishes Orion indicative headroom from the company's legal compliance statement.
"Coherus Oncology, Inc.",CHRS,Reported,Current Status,Going-concern status,No going-concern qualification or 'substantial doubt' language; management states liquidity is sufficient for at least 12 months from the issuance date.,Going-concern assessment,No substantial doubt,No going-concern doubt,,text,2026-03-31,,Compliant,Moderate,,Watch for any future going-concern language (permitted under the audit covenant but a red flag).,Q1 2026 Form 10-Q,01_Filings/10Q/2026-05-11_CHRS_10Q_Q1-2026.pdf,10-Q,Liquidity / MD&A,https://www.sec.gov/Archives/edgar/data/1512762/000110465926058703/chrs-20260331x10q.htm,,Audit covenant expressly permits a going-concern qualification.
"Coherus Oncology, Inc.",CHRS,Base,Projected Compliance,Minimum Liquidity (projected),"PROJECTED (Orion model): under the modeled financing path, qualifying liquidity is held above the $15M floor through the 2029 maturity, but ONLY by raising ~$154M of cumulative external capital (ATM/equity + ~$9M pw earnout). Minimum modeled ending cash ~$24.4M at Q4 2029.",Modeled qualifying cash vs $15M floor (indicative),"15,000","Held > 15,000 under modeled ATM (min ending cash ~24,398 at Q4 2029)","~9,398 at modeled trough (Q4 2029); positive throughout with financing",USD thousands,2029-12-31,2029-05-08 (maturity),Compliant,High,None (core-covenant breach has no cure),Compliance is CONTINGENT on continued equity/ATM access; monitor ATM usage and share-count dilution.,Orion 3-scenario credit projection model,coherus_projections.csv,Orion model,"Base scenario, Liquidity & Conclusion rows",,Orion PROJECTION (not guidance). Assumes serial ATM/equity (~$154M cumulative 2026-29) to hold covenant; normalized burn excludes Q1'26 one-time TSA distortion.,"PROJECTED — Orion model, clearly not legal covenant compliance. Credit trajectory: Stable."
"Coherus Oncology, Inc.",CHRS,Base,First Projected Breach,Minimum Liquidity — first projected breach date,"PROJECTED (Orion model): no covenant breach under the modeled financing; ABSENT further equity/ATM, qualifying cash falls below the $15M floor at approximately Q4 2027.",First period modeled qualifying cash < $15M (absent capital),"15,000",~Q4 2027 (absent further equity/ATM); none if financing continues,,date,2027-12-31,,At Risk,High,None (core-covenant breach has no cure),Flag Q4 2027 as the Base-case breach point if capital markets close; track quarterly ATM execution.,Orion 3-scenario credit projection model,coherus_projections.csv,Orion model,Base 'Covenant-breach date' conclusion row,,"Orion PROJECTION. Material flag: if ~$61.6M of 3/31/26 cash is TSA pass-through (non-qualifying), Base breach moves ~2 quarters earlier to ~Q2 2027.","PROJECTED. Status 'At Risk' reflects contingency on financing access, not a current breach."
"Coherus Oncology, Inc.",CHRS,Upside,Projected Compliance,Minimum Liquidity (projected),"PROJECTED (Orion model): liquidity holds comfortably above the $15M floor; franchise scales (LOQTORZI toward ~50% penetration, ~$125M FY2029 revenue), burn narrows, and the ~$38.7M loan is repaid from cash at maturity. Minimum modeled ending cash ~$30.7M at Q4 2029.",Modeled qualifying cash vs $15M floor (indicative),"15,000","Comfortably > 15,000 (min ending cash ~30,708 at Q4 2029)","~15,708 at modeled trough (Q4 2029)",USD thousands,2029-12-31,2029-05-08 (maturity),Compliant,Moderate,None (core-covenant breach has no cure),Still cash-burning until ~2028; assumes UDENYCA earnouts ($75M) collected and improved equity access (~$125M cumulative capital incl earnouts).,Orion 3-scenario credit projection model,coherus_projections.csv,Orion model,"Upside scenario, Liquidity & Conclusion rows",,Orion PROJECTION. Assumes UDENYCA earnouts collected + improved equity access; credit trajectory Improving.,PROJECTED — Orion model. Term loan money-good with rising equity cushion.
"Coherus Oncology, Inc.",CHRS,Upside,First Projected Breach,Minimum Liquidity — first projected breach date,PROJECTED (Orion model): no covenant breach; comfortably funded. A breach arises only in the hypothetical where ALL modeled capital and earnouts are withheld (~Q4 2027).,First period modeled qualifying cash < $15M,"15,000",None (only ~Q4 2027 if all capital + earnouts withheld),,date,,,Compliant,Low,None (core-covenant breach has no cure),No near-term breach concern under Upside; monitor earnout collection and equity access.,Orion 3-scenario credit projection model,coherus_projections.csv,Orion model,Upside 'Covenant-breach date' conclusion row,,Orion PROJECTION.,PROJECTED.
"Coherus Oncology, Inc.",CHRS,Downside,Projected Compliance,Minimum Liquidity (projected),"PROJECTED (Orion model): revenue erosion (penpulimab competition), elevated burn, and closed capital markets exhaust liquidity; qualifying cash falls below the $15M floor at ~Q3 2027 and turns negative by ~Q4 2027. Indicative covenant headroom -$5,474K at Q3 2027, worsening to -$34,239K at Q4 2027. Cumulative external capital needed ~$222.4M (assumed unfunded).",Modeled qualifying cash vs $15M floor (indicative),"15,000","Falls below 15,000 at ~Q3 2027; qualifying cash goes negative thereafter","-5,474 at Q3 2027; -34,239 at Q4 2027 (indicative)",USD thousands,2027-09-30,,Breached,Critical,None (core-covenant breach has no cure),Model a covenant breach ~18 months before the 2029 maturity leading to restructuring/distressed refinancing; recovery rests on first-lien collateral (LOQTORZI license/BLA + pipeline).,Orion 3-scenario credit projection model,coherus_projections.csv,Orion model,"Downside scenario, Liquidity (Q3'27 headroom) & Conclusion rows",,"Orion PROJECTION. Assumes LOQTORZI stalls/declines as penpulimab launches, opex stays elevated, capital markets shut; refinancing requirement = full $38,660K in distress.","PROJECTED — Orion model, NOT a current breach. Credit trajectory: Deteriorating."
"Coherus Oncology, Inc.",CHRS,Downside,First Projected Breach,Minimum Liquidity — first projected breach date,PROJECTED (Orion model): qualifying cash first falls below the $15M covenant at approximately Q3 2027; liquidity exhaustion (cash <= 0) ~Q4 2027. The $15M liquidity floor — not a performance covenant — is the tripwire.,First period modeled qualifying cash < $15M,"15,000",~Q3 2027,,date,2027-09-30,,Breached,Critical,None (core-covenant breach has no cure),Treat ~Q3 2027 as the Downside covenant-breach date; ~18 months before maturity.,Orion 3-scenario credit projection model,coherus_projections.csv,Orion model,Downside 'Covenant-breach date' conclusion row,,"Orion PROJECTION. Material flag: if ~$61.6M of 3/31/26 cash is TSA pass-through (non-qualifying), Downside breach moves ~2 quarters earlier to ~Q1 2027.",PROJECTED.
"Coherus Oncology, Inc.",CHRS,Reported,Key Compliance Risk,TSA pass-through cash sensitivity (covenant qualifying-cash),"Up to ~$61.6M of the $167.0M cash/marketable securities at 3/31/26 may relate to UDENYCA TSA pass-through and may NOT be freely available / covenant-qualifying. If so, qualifying liquidity is ~$105M (not ~$167M) and the absent-capital covenant-breach date moves ~2 quarters EARLIER in every scenario (Base ~Q2 2027 vs Q4 2027; Downside ~Q1 2027 vs Q3 2027); cumulative external capital required rises ~$60M.",Sensitivity on qualifying-cash definition,"15,000","Qualifying liquidity ~105,000 if ~61,600 is non-qualifying","~90,000 (sensitivity case)",USD thousands,2026-03-31,,At Risk,High,,VERIFY controlled-account (Collateral Account) cash directly against the covenant definition; this materially changes the liquidity/covenant conclusion.,Orion 3-scenario credit projection model,coherus_projections.csv,Orion model,Methodology note — TSA pass-through cash SENSITIVITY (material flag),,Orion sensitivity flag; verify against covenant-basis Liquidity (Sec. 6.16 / def. 'Liquidity').,"Highest-priority verification item. PROJECTED sensitivity, not confirmed."
"Coherus Oncology, Inc.",CHRS,Reported,Key Compliance Risk,Value leakage — no proceeds mandatory prepayment,"No asset-sale, ECF, insurance, debt/equity, or licensing-proceeds prepayment sweep; only change of control forces repayment. Demonstrated by ~$483M UDENYCA proceeds bypassing the term loan. Combined with a now single-product (LOQTORZI) collateral base, asset/IP monetization is the most likely provision to become relevant first.",Structural leakage risk,,Leakage possible; no sweep,,text,2026-03-31,,At Risk,Critical,,Monitor every asset/IP monetization for value leakage; there is no performance covenant to catch deterioration.,2024 Loan Agreement (Term Loan due 2029),03_Credit_Docs/2024-05-21_CHRS_EX10-28_Loan-Agreement-2024-05-08.pdf,EX-10.28,Sec. 2.2(c)(i); Sec. 6.1,https://www.sec.gov/Archives/edgar/data/1512762/000155837024008542/chrs-20240508xex10d1.htm,,Largest documentary weakness; Orion assessment.
"Coherus Oncology, Inc.",CHRS,Reported,Key Compliance Risk,Single-product concentration (LOQTORZI),"Post-UDENYCA divestiture, the credit rests on a single commercial product, LOQTORZI (net revenue $40.8M FY2025, $11.8M Q1 2026), in-licensed from Junshi (China single-source). Competitive catalyst: penpulimab (Akeso, FDA-approved Apr 2025) not yet U.S.-launched.",Revenue concentration,,Sole product; growing but small,,text,2026-03-31,,At Risk,High,,Monitor LOQTORZI net sales trajectory vs penpulimab U.S. launch and Junshi supply/license status.,FY2025 Form 10-K,01_Filings/10K/2026-03-09_CHRS_10K_FY2025.pdf,10-K,Business / MD&A,https://www.sec.gov/Archives/edgar/data/1512762/000110465926025308/chrs-20251231x10k.htm,,Key forward credit risk driving the Downside scenario.
"Coherus Oncology, Inc.",CHRS,Reported,Key Compliance Risk,Equity-market access dependence,"Survival to maturity depends on serial ATM/equity dilution (~$154M cumulative Base). Proceeds are NOT swept to the loan, but loss of equity-market access flips the credit to the Downside (covenant breach ~Q4 2027 Base absent capital). Principal downside trigger.",Financing dependence,,~$150M+ external capital needed before maturity,,text,2026-03-31,,At Risk,High,,"Track quarterly ATM issuance, share count (~doubling in Base), and any shelf/ATM capacity signals.",Orion 3-scenario credit projection model,coherus_projections.csv,Orion model,Base Conclusion — principal downside trigger,,Orion PROJECTION.,"Binding constraint is liquidity, not the 2029 maturity or franchise durability."
"Coherus Oncology, Inc.",CHRS,Reported,Required Monitoring Action,Thin covenant package — rely on MAC & cash dominion,"With no leverage/coverage/revenue/EBITDA covenant and only a $15M liquidity floor, the practical early lever if credit deteriorates is the discretionary MAC event of default plus cash-dominion rights, not a numeric covenant.",Monitoring posture,,MAC + cash control are the primary levers,,text,2026-03-31,2026-06-30,Compliant,High,,"Because there is no performance tripwire, maintain qualitative MAC-watch; confirm cash stays in controlled accounts.",2024 Loan Agreement (Term Loan due 2029),03_Credit_Docs/2024-05-21_CHRS_EX10-28_Loan-Agreement-2024-05-08.pdf,EX-10.28,Sec. 6; Sec. 7.3; Sec. 8.1,https://www.sec.gov/Archives/edgar/data/1512762/000155837024008542/chrs-20240508xex10d1.htm,Orion assessment.,
"Coherus Oncology, Inc.",CHRS,Reported,Required Monitoring Action,Quarterly compliance-monitoring checklist,"Each quarter: (1) confirm 10-Q/10-K and Compliance Certificate filed on time; (2) confirm reported Minimum Liquidity compliance and recompute indicative headroom; (3) reconcile qualifying (controlled-account) cash vs total reported cash; (4) scan 8-Ks for defaults, MAC, litigation/FDA, asset sales/IP licensing; (5) update Base/Upside/Downside breach timing.",Process control,,Next check: Q2 2026 10-Q,,text,2026-03-31,2026-06-30,Compliant,Moderate,,Run the checklist at each quarterly filing; escalate any qualifying-cash approach toward the $15M floor.,2024 Loan Agreement (Term Loan due 2029),03_Credit_Docs/2024-05-21_CHRS_EX10-28_Loan-Agreement-2024-05-08.pdf,EX-10.28,Sec. 5.2; Sec. 6.16,https://www.sec.gov/Archives/edgar/data/1512762/000155837024008542/chrs-20240508xex10d1.htm,Orion monitoring framework.,
"Coherus Oncology, Inc.",CHRS,Reported,Related Agreement,Revenue Participation Right — change-of-control / acceleration,"SEPARATE agreement (junior to the term loan via intercreditor). Coherus sold the right to a Revenue Percentage (5.0% tier-1 / 0.5% tier-2; UDENYCA step-up to 6.5%) of U.S. LOQTORZI (and formerly UDENYCA) net sales to Coduet Royalty Holdings (Barings-managed) for $37.5M upfront, capped at 2.25x per product. On a change of control or Material Adverse Effect the buyer may accelerate to the 2.25x Investment Return Amount. UDENYCA portion bought out Apr 2025 for $47.7M; LOQTORZI portion remains (net carrying ~$14.4M at 3/31/2026).",Royalty on U.S. net sales; 2.25x cap,2.25x purchase price per product,"LOQTORZI royalty active (~14,400 net carrying); UDENYCA portion terminated",,USD thousands,2026-03-31,,Not Applicable,Moderate,5 business days (CoC payment),Track as a separate junior obligation; its change-of-control acceleration parallels the term loan's CoC prepayment.,Revenue Participation Right Purchase and Sale Agreement,03_Credit_Docs/2024-05-21_CHRS_EX10-29_Revenue-Participation-Right-PSA.pdf,EX-10.29,"RPRPSA Sec. 1.1, 7.3(d), 10.3",https://www.sec.gov/Archives/edgar/data/1512762/000155837024008542/chrs-20240508xex10d2.htm,Distinct from the Loan Agreement; junior via Intercreditor Agreement. Not a term-loan covenant.,Included for completeness; the term loan is senior to this royalty.
