company,ticker,agreement_name,record_type,category,provision_name,section_reference,effective_date,applicable_entity,threshold_or_amount,unit,test_frequency,cure_period,legal_summary,plain_english_summary,status,credit_impact,importance,source_file,source_form,source_page_or_section,source_url,notes
"Coherus Oncology, Inc. (f/k/a Coherus BioSciences, Inc.)",CHRS,2024 Loan Agreement (Term Loan due 2029),Facility Term,Facility Overview,Agreement name and type,Preamble; Sec. 2.2,2024-05-08,"Coherus BioSciences, Inc. (Borrower)",,,,,"Senior secured single-draw term loan under Loan Agreement dated as of May 8, 2024 (the 'Closing Date'); Ankura Trust Company, LLC as Collateral Agent and administrative agent.","The controlling secured debt is a single term loan closed May 8, 2024. Ankura is the agent; lenders are Barings entities.",Reported,Neutral,Critical,03_Credit_Docs/2024-05-21_CHRS_EX10-28_Loan-Agreement-2024-05-08.pdf,EX-10.28,Preamble / Sec. 2.2,https://www.sec.gov/Archives/edgar/data/1512762/000155837024008542/chrs-20240508xex10d1.htm,"Company renamed to Coherus Oncology, Inc. effective 2025-05-29 (FY2025 10-K)."
"Coherus Oncology, Inc. (f/k/a Coherus BioSciences, Inc.)",CHRS,2024 Loan Agreement (Term Loan due 2029),Facility Term,Facility Overview,Borrower / primary obligor,Preamble,2024-05-08,"Coherus BioSciences, Inc.",,,,,"Sole Borrower and a Credit Party is Coherus BioSciences, Inc., a Delaware corporation.",Coherus itself is the borrower.,Reported,Neutral,High,03_Credit_Docs/2024-05-21_CHRS_EX10-28_Loan-Agreement-2024-05-08.pdf,EX-10.28,Preamble,https://www.sec.gov/Archives/edgar/data/1512762/000155837024008542/chrs-20240508xex10d1.htm,
"Coherus Oncology, Inc. (f/k/a Coherus BioSciences, Inc.)",CHRS,2024 Loan Agreement (Term Loan due 2029),Facility Term,Facility Overview,Administrative & Collateral Agent,Preamble; Sec. 12,2024-05-08,"Ankura Trust Company, LLC",,,,,"Ankura Trust Company, LLC (New Hampshire) serves as both administrative agent and Collateral Agent ('as the administrative agent and collateral agent').","One agent, Ankura, plays both roles for the lender group.",Reported,Neutral,High,03_Credit_Docs/2024-05-21_CHRS_EX10-28_Loan-Agreement-2024-05-08.pdf,EX-10.28,Preamble / Sec.12,https://www.sec.gov/Archives/edgar/data/1512762/000155837024008542/chrs-20240508xex10d1.htm,
"Coherus Oncology, Inc. (f/k/a Coherus BioSciences, Inc.)",CHRS,2024 Loan Agreement (Term Loan due 2029),Facility Term,Facility Overview,Original & current lenders,Exhibit D; def. 'Fee Letters',2024-05-08,Barings lender group,,,,,Lender names redacted [***] in Exhibit D of the public filing; agreement references a 'Barings Fee Letter'. Confirmed via Barings BDC and sister funds' Schedules of Investments that Barings entities hold the Coherus term loan.,The lenders are Barings-managed funds (including Barings BDC / BBDC). Names are blacked out in the public loan agreement but confirmed through Barings' own SEC filings.,Reported,Neutral,High,03_Credit_Docs/2024-05-21_CHRS_EX10-28_Loan-Agreement-2024-05-08.pdf,EX-10.28,Exhibit D [***],https://www.sec.gov/Archives/edgar/data/1512762/000155837024008542/chrs-20240508xex10d1.htm,Lender identity confirmed externally; syndicate composition and BBDC allocation not fully public.
"Coherus Oncology, Inc. (f/k/a Coherus BioSciences, Inc.)",CHRS,2024 Loan Agreement (Term Loan due 2029),Facility Term,Facility Overview,Original commitment / principal funded,Sec. 2.2; def. 'Commitment',2024-05-08,Borrower,"38,660,000 (stated principal); ~38.7M funded; $37.5M net after OID",USD,,,"Aggregate Commitment redacted [***] in Exhibit D; resolved from FY2025 10-K: '2029 Term Loan' with $38.7M principal, ~$37.5M net proceeds after 3.0% original issue discount. Stated principal carried at $38,660K.","The loan is ~$38.7 million (about $37.5M in cash after the discount). This is a small facility, NOT the ~$250M predecessor loan.",Reported,Neutral,Critical,01_Filings/10K/2026-03-09_CHRS_10K_FY2025.pdf,10-K,Note 8 - Debt,https://www.sec.gov/Archives/edgar/data/1512762/000110465926025308/chrs-20251231x10k.htm,"Redacted in loan agreement; figure taken from FY2025 10-K debt note. Predecessor 2027 Term Loan ($250M, BioPharma/Pharmakon) was repaid at this closing."
"Coherus Oncology, Inc. (f/k/a Coherus BioSciences, Inc.)",CHRS,2024 Loan Agreement (Term Loan due 2029),Facility Term,Facility Overview,Delayed-draw / incremental commitments,Sec. 2.2(a),2024-05-08,Borrower,0,USD,,,"Single-draw term loan funded in full on the Closing Date; 'may not be re-borrowed'. No delayed-draw, accordion or incremental facility.","One-time draw, fully funded at close. No ability to borrow more.",Reported,Neutral,Medium,03_Credit_Docs/2024-05-21_CHRS_EX10-28_Loan-Agreement-2024-05-08.pdf,EX-10.28,Sec. 2.2(a),https://www.sec.gov/Archives/edgar/data/1512762/000155837024008542/chrs-20240508xex10d1.htm,
"Coherus Oncology, Inc. (f/k/a Coherus BioSciences, Inc.)",CHRS,2024 Loan Agreement (Term Loan due 2029),Facility Term,Facility Overview,Undrawn availability,Sec. 2.2(a),2024-05-08,Borrower,0,USD,,,Fully drawn at close; no revolver or committed undrawn amount.,No undrawn availability.,Reported,Neutral,Low,03_Credit_Docs/2024-05-21_CHRS_EX10-28_Loan-Agreement-2024-05-08.pdf,EX-10.28,Sec. 2.2(a),https://www.sec.gov/Archives/edgar/data/1512762/000155837024008542/chrs-20240508xex10d1.htm,
"Coherus Oncology, Inc. (f/k/a Coherus BioSciences, Inc.)",CHRS,2024 Loan Agreement (Term Loan due 2029),Facility Term,Facility Overview,Purpose / use of proceeds,Sec. 5.10,2024-05-08,Borrower,,,,,'solely to repay in full all Indebtedness ... under the Existing Credit Agreement ... and to fund its general corporate and working capital requirements'; no Margin Stock / purpose credit.,Proceeds refinanced the old BioPharma/Pharmakon term loan and fund general corporate needs.,Reported,Neutral,Medium,03_Credit_Docs/2024-05-21_CHRS_EX10-28_Loan-Agreement-2024-05-08.pdf,EX-10.28,Sec. 5.10,https://www.sec.gov/Archives/edgar/data/1512762/000155837024008542/chrs-20240508xex10d1.htm,
"Coherus Oncology, Inc. (f/k/a Coherus BioSciences, Inc.)",CHRS,2024 Loan Agreement (Term Loan due 2029),Facility Term,Facility Overview,Maturity date,def. 'Term Loan Maturity Date',2029-05-08,Borrower,2029-05-08,Date,,,"'Term Loan Maturity Date' = the 5th anniversary of the Closing Date, i.e., May 8, 2029. Term Loan due and payable in full on that date.","The loan matures May 8, 2029 (5-year term).",Reported,Neutral,Critical,03_Credit_Docs/2024-05-21_CHRS_EX10-28_Loan-Agreement-2024-05-08.pdf,EX-10.28,Sec.13.1 def.,https://www.sec.gov/Archives/edgar/data/1512762/000155837024008542/chrs-20240508xex10d1.htm,Confirmed in FY2025 10-K and Q1 2026 10-Q.
"Coherus Oncology, Inc. (f/k/a Coherus BioSciences, Inc.)",CHRS,2024 Loan Agreement (Term Loan due 2029),Facility Term,Facility Overview,Amortization schedule,Sec. 2.2(b),2024-05-08,Borrower,None (interest-only),,,,Scheduled amortization is '[reserved]'; principal 'is due and payable in full on the Term Loan Maturity Date'. Interest-only with bullet at maturity.,No principal amortization; interest-only until a single balloon payment at maturity.,Reported,Neutral,High,03_Credit_Docs/2024-05-21_CHRS_EX10-28_Loan-Agreement-2024-05-08.pdf,EX-10.28,Sec. 2.2(b),https://www.sec.gov/Archives/edgar/data/1512762/000155837024008542/chrs-20240508xex10d1.htm,
"Coherus Oncology, Inc. (f/k/a Coherus BioSciences, Inc.)",CHRS,2024 Loan Agreement (Term Loan due 2029),Facility Term,Facility Overview,Final balloon payment,Sec. 2.2(b)(ii),2029-05-08,Borrower,"38,660,000 (plus accrued interest)",USD,,,"Entire principal (currently $38,660K) plus accrued interest due at maturity; no prepayment premium due at scheduled maturity.","The full ~$38.7M principal comes due as a lump sum on May 8, 2029.",Reported,Neutral,High,03_Credit_Docs/2024-05-21_CHRS_EX10-28_Loan-Agreement-2024-05-08.pdf,EX-10.28,Sec. 2.2(b)(ii),https://www.sec.gov/Archives/edgar/data/1512762/000155837024008542/chrs-20240508xex10d1.htm,
"Coherus Oncology, Inc. (f/k/a Coherus BioSciences, Inc.)",CHRS,2024 Loan Agreement (Term Loan due 2029),Economics,Economics,Reference rate,Sec. 2.3(a)(i); def. 'Term SOFR',2024-05-08,Borrower,3-month Term SOFR,,Quarterly reset,,Term Loan Rate = 'Term SOFR for the Interest Period therefor plus the Applicable Margin'; Term SOFR = 3-month CME Term SOFR set 2 business days before each Interest Period.,"Floating rate based on 3-month SOFR, reset quarterly.",Reported,Neutral,High,03_Credit_Docs/2024-05-21_CHRS_EX10-28_Loan-Agreement-2024-05-08.pdf,EX-10.28,Sec. 2.3(a)(i),https://www.sec.gov/Archives/edgar/data/1512762/000155837024008542/chrs-20240508xex10d1.htm,
"Coherus Oncology, Inc. (f/k/a Coherus BioSciences, Inc.)",CHRS,2024 Loan Agreement (Term Loan due 2029),Economics,Economics,Applicable margin,def. 'Applicable Margin',2024-05-08,Borrower,8.00,Percent per annum,,,'Applicable Margin' = 'a rate per annum equal to eight percent (8.00%)'. All-in coupon = 3-month Term SOFR + 8.00% (~12% all-in at recent SOFR).,"Margin is a fixed 8.00% over SOFR, i.e., roughly 12% all-in currently.",Reported,Neutral,High,01_Filings/10K/2026-03-09_CHRS_10K_FY2025.pdf,10-K,Note 8 / Sec.13.1,https://www.sec.gov/Archives/edgar/data/1512762/000110465926025308/chrs-20251231x10k.htm,10-K discloses coupon as '8.0% plus a three-month SOFR rate'; ~12.0% all-in.
"Coherus Oncology, Inc. (f/k/a Coherus BioSciences, Inc.)",CHRS,2024 Loan Agreement (Term Loan due 2029),Economics,Economics,SOFR floor,def. 'Floor',2024-05-08,Borrower,1.00,Percent per annum,,,"'Floor' = 1.00% per annum, defined and applied within the Benchmark Replacement mechanics; the base Term Loan Rate definition does not restate a floor. FY2025 10-K does not restate a floor for the 2029 loan.",A 1.00% SOFR floor is defined but non-binding today since SOFR is well above 1%.,Reported,Neutral,Medium,03_Credit_Docs/2024-05-21_CHRS_EX10-28_Loan-Agreement-2024-05-08.pdf,EX-10.28,Sec.13.1 def.,https://www.sec.gov/Archives/edgar/data/1512762/000155837024008542/chrs-20240508xex10d1.htm,"Ambiguity flagged: floor appears in benchmark-replacement language, not the primary coupon. Non-binding at current rates."
"Coherus Oncology, Inc. (f/k/a Coherus BioSciences, Inc.)",CHRS,2024 Loan Agreement (Term Loan due 2029),Economics,Economics,Cash interest rate,Sec. 2.3(a),2024-05-08,Borrower,SOFR + 8.00% (all cash),Percent per annum,Quarterly in arrears,,Interest payable quarterly in arrears; entirely cash-pay. No PIK option in Section 2.,All interest is paid in cash quarterly; nothing is capitalized.,Reported,Positive,High,03_Credit_Docs/2024-05-21_CHRS_EX10-28_Loan-Agreement-2024-05-08.pdf,EX-10.28,Sec. 2.3(a),https://www.sec.gov/Archives/edgar/data/1512762/000155837024008542/chrs-20240508xex10d1.htm,Cash-pay (vs. PIK) is lender-favorable for a pre-profit biotech.
"Coherus Oncology, Inc. (f/k/a Coherus BioSciences, Inc.)",CHRS,2024 Loan Agreement (Term Loan due 2029),Economics,Economics,PIK interest rate,Sec. 2.3,2024-05-08,Borrower,None,,,,No payment-in-kind interest provision.,No PIK toggle; interest cannot be deferred into principal.,Reported,Positive,Medium,03_Credit_Docs/2024-05-21_CHRS_EX10-28_Loan-Agreement-2024-05-08.pdf,EX-10.28,Sec. 2.3,https://www.sec.gov/Archives/edgar/data/1512762/000155837024008542/chrs-20240508xex10d1.htm,
"Coherus Oncology, Inc. (f/k/a Coherus BioSciences, Inc.)",CHRS,2024 Loan Agreement (Term Loan due 2029),Economics,Economics,Default interest,Sec. 2.3(b),2024-05-08,Borrower,+4.00 (above applicable rate),Percent per annum,,,"Default Rate = 'four percentage points (4.00%) above the rate that is otherwise applicable', payable in cash on demand.","On default, interest jumps 4 points, payable in cash on demand.",Reported,Positive,Medium,03_Credit_Docs/2024-05-21_CHRS_EX10-28_Loan-Agreement-2024-05-08.pdf,EX-10.28,Sec. 2.3(b),https://www.sec.gov/Archives/edgar/data/1512762/000155837024008542/chrs-20240508xex10d1.htm,
"Coherus Oncology, Inc. (f/k/a Coherus BioSciences, Inc.)",CHRS,2024 Loan Agreement (Term Loan due 2029),Economics,Economics,Commitment / unused fee,Sec. 2.4,2024-05-08,Borrower,None,,,,"No undrawn/commitment fee (single-draw, fully funded).",No unused-line fee.,Reported,Neutral,Low,03_Credit_Docs/2024-05-21_CHRS_EX10-28_Loan-Agreement-2024-05-08.pdf,EX-10.28,Sec. 2.4,https://www.sec.gov/Archives/edgar/data/1512762/000155837024008542/chrs-20240508xex10d1.htm,
"Coherus Oncology, Inc. (f/k/a Coherus BioSciences, Inc.)",CHRS,2024 Loan Agreement (Term Loan due 2029),Economics,Economics,Upfront / OID (Additional Consideration),Sec. 2.7,2024-05-08,Borrower,3.00,Percent of commitment,,,"'Additional Consideration' = Commitment x 0.03 (3.00%), fully earned, non-refundable, 'treated as original issue discount', deducted from loan proceeds at funding.","A 3% original issue discount is netted from funding (~$1.2M), so Coherus received ~$37.5M on a ~$38.7M loan.",Reported,Neutral,Medium,03_Credit_Docs/2024-05-21_CHRS_EX10-28_Loan-Agreement-2024-05-08.pdf,EX-10.28,Sec. 2.7,https://www.sec.gov/Archives/edgar/data/1512762/000155837024008542/chrs-20240508xex10d1.htm,
"Coherus Oncology, Inc. (f/k/a Coherus BioSciences, Inc.)",CHRS,2024 Loan Agreement (Term Loan due 2029),Economics,Economics,Other fees (Fee Letters),Sec. 2.4; def. 'Fee Letters',2024-05-08,Borrower,Not disclosed [***],,,,Agent and lender fees payable per separate Barings Fee Letter and Agent/Agency Fee Letter; amounts not in the public filing.,Additional agent/lender fees exist in side letters but the dollar amounts are not public.,Reported,Neutral,Low,03_Credit_Docs/2024-05-21_CHRS_EX10-28_Loan-Agreement-2024-05-08.pdf,EX-10.28,Sec. 2.4,https://www.sec.gov/Archives/edgar/data/1512762/000155837024008542/chrs-20240508xex10d1.htm,Not calculable from public information.
"Coherus Oncology, Inc. (f/k/a Coherus BioSciences, Inc.)",CHRS,2024 Loan Agreement (Term Loan due 2029),Economics,Economics,Exit / final payment fee,Sec. 2.4,2024-05-08,Borrower,None identified,,,,No 'Final Payment' or exit-fee term defined in the Loan Agreement; any such economics would reside in Fee Letters (not public).,No exit fee is stated in the agreement itself.,Reported,Neutral,Low,03_Credit_Docs/2024-05-21_CHRS_EX10-28_Loan-Agreement-2024-05-08.pdf,EX-10.28,Sec. 2.4,https://www.sec.gov/Archives/edgar/data/1512762/000155837024008542/chrs-20240508xex10d1.htm,
"Coherus Oncology, Inc. (f/k/a Coherus BioSciences, Inc.)",CHRS,2024 Loan Agreement (Term Loan due 2029),Economics,Economics,Prepayment premium,def. 'Prepayment Premium'; Sec. 2.2,2024-05-08,Borrower,10% yr1-2; 5% yr2-3; 0% after yr3,Percent of principal prepaid,,,"Prepayment Premium = principal prepaid x 10% (on/after 1st before 2nd anniversary), 5% (2nd-3rd), 0% (after 3rd). None due on principal paid at scheduled maturity.","Early payoff costs 10% in year 2, 5% in year 3, nothing after year 3 or at maturity.",Reported,Positive,Medium,03_Credit_Docs/2024-05-21_CHRS_EX10-28_Loan-Agreement-2024-05-08.pdf,EX-10.28,Sec.13.1 / 2.2,https://www.sec.gov/Archives/edgar/data/1512762/000155837024008542/chrs-20240508xex10d1.htm,Confirmed in FY2025 10-K.
"Coherus Oncology, Inc. (f/k/a Coherus BioSciences, Inc.)",CHRS,2024 Loan Agreement (Term Loan due 2029),Economics,Economics,Make-whole provision,"def. 'Makewhole Amount'; Sec. 2.2(e), 8.6",2024-05-08,Borrower,Interest to 1st anniversary,USD,,,Makewhole Amount (prepayment/acceleration before 1st anniversary) = 'all interest that would have accrued and been payable ... through the 1st anniversary' on the prepaid principal; due on acceleration as liquidated damages.,Paying off in the first year requires making the lenders whole for a full year of interest; the 1st anniversary (May 2025) has now passed.,Reported,Positive,Medium,03_Credit_Docs/2024-05-21_CHRS_EX10-28_Loan-Agreement-2024-05-08.pdf,EX-10.28,Sec. 2.2(e)/8.6,https://www.sec.gov/Archives/edgar/data/1512762/000155837024008542/chrs-20240508xex10d1.htm,Make-whole window expired 2025-05-08; only the step-down premium now applies.
"Coherus Oncology, Inc. (f/k/a Coherus BioSciences, Inc.)",CHRS,2024 Loan Agreement (Term Loan due 2029),Economics,Economics,Interest payment dates,def. 'Interest Date',2024-05-08,Borrower,Last day of each calendar quarter,,Quarterly,,'Interest Date' = last day of each calendar quarter; interest paid quarterly in arrears; Interest Period is 3 months from the Closing Date.,Interest is due at the end of each calendar quarter.,Reported,Neutral,Low,03_Credit_Docs/2024-05-21_CHRS_EX10-28_Loan-Agreement-2024-05-08.pdf,EX-10.28,Sec.13.1 def.,https://www.sec.gov/Archives/edgar/data/1512762/000155837024008542/chrs-20240508xex10d1.htm,
"Coherus Oncology, Inc. (f/k/a Coherus BioSciences, Inc.)",CHRS,2024 Loan Agreement (Term Loan due 2029),Economics,Economics,Day-count convention,Sec. 2.3(c),2024-05-08,Borrower,Actual/360,,,,Interest 'computed on the basis of a year of 360 days and the actual number of days elapsed'.,Interest accrues on an actual/360 basis (slightly higher effective yield).,Reported,Neutral,Low,03_Credit_Docs/2024-05-21_CHRS_EX10-28_Loan-Agreement-2024-05-08.pdf,EX-10.28,Sec. 2.3(c),https://www.sec.gov/Archives/edgar/data/1512762/000155837024008542/chrs-20240508xex10d1.htm,
"Coherus Oncology, Inc. (f/k/a Coherus BioSciences, Inc.)",CHRS,2024 Loan Agreement (Term Loan due 2029),Economics,Economics,Original issue discount (OID),Sec. 2.7,2024-05-08,Borrower,3.00,Percent,,,"3.00% OID via 'Additional Consideration', deducted at funding and treated as OID; ~$1.6M unamortized discount at 12/31/2025.",The 3% discount accretes into interest expense over the loan's life.,Reported,Neutral,Low,01_Filings/10K/2026-03-09_CHRS_10K_FY2025.pdf,10-K,Note 8,https://www.sec.gov/Archives/edgar/data/1512762/000110465926025308/chrs-20251231x10k.htm,
"Coherus Oncology, Inc. (f/k/a Coherus BioSciences, Inc.)",CHRS,2024 Loan Agreement (Term Loan due 2029),Economics,Current Status,Outstanding principal (current),Note 8,2026-03-31,Borrower,"38,660,000",USD,Quarterly reported,,"Stated principal $38,660K at 3/31/2026 (net carrying value $37,147K); flat since inception, interest-only, no paydowns.","As of Q1 2026 the loan is still ~$38.7M outstanding, unchanged.",Reported,Neutral,High,01_Filings/10Q/2026-05-11_CHRS_10Q_Q1-2026.pdf,10-Q,Note 8 - Debt,https://www.sec.gov/Archives/edgar/data/1512762/000110465926058703/chrs-20260331x10q.htm,
"Coherus Oncology, Inc. (f/k/a Coherus BioSciences, Inc.)",CHRS,2024 Loan Agreement (Term Loan due 2029),Economics,Current Status,All-in effective rate (current),Note 8,2025-12-31,Borrower,~12.0,Percent per annum,,,Effective all-in rate ~12.0% (Q4 2025); FY2025 interest expense $5.1M on the 2029 Term Loan.,The loan currently costs roughly 12% per year.,Reported,Neutral,Medium,01_Filings/10K/2026-03-09_CHRS_10K_FY2025.pdf,10-K,Note 8,https://www.sec.gov/Archives/edgar/data/1512762/000110465926025308/chrs-20251231x10k.htm,
"Coherus Oncology, Inc. (f/k/a Coherus BioSciences, Inc.)",CHRS,2024 Loan Agreement (Term Loan due 2029),Collateral,Collateral & Guarantees,Collateral description (blanket lien),Sec. 5.12(a); def. 'Collateral',2024-05-08,Credit Parties,,,,,"First-priority security interest in 'all of such Credit Party's ... properties and assets constituting Collateral, whether now existing or hereafter acquired' (subject to Permitted Liens); enumerated grant in the redacted Guaranty and Security Agreement (Exhibit C).",The lenders hold a blanket first-priority lien on substantially all assets of the borrower and guarantors.,Reported,Positive,Critical,03_Credit_Docs/2024-05-21_CHRS_EX10-28_Loan-Agreement-2024-05-08.pdf,EX-10.28,Sec. 5.12(a),https://www.sec.gov/Archives/edgar/data/1512762/000155837024008542/chrs-20240508xex10d1.htm,Security Agreement (Exhibit C) fully redacted [***]; exact enumerated Collateral/Excluded Property list not public.
"Coherus Oncology, Inc. (f/k/a Coherus BioSciences, Inc.)",CHRS,2024 Loan Agreement (Term Loan due 2029),Collateral,Collateral & Guarantees,Intellectual-property collateral,Sec. 5.7; def. 'Intellectual Property',2024-05-08,Credit Parties,,,,,"IP is collateral, perfected via a separate Intellectual Property Security Agreement (a 'Collateral Document'); covers patents, trademarks, copyrights, trade secrets, software, domain names; patent assignments recorded with USPTO. Covenant to maintain rights to commercialize UDENYCA and LOQTORZI.","The lenders' lien reaches Coherus's IP (patents/trademarks), recorded at the USPTO.",Reported,Positive,High,03_Credit_Docs/2024-05-21_CHRS_EX10-28_Loan-Agreement-2024-05-08.pdf,EX-10.28,Sec. 5.7,https://www.sec.gov/Archives/edgar/data/1512762/000155837024008542/chrs-20240508xex10d1.htm,
"Coherus Oncology, Inc. (f/k/a Coherus BioSciences, Inc.)",CHRS,2024 Loan Agreement (Term Loan due 2029),Collateral,Collateral & Guarantees,Equity pledges,"Sec. 5.12(a),(d)",2024-05-08,Credit Parties,100% (65% voting foreign-sub cap),Percent,,,Pledge of all Equity Interests (other than Excluded Equity Interests) in each Subsidiary (other than Excluded Subsidiaries); foreign subs capped at 65% voting / 100% non-voting only where a full pledge triggers a Sec. 956 adverse tax consequence.,Subsidiary stock is pledged; foreign subs get the customary 65% voting cap only for tax reasons.,Reported,Positive,Medium,03_Credit_Docs/2024-05-21_CHRS_EX10-28_Loan-Agreement-2024-05-08.pdf,EX-10.28,Sec. 5.12,https://www.sec.gov/Archives/edgar/data/1512762/000155837024008542/chrs-20240508xex10d1.htm,
"Coherus Oncology, Inc. (f/k/a Coherus BioSciences, Inc.)",CHRS,2024 Loan Agreement (Term Loan due 2029),Collateral,Collateral & Guarantees,Deposit-account control (DACA),Sec. 5.5,2024-05-08,Credit Parties,Control agreements required,,,30-45 days,"Control Agreement required for each Collateral Account within 30 days of opening (45 days post-closing for existing accounts, per Sec. 5.5; Sec. 5.14(b) states 30 days - internal inconsistency flagged); non-terminable without agent consent.","Bank accounts must be under lender control agreements, giving lenders the ability to sweep cash on default.",Reported,Positive,High,03_Credit_Docs/2024-05-21_CHRS_EX10-28_Loan-Agreement-2024-05-08.pdf,EX-10.28,Sec. 5.5,https://www.sec.gov/Archives/edgar/data/1512762/000155837024008542/chrs-20240508xex10d1.htm,"Conflicting cure windows (30 vs 45 days) between Sec.5.5 and Sec.5.14(b) - flagged, not resolved silently."
"Coherus Oncology, Inc. (f/k/a Coherus BioSciences, Inc.)",CHRS,2024 Loan Agreement (Term Loan due 2029),Collateral,Collateral & Guarantees,Excluded accounts,Sec. 5.5; def. 'Excluded Accounts',2024-05-08,Credit Parties,"750,000 (aggregate cap on designated accounts)",USD,,,"Excluded Accounts = payroll/benefits, zero-balance (swept daily), escrow/fiduciary, merchant, legally-restricted, third-party cash-collateral accounts, plus any officer-designated accounts whose aggregate balance never exceeds $750,000.",Small/operational accounts are carved out of control; catch-all designated accounts capped at $750K total.,Reported,Neutral,Low,03_Credit_Docs/2024-05-21_CHRS_EX10-28_Loan-Agreement-2024-05-08.pdf,EX-10.28,Sec. 5.5,https://www.sec.gov/Archives/edgar/data/1512762/000155837024008542/chrs-20240508xex10d1.htm,Relevant to minimum-liquidity: only unrestricted cash in Collateral Accounts counts toward the covenant.
"Coherus Oncology, Inc. (f/k/a Coherus BioSciences, Inc.)",CHRS,2024 Loan Agreement (Term Loan due 2029),Collateral,Collateral & Guarantees,Excluded assets / property,def. 'Excluded Property',2024-05-08,Credit Parties,Not disclosed [***],,,,"'Excluded Property' has the meaning in the Security Agreement (Exhibit C), which is redacted; full enumerated list not public. Related carve-outs (Excluded Accounts, Excluded Equity Interests, Excluded Subsidiaries) are in the Loan Agreement.","There is an excluded-property list, but the details are blacked out in the public filing.",Reported,Neutral,Medium,03_Credit_Docs/2024-05-21_CHRS_EX10-28_Loan-Agreement-2024-05-08.pdf,EX-10.28,Exhibit C [***],https://www.sec.gov/Archives/edgar/data/1512762/000155837024008542/chrs-20240508xex10d1.htm,Not fully calculable from public information.
"Coherus Oncology, Inc. (f/k/a Coherus BioSciences, Inc.)",CHRS,2024 Loan Agreement (Term Loan due 2029),Guarantee,Collateral & Guarantees,Guarantors / Credit Parties,Preamble; Sec. 5.12,2024-05-08,"Coherus Intermediate Corp., Intekrin Therapeutics Inc., Surface Oncology, LLC, and Coherus Oncology Supportive Care LLC",,,,,"Guaranty via the Guaranty and Security Agreement by the four named Credit Party guarantors; the covenant (Sec. 5.12) also requires each future Subsidiary other than Excluded Subsidiaries to guarantee and grant collateral, and new subs to join within 45 days (Sec. 5.13).","The four named guarantors (Coherus Intermediate Corp., Intekrin Therapeutics Inc., Surface Oncology, LLC, and Coherus Oncology Supportive Care LLC) guarantee the loan and pledge assets; the covenant sweeps future subsidiaries in within 45 days.",Reported,Positive,High,03_Credit_Docs/2024-05-21_CHRS_EX10-28_Loan-Agreement-2024-05-08.pdf,EX-10.28,Preamble / Sec. 5.12,https://www.sec.gov/Archives/edgar/data/1512762/000155837024008542/chrs-20240508xex10d1.htm,Surface Oncology is the sole significant subsidiary per FY2025 10-K Ex-21.1.
"Coherus Oncology, Inc. (f/k/a Coherus BioSciences, Inc.)",CHRS,2024 Loan Agreement (Term Loan due 2029),Guarantee,Collateral & Guarantees,Excluded subsidiaries,def. 'Excluded Subsidiaries',2024-05-08,Coherus Immunology LLC; subs with assets < $2M,"2,000,000 (asset threshold)",USD,,,"Excluded Subsidiaries = subs where lien/pledge legally prohibited or requires unobtained consent; non-wholly-owned subs where prohibited; subs with aggregate asset FMV < $2,000,000; Coherus Immunology LLC (named, no assets at closing); or mutually-agreed excessive-cost subs.",Immaterial subsidiaries (under $2M assets) and legally-restricted subs need not guarantee.,Reported,Neutral,Medium,03_Credit_Docs/2024-05-21_CHRS_EX10-28_Loan-Agreement-2024-05-08.pdf,EX-10.28,Sec.13.1 def.,https://www.sec.gov/Archives/edgar/data/1512762/000155837024008542/chrs-20240508xex10d1.htm,
"Coherus Oncology, Inc. (f/k/a Coherus BioSciences, Inc.)",CHRS,2024 Loan Agreement (Term Loan due 2029),Guarantee,Collateral & Guarantees,Guarantee limitations / savings clause,Guaranty & Security Agreement (Exhibit C),2024-05-08,Guarantors,Not disclosed [***],,,,Fraudulent-conveyance savings clause resides in the redacted Guaranty and Security Agreement; not extractable from the public filing.,A standard fraudulent-transfer cap on guarantees is expected but the text is not public.,Reported,Neutral,Low,03_Credit_Docs/2024-05-21_CHRS_EX10-28_Loan-Agreement-2024-05-08.pdf,EX-10.28,Exhibit C [***],https://www.sec.gov/Archives/edgar/data/1512762/000155837024008542/chrs-20240508xex10d1.htm,Not calculable from public information.
"Coherus Oncology, Inc. (f/k/a Coherus BioSciences, Inc.)",CHRS,2024 Loan Agreement (Term Loan due 2029),Collateral,Collateral & Guarantees,Perfection requirements,"Sec. 5.11, 5.12, 5.14, 5.18",2024-05-08,Credit Parties,"Real estate mortgage if FMV > $1,000,000",USD,,30-60 days,"Perfection by UCC filings, deposit-account control agreements, IP Security Agreement (USPTO recordation), certificated-equity delivery; post-closing items on Schedule 5.14 within 30 days; real property > $1M mortgaged within 60 days.","Lenders perfect through UCC filings, account control, IP recordation and stock delivery, with short post-closing deadlines.",Reported,Positive,Medium,03_Credit_Docs/2024-05-21_CHRS_EX10-28_Loan-Agreement-2024-05-08.pdf,EX-10.28,Sec. 5.11-5.18,https://www.sec.gov/Archives/edgar/data/1512762/000155837024008542/chrs-20240508xex10d1.htm,
"Coherus Oncology, Inc. (f/k/a Coherus BioSciences, Inc.)",CHRS,2024 Loan Agreement (Term Loan due 2029),Collateral,Collateral & Guarantees,Release provisions,Sec. 12.8,2024-05-08,Credit Parties,,,,,"Liens/guarantees released on payment in full, on permitted dispositions (other than to a Credit Party), with Required-Lender consent, or when a Person ceases to be a Subsidiary via a permitted transaction; agent may subordinate to specified Permitted Liens.",Collateral is released when the loan is repaid or assets are sold in permitted deals - normal mechanics.,Reported,Neutral,Medium,03_Credit_Docs/2024-05-21_CHRS_EX10-28_Loan-Agreement-2024-05-08.pdf,EX-10.28,Sec. 12.8,https://www.sec.gov/Archives/edgar/data/1512762/000155837024008542/chrs-20240508xex10d1.htm,
"Coherus Oncology, Inc. (f/k/a Coherus BioSciences, Inc.)",CHRS,2024 Loan Agreement (Term Loan due 2029),Collateral,Collateral & Guarantees,Priority / lien ranking,Sec. 5.12(a); def. 'Intercreditor Agreement',2024-05-08,Collateral Agent (senior),First-priority,,,,"Facility is secured by a first-priority perfected lien; Intercreditor Agreement dated the Closing Date names the Collateral Agent as 'senior agent' and Coduet Royalty Holdings, LLC as purchaser.",The term lenders are first in line (senior); the royalty buyer (Coduet) is junior to them.,Reported,Positive,Critical,03_Credit_Docs/2024-05-21_CHRS_EX10-28_Loan-Agreement-2024-05-08.pdf,EX-10.28,Sec. 5.12(a),https://www.sec.gov/Archives/edgar/data/1512762/000155837024008542/chrs-20240508xex10d1.htm,
"Coherus Oncology, Inc. (f/k/a Coherus BioSciences, Inc.)",CHRS,2024 Loan Agreement (Term Loan due 2029),Collateral,Collateral & Guarantees,Intercreditor arrangement (vs. Coduet),def. 'Intercreditor Agreement'; RPRPSA Sec. 11.13,2024-05-08,"Collateral Agent / Coduet Royalty Holdings, LLC",,,,,"Intercreditor Agreement between Ankura (senior agent) and Coduet (royalty purchaser) governs priority; RPRPSA states the royalty buyer's lien and remedies are 'subject to the provisions of the Intercreditor Agreement', which 'shall govern and control'.",A signed intercreditor agreement subordinates the Coduet royalty claim to the term loan.,Reported,Positive,High,03_Credit_Docs/2024-05-21_CHRS_EX10-28_Loan-Agreement-2024-05-08.pdf,EX-10.28,Intercreditor Agmt,https://www.sec.gov/Archives/edgar/data/1512762/000155837024008542/chrs-20240508xex10d1.htm,Intercreditor Agreement itself not in the public exhibit set; terms summarized from cross-references.
"Coherus Oncology, Inc. (f/k/a Coherus BioSciences, Inc.)",CHRS,2024 Loan Agreement (Term Loan due 2029),Financial Covenant,Financial Covenants,Minimum Liquidity,Sec. 6.16; def. 'Liquidity',2024-05-08,Credit Parties and Subsidiaries,"15,000,000",USD,Continuous (maintenance),None identified,"Shall not 'permit Liquidity to be less than $15,000,000' from and after the Closing Date. 'Liquidity' = unrestricted cash and Cash Equivalents of the Credit Parties and Subsidiaries held in any Collateral Accounts. Breach is an Event of Default under Sec. 7.2(a)(ii) with no identified cure period.",Coherus must keep at least $15M of unrestricted cash in controlled Collateral Accounts at all times; falling below is a covenant breach with no identified cure period. This is the ONLY financial maintenance covenant.,Reported,Positive,Critical,03_Credit_Docs/2024-05-21_CHRS_EX10-28_Loan-Agreement-2024-05-08.pdf,EX-10.28,Sec. 6.16,https://www.sec.gov/Archives/edgar/data/1512762/000155837024008542/chrs-20240508xex10d1.htm,Covenant counts only unrestricted cash in Collateral Accounts - a narrower measure than total reported cash. In compliance through 3/31/2026.
"Coherus Oncology, Inc. (f/k/a Coherus BioSciences, Inc.)",CHRS,2024 Loan Agreement (Term Loan due 2029),Financial Covenant,Financial Covenants,Absence of leverage/coverage/revenue tests,Sec. 6,2024-05-08,n/a,None,,,,"No leverage ratio, interest/fixed-charge coverage, minimum revenue, minimum EBITDA, or other financial ratio covenant. Minimum Liquidity is the sole financial maintenance covenant. (A positive-EBITDA / 105%-of-loan liquidity test exists only as a condition to Permitted Acquisitions, not as an ongoing covenant.)","There are no leverage, coverage, or revenue covenants - unusually light for a term loan, reflecting the small size and cash-rich borrower.",Reported,Negative,High,03_Credit_Docs/2024-05-21_CHRS_EX10-28_Loan-Agreement-2024-05-08.pdf,EX-10.28,Sec. 6,https://www.sec.gov/Archives/edgar/data/1512762/000155837024008542/chrs-20240508xex10d1.htm,Documentary weakness: a single liquidity covenant provides limited early warning of credit deterioration.
"Coherus Oncology, Inc. (f/k/a Coherus BioSciences, Inc.)",CHRS,2024 Loan Agreement (Term Loan due 2029),Financial Covenant,Current Status,Minimum Liquidity compliance,Note 8,2026-03-31,Credit Parties,In compliance (indicative headroom),USD,Quarterly disclosed,,"Company reports full compliance at 9/30/2025, 12/31/2025 and 3/31/2026; no breach or waiver disclosed. Total cash/equivalents/marketable securities $167.0M and cash alone $115.2M at 3/31/2026 vs. the $15M minimum.","Reported cash sits well above the $15M floor, but the covenant counts only unrestricted cash in controlled Collateral Accounts, so the apparent multiple-times headroom is indicative rather than a precise covenant calculation. Coherus reports it is in compliance.",Calculated,Positive,High,01_Filings/10Q/2026-05-11_CHRS_10Q_Q1-2026.pdf,10-Q,Note 8 / Liquidity,https://www.sec.gov/Archives/edgar/data/1512762/000110465926058703/chrs-20260331x10q.htm,Not all reported cash/marketable securities necessarily qualify as unrestricted cash in Collateral Accounts; headroom is indicative.
"Coherus Oncology, Inc. (f/k/a Coherus BioSciences, Inc.)",CHRS,2024 Loan Agreement (Term Loan due 2029),Reporting Covenant,Reporting,Annual audited financial statements,Sec. 5.2(a)(i),2024-05-08,Borrower,,,Annual,,Audited annual financials within 90 days of fiscal year-end (or earlier 10-K filing); report 'shall not be subject to any qualifications ... other than a going concern qualification under ASC 205-40'. EDGAR filing = deemed delivery.,Audited annuals due within 90 days; a going-concern qualification is expressly permitted (a borrower-friendly carve-out).,Reported,Neutral,Medium,03_Credit_Docs/2024-05-21_CHRS_EX10-28_Loan-Agreement-2024-05-08.pdf,EX-10.28,Sec. 5.2(a)(i),https://www.sec.gov/Archives/edgar/data/1512762/000155837024008542/chrs-20240508xex10d1.htm,Permitting a going-concern qualification weakens the audit-quality protection.
"Coherus Oncology, Inc. (f/k/a Coherus BioSciences, Inc.)",CHRS,2024 Loan Agreement (Term Loan due 2029),Reporting Covenant,Reporting,Quarterly financial statements,Sec. 5.2(a)(ii),2024-05-08,Borrower,,,Quarterly,,Unaudited quarterly financials within 45 days of quarter-end (or earlier 10-Q filing); EDGAR filing = deemed delivery.,Quarterly financials due within 45 days (satisfied by the 10-Q).,Reported,Neutral,Medium,03_Credit_Docs/2024-05-21_CHRS_EX10-28_Loan-Agreement-2024-05-08.pdf,EX-10.28,Sec. 5.2(a)(ii),https://www.sec.gov/Archives/edgar/data/1512762/000155837024008542/chrs-20240508xex10d1.htm,
"Coherus Oncology, Inc. (f/k/a Coherus BioSciences, Inc.)",CHRS,2024 Loan Agreement (Term Loan due 2029),Reporting Covenant,Reporting,Monthly reporting,Sec. 5.2,2024-05-08,Borrower,None,,,,No monthly financial reporting required.,No monthly reporting obligation.,Reported,Negative,Low,03_Credit_Docs/2024-05-21_CHRS_EX10-28_Loan-Agreement-2024-05-08.pdf,EX-10.28,Sec. 5.2,https://www.sec.gov/Archives/edgar/data/1512762/000155837024008542/chrs-20240508xex10d1.htm,
"Coherus Oncology, Inc. (f/k/a Coherus BioSciences, Inc.)",CHRS,2024 Loan Agreement (Term Loan due 2029),Reporting Covenant,Reporting,Compliance certificate,Sec. 5.2(a)(iii),2024-05-08,Borrower,,,Quarterly & annual,5 business days,Compliance Certificate with (or within 5 business days of deemed delivery of) each quarterly/annual financial delivery; signed by a Responsible Officer certifying fair presentation and no Default.,A signed compliance certificate accompanies each set of financials.,Reported,Positive,Medium,03_Credit_Docs/2024-05-21_CHRS_EX10-28_Loan-Agreement-2024-05-08.pdf,EX-10.28,Sec. 5.2(a)(iii),https://www.sec.gov/Archives/edgar/data/1512762/000155837024008542/chrs-20240508xex10d1.htm,
"Coherus Oncology, Inc. (f/k/a Coherus BioSciences, Inc.)",CHRS,2024 Loan Agreement (Term Loan due 2029),Reporting Covenant,Reporting,Budgets / projections,Sec. 5.2,2024-05-08,Borrower,None required,,,,"No annual budget, board-approved operating plan, or projections delivery covenant under Sec. 5.2.",No budget or forecast delivery requirement - a reporting gap.,Reported,Negative,Medium,03_Credit_Docs/2024-05-21_CHRS_EX10-28_Loan-Agreement-2024-05-08.pdf,EX-10.28,Sec. 5.2,https://www.sec.gov/Archives/edgar/data/1512762/000155837024008542/chrs-20240508xex10d1.htm,Absence of budget/projection reporting reduces forward visibility for lenders.
"Coherus Oncology, Inc. (f/k/a Coherus BioSciences, Inc.)",CHRS,2024 Loan Agreement (Term Loan due 2029),Reporting Covenant,Reporting,Notices of default / ERISA / MAC,Sec. 5.2(b),2024-05-08,Borrower,,,Event-driven,5 business days,"Written notice within 5 business days after a Responsible Officer's knowledge of any Default/Event of Default, ERISA Event, or Material Adverse Change.","Coherus must flag defaults, ERISA events, and material adverse changes within 5 business days.",Reported,Positive,Medium,03_Credit_Docs/2024-05-21_CHRS_EX10-28_Loan-Agreement-2024-05-08.pdf,EX-10.28,Sec. 5.2(b),https://www.sec.gov/Archives/edgar/data/1512762/000155837024008542/chrs-20240508xex10d1.htm,
"Coherus Oncology, Inc. (f/k/a Coherus BioSciences, Inc.)",CHRS,2024 Loan Agreement (Term Loan due 2029),Reporting Covenant,Reporting,Litigation / regulatory / FDA notices,Sec. 5.2(c),2024-05-08,Borrower,,,Event-driven (prompt),,"Prompt notice (deemed given via timely 8-K) of investigations/litigation exceeding Exchange Act materiality thresholds, or alleging Health Care/FDA/data-protection violations re a Specified Product that could reasonably result in a Material Adverse Change.",Material lawsuits and FDA/regulatory actions touching the products must be reported promptly.,Reported,Positive,Medium,03_Credit_Docs/2024-05-21_CHRS_EX10-28_Loan-Agreement-2024-05-08.pdf,EX-10.28,Sec. 5.2(c),https://www.sec.gov/Archives/edgar/data/1512762/000155837024008542/chrs-20240508xex10d1.htm,
"Coherus Oncology, Inc. (f/k/a Coherus BioSciences, Inc.)",CHRS,2024 Loan Agreement (Term Loan due 2029),Reporting Covenant,Reporting,Intellectual-property notices,"Sec. 5.7(c),(d)",2024-05-08,Borrower,,,Event-driven,30 days,Notify Collateral Agent of material IP challenges/proceedings; written notice within 30 days of entering any Restricted License.,Coherus must report material IP disputes and new restricted licenses.,Reported,Positive,Medium,03_Credit_Docs/2024-05-21_CHRS_EX10-28_Loan-Agreement-2024-05-08.pdf,EX-10.28,Sec. 5.7,https://www.sec.gov/Archives/edgar/data/1512762/000155837024008542/chrs-20240508xex10d1.htm,
"Coherus Oncology, Inc. (f/k/a Coherus BioSciences, Inc.)",CHRS,2024 Loan Agreement (Term Loan due 2029),Reporting Covenant,Reporting,Audit / inspection rights,Sec. 5.9,2024-05-08,Borrower,,,As requested,,"Collateral Agent has access to Collateral, books and records and may conduct audits/field exams (Sec. 5.9); IP and account information rights elsewhere.",Lenders may inspect collateral and books and conduct audits.,Reported,Positive,Low,03_Credit_Docs/2024-05-21_CHRS_EX10-28_Loan-Agreement-2024-05-08.pdf,EX-10.28,Sec. 5.9,https://www.sec.gov/Archives/edgar/data/1512762/000155837024008542/chrs-20240508xex10d1.htm,
"Coherus Oncology, Inc. (f/k/a Coherus BioSciences, Inc.)",CHRS,2024 Loan Agreement (Term Loan due 2029),Negative Covenant,Negative Covenants,Dispositions,Sec. 6.1; def. 'Permitted Transfers',2024-05-08,Credit Parties,,,,,"No Transfer of Collateral or Specified-Product Company IP except Permitted Transfers (ordinary-course inventory, obsolete equipment, intercompany between Credit Parties, Permitted CH-131 license/spin-off, general basket, and redacted clauses (r),(s),(t)).",Asset sales are restricted to defined permitted categories; some monetization baskets are blacked out.,Reported,Positive,High,03_Credit_Docs/2024-05-21_CHRS_EX10-28_Loan-Agreement-2024-05-08.pdf,EX-10.28,Sec. 6.1,https://www.sec.gov/Archives/edgar/data/1512762/000155837024008542/chrs-20240508xex10d1.htm,"Permitted Transfers clauses (r),(s),(t) redacted [***] - these interact with junior-debt redemption."
"Coherus Oncology, Inc. (f/k/a Coherus BioSciences, Inc.)",CHRS,2024 Loan Agreement (Term Loan due 2029),Negative Covenant,Negative Covenants,Additional indebtedness,Sec. 6.4; def. 'Permitted Indebtedness',2024-05-08,Credit Parties,,,,,"Only Permitted Indebtedness allowed (see baskets). Includes convertible-note capacity, capital leases, acquisition financing, contingent obligations, and general unsecured debt.",New debt is limited to enumerated permitted baskets.,Reported,Positive,High,03_Credit_Docs/2024-05-21_CHRS_EX10-28_Loan-Agreement-2024-05-08.pdf,EX-10.28,Sec. 6.4,https://www.sec.gov/Archives/edgar/data/1512762/000155837024008542/chrs-20240508xex10d1.htm,
"Coherus Oncology, Inc. (f/k/a Coherus BioSciences, Inc.)",CHRS,2024 Loan Agreement (Term Loan due 2029),Negative Covenant,Negative Covenants,Liens,"Sec. 6.5, 6.6; def. 'Permitted Liens'",2024-05-08,Credit Parties,,,,,"Only Permitted Liens (existing, tax, statutory/landlord, capex-securing, acquisition/assumed, earnest-money). Negative pledge in Sec. 6.6 with limited Permitted Negative Pledge exceptions.",Assets can't be pledged elsewhere except for narrow permitted liens; a negative-pledge protects the collateral.,Reported,Positive,High,03_Credit_Docs/2024-05-21_CHRS_EX10-28_Loan-Agreement-2024-05-08.pdf,EX-10.28,Sec. 6.5-6.6,https://www.sec.gov/Archives/edgar/data/1512762/000155837024008542/chrs-20240508xex10d1.htm,
"Coherus Oncology, Inc. (f/k/a Coherus BioSciences, Inc.)",CHRS,2024 Loan Agreement (Term Loan due 2029),Negative Covenant,Negative Covenants,Investments / acquisitions,"Sec. 6.3, 6.8; def. 'Permitted Acquisition/Investment'",2024-05-08,Credit Parties,,,,,"No mergers/acquisitions/investments except Permitted Acquisitions and Permitted Investments; Permitted Acquisition requires no Default, related business, collateral joinder, and either target positive trailing-4-qtr EBITDA or pro forma Liquidity >= 105% of outstanding Term Loans for 12 months plus board approval.","M&A and investments are gated by baskets and, for acquisitions, a profitability or 105%-liquidity test.",Reported,Positive,Medium,03_Credit_Docs/2024-05-21_CHRS_EX10-28_Loan-Agreement-2024-05-08.pdf,EX-10.28,Sec. 6.3/6.8,https://www.sec.gov/Archives/edgar/data/1512762/000155837024008542/chrs-20240508xex10d1.htm,
"Coherus Oncology, Inc. (f/k/a Coherus BioSciences, Inc.)",CHRS,2024 Loan Agreement (Term Loan due 2029),Negative Covenant,Negative Covenants,Restricted payments / dividends,Sec. 6.8; def. 'Permitted Distributions',2024-05-08,Credit Parties,,,,,"No dividends/redemptions except Permitted Distributions (e.g., employee equity repurchases capped at $2.5M/year plus key-man insurance proceeds).",Cash dividends are effectively blocked; only small employee-equity buybacks are allowed.,Reported,Positive,High,03_Credit_Docs/2024-05-21_CHRS_EX10-28_Loan-Agreement-2024-05-08.pdf,EX-10.28,Sec. 6.8,https://www.sec.gov/Archives/edgar/data/1512762/000155837024008542/chrs-20240508xex10d1.htm,
"Coherus Oncology, Inc. (f/k/a Coherus BioSciences, Inc.)",CHRS,2024 Loan Agreement (Term Loan due 2029),Negative Covenant,Negative Covenants,Prepayment of junior / convertible debt,Sec. 6.10,2024-05-08,Credit Parties,,,,,"No cash prepayment/redemption of 2026 Convertible Notes or Permitted Convertible Indebtedness until Obligations paid in full, except with equity/convertible proceeds or certain Permitted Transfer proceeds; scheduled interest and fractional-share cash carved out. Certain triggers redacted.","Coherus generally can't use cash to retire the convertibles ahead of the term loan, with carve-outs for equity/asset-sale proceeds.",Reported,Positive,High,03_Credit_Docs/2024-05-21_CHRS_EX10-28_Loan-Agreement-2024-05-08.pdf,EX-10.28,Sec. 6.10,https://www.sec.gov/Archives/edgar/data/1512762/000155837024008542/chrs-20240508xex10d1.htm,Redemption triggers partly redacted [***]; the 2026 Notes were later repaid mainly with UDENYCA sale proceeds (permitted route).
"Coherus Oncology, Inc. (f/k/a Coherus BioSciences, Inc.)",CHRS,2024 Loan Agreement (Term Loan due 2029),Negative Covenant,Negative Covenants,Affiliate transactions,Sec. 6 (general),2024-05-08,Credit Parties,,,,,Affiliate dealings restricted to arm's-length / ordinary-course terms under the negative-covenant framework and Permitted Investments limits.,Related-party deals must be arm's-length.,Reported,Neutral,Low,03_Credit_Docs/2024-05-21_CHRS_EX10-28_Loan-Agreement-2024-05-08.pdf,EX-10.28,Sec. 6,https://www.sec.gov/Archives/edgar/data/1512762/000155837024008542/chrs-20240508xex10d1.htm,
"Coherus Oncology, Inc. (f/k/a Coherus BioSciences, Inc.)",CHRS,2024 Loan Agreement (Term Loan due 2029),Negative Covenant,Negative Covenants,Fundamental changes / location of collateral,Sec. 6.2,2024-05-08,Credit Parties,"1,000,000 (collateral relocation threshold)",USD,,,"10 days' prior notice to change jurisdiction/structure/name; may not move books or Collateral > $1,000,000 FMV to new locations without 15 days' notice and a Collateral Access Agreement.",Coherus can't quietly relocate or restructure; moving material collateral needs notice and access agreements.,Reported,Positive,Medium,03_Credit_Docs/2024-05-21_CHRS_EX10-28_Loan-Agreement-2024-05-08.pdf,EX-10.28,Sec. 6.2,https://www.sec.gov/Archives/edgar/data/1512762/000155837024008542/chrs-20240508xex10d1.htm,
"Coherus Oncology, Inc. (f/k/a Coherus BioSciences, Inc.)",CHRS,2024 Loan Agreement (Term Loan due 2029),Negative Covenant,Negative Covenants,Mergers / liquidations / dissolutions,Sec. 6.3,2024-05-08,Credit Parties,,,,,"No merger, consolidation, liquidation or dissolution except intercompany (a Credit Party survives) and Permitted Acquisitions.",The company can't merge away or dissolve outside permitted intercompany or acquisition structures.,Reported,Positive,Medium,03_Credit_Docs/2024-05-21_CHRS_EX10-28_Loan-Agreement-2024-05-08.pdf,EX-10.28,Sec. 6.3,https://www.sec.gov/Archives/edgar/data/1512762/000155837024008542/chrs-20240508xex10d1.htm,
"Coherus Oncology, Inc. (f/k/a Coherus BioSciences, Inc.)",CHRS,2024 Loan Agreement (Term Loan due 2029),Negative Covenant,Negative Covenants,IP transfers / licensing,"Sec. 6.1, 6.14",2024-05-08,Credit Parties,,,,,Transfers of Specified-Product Company IP restricted to Permitted Transfers; no waiver/amendment/termination/breach of Current Company IP Agreements re a Specified Product that could materially adversely impact the product or Credit Party rights (Sec. 6.14).,Key product IP can't be transferred or its licenses gutted without tripping the covenant - central protection for a biotech collateral base.,Reported,Positive,High,03_Credit_Docs/2024-05-21_CHRS_EX10-28_Loan-Agreement-2024-05-08.pdf,EX-10.28,Sec. 6.1/6.14,https://www.sec.gov/Archives/edgar/data/1512762/000155837024008542/chrs-20240508xex10d1.htm,Product-IP licensing baskets (Permitted Transfers r/s/t) partly redacted - the main IP-leakage vector.
"Coherus Oncology, Inc. (f/k/a Coherus BioSciences, Inc.)",CHRS,2024 Loan Agreement (Term Loan due 2029),Negative Covenant,Negative Covenants,Amendments to organizational documents,Sec. 6.11,2024-05-08,Credit Parties,,,,,No amendment/waiver of Operating Documents reasonably expected to cause a Material Adverse Change.,Charter/bylaw changes that could hurt lenders are prohibited.,Reported,Neutral,Low,03_Credit_Docs/2024-05-21_CHRS_EX10-28_Loan-Agreement-2024-05-08.pdf,EX-10.28,Sec. 6.11,https://www.sec.gov/Archives/edgar/data/1512762/000155837024008542/chrs-20240508xex10d1.htm,
"Coherus Oncology, Inc. (f/k/a Coherus BioSciences, Inc.)",CHRS,2024 Loan Agreement (Term Loan due 2029),Negative Covenant,Negative Covenants,Changes in business / competitive products,Sec. 6.15,2024-05-08,Credit Parties,,,,,No knowing action reasonably expected to result in development/commercialization of a LOQTORZI Competitor or UDENYCA Competitor.,Coherus can't help create competitors to its own key products.,Reported,Positive,Low,03_Credit_Docs/2024-05-21_CHRS_EX10-28_Loan-Agreement-2024-05-08.pdf,EX-10.28,Sec. 6.15,https://www.sec.gov/Archives/edgar/data/1512762/000155837024008542/chrs-20240508xex10d1.htm,
"Coherus Oncology, Inc. (f/k/a Coherus BioSciences, Inc.)",CHRS,2024 Loan Agreement (Term Loan due 2029),Basket,Baskets,Permitted Convertible Indebtedness,def. 'Permitted Indebtedness' (t),2024-05-08,Credit Parties,"Greater of $350,000,000 or 25.0% of Market Capitalization",USD / % of market cap,,,"Convertible-debt basket = greater of $350,000,000 or 25.0% of Market Capitalization (includes the 2026 Convertible Notes). Grower = 25% of market cap.",Coherus may carry up to the greater of $350M or 25% of its market value in convertible notes.,Reported,Neutral,High,03_Credit_Docs/2024-05-21_CHRS_EX10-28_Loan-Agreement-2024-05-08.pdf,EX-10.28,Sec.13.1 def.,https://www.sec.gov/Archives/edgar/data/1512762/000155837024008542/chrs-20240508xex10d1.htm,Large relative to the ~$38.7M term loan; structurally senior term loan mitigates.
"Coherus Oncology, Inc. (f/k/a Coherus BioSciences, Inc.)",CHRS,2024 Loan Agreement (Term Loan due 2029),Basket,Baskets,Capital expenditures / capital leases,def. 'Permitted Indebtedness' (d),2024-05-08,Credit Parties,"5,000,000",USD,,,"Capex/capital-lease debt basket up to $5,000,000.",Up to $5M of equipment/lease financing allowed.,Reported,Neutral,Low,03_Credit_Docs/2024-05-21_CHRS_EX10-28_Loan-Agreement-2024-05-08.pdf,EX-10.28,Sec.13.1 def.,https://www.sec.gov/Archives/edgar/data/1512762/000155837024008542/chrs-20240508xex10d1.htm,Availability not calculable from public information (no basket usage disclosed).
"Coherus Oncology, Inc. (f/k/a Coherus BioSciences, Inc.)",CHRS,2024 Loan Agreement (Term Loan due 2029),Basket,Baskets,Subordinated / acquisition financing debt,"def. 'Permitted Indebtedness' (g),(s)",2024-05-08,Credit Parties,"5,000,000 each",USD,,,"Acquisition-financing (subordinated) basket up to $5,000,000; Subordinated Debt basket up to $5,000,000.",Two $5M buckets for acquisition and subordinated debt.,Reported,Neutral,Low,03_Credit_Docs/2024-05-21_CHRS_EX10-28_Loan-Agreement-2024-05-08.pdf,EX-10.28,Sec.13.1 def.,https://www.sec.gov/Archives/edgar/data/1512762/000155837024008542/chrs-20240508xex10d1.htm,
"Coherus Oncology, Inc. (f/k/a Coherus BioSciences, Inc.)",CHRS,2024 Loan Agreement (Term Loan due 2029),Basket,Baskets,General unsecured / contingent debt,"def. 'Permitted Indebtedness' (j),(k),(v)",2024-05-08,Credit Parties,"2,500,000 - 5,000,000",USD,,,"Contingent Obligations up to $2.5M / $5.0M; other unsecured debt up to $2,500,000.",Small buckets for miscellaneous unsecured and contingent obligations.,Reported,Neutral,Low,03_Credit_Docs/2024-05-21_CHRS_EX10-28_Loan-Agreement-2024-05-08.pdf,EX-10.28,Sec.13.1 def.,https://www.sec.gov/Archives/edgar/data/1512762/000155837024008542/chrs-20240508xex10d1.htm,
"Coherus Oncology, Inc. (f/k/a Coherus BioSciences, Inc.)",CHRS,2024 Loan Agreement (Term Loan due 2029),Basket,Baskets,Permitted Investments (general),def. 'Permitted Investments' (q),2024-05-08,Credit Parties,"2,500,000",USD,,,"General investment basket up to $2,500,000; Credit-Party-to-non-Credit-Party subsidiary investments up to $2,500,000.",Only ~$2.5M of general investments and downstreaming to non-guarantor subs is allowed.,Reported,Positive,Medium,03_Credit_Docs/2024-05-21_CHRS_EX10-28_Loan-Agreement-2024-05-08.pdf,EX-10.28,Sec.13.1 def.,https://www.sec.gov/Archives/edgar/data/1512762/000155837024008542/chrs-20240508xex10d1.htm,Tight investment baskets limit value leakage to non-guarantors.
"Coherus Oncology, Inc. (f/k/a Coherus BioSciences, Inc.)",CHRS,2024 Loan Agreement (Term Loan due 2029),Basket,Baskets,Permitted Distributions (employee repurchases),def. 'Permitted Distributions' (m),2024-05-08,Credit Parties,"2,500,000 per year (plus key-man insurance proceeds)",USD,Annual,,"Employee equity repurchases up to $2,500,000 per calendar year plus key-man insurance proceeds; no general dividend basket.",The only real restricted-payment room is ~$2.5M/year of employee stock buybacks; no dividends.,Reported,Positive,Medium,03_Credit_Docs/2024-05-21_CHRS_EX10-28_Loan-Agreement-2024-05-08.pdf,EX-10.28,Sec.13.1 def.,https://www.sec.gov/Archives/edgar/data/1512762/000155837024008542/chrs-20240508xex10d1.htm,
"Coherus Oncology, Inc. (f/k/a Coherus BioSciences, Inc.)",CHRS,2024 Loan Agreement (Term Loan due 2029),Basket,Baskets,General dispositions basket,def. 'Permitted Transfers' (q),2024-05-08,Credit Parties,"1,500,000 (aggregate FMV)",USD,,,"'Other dispositions' basket up to $1,500,000 aggregate fair market value; additional monetization baskets (r),(s),(t) redacted.",Only $1.5M of miscellaneous asset sales are freely permitted; larger product monetizations run through redacted baskets.,Reported,Neutral,Medium,03_Credit_Docs/2024-05-21_CHRS_EX10-28_Loan-Agreement-2024-05-08.pdf,EX-10.28,Sec.13.1 def.,https://www.sec.gov/Archives/edgar/data/1512762/000155837024008542/chrs-20240508xex10d1.htm,Redacted baskets (r/s/t) are the material asset/IP-monetization channels - not quantifiable from public info.
"Coherus Oncology, Inc. (f/k/a Coherus BioSciences, Inc.)",CHRS,2024 Loan Agreement (Term Loan due 2029),Mandatory Prepayment,Mandatory Prepayments,Change of control,Sec. 2.2(c)(ii),2024-05-08,Borrower,100 (full repayment),Percent,Event-driven,,"On any Change in Control, prepay in full (principal + accrued interest + Makewhole (if pre-1st anniversary) + Prepayment Premium). Non-consensual CoC: within 2 business days; consensual: contemporaneous with 10 business days' prior notice.",A change of control forces full repayment with premium - the only mandatory prepay trigger.,Reported,Positive,High,03_Credit_Docs/2024-05-21_CHRS_EX10-28_Loan-Agreement-2024-05-08.pdf,EX-10.28,Sec. 2.2(c)(ii),https://www.sec.gov/Archives/edgar/data/1512762/000155837024008542/chrs-20240508xex10d1.htm,
"Coherus Oncology, Inc. (f/k/a Coherus BioSciences, Inc.)",CHRS,2024 Loan Agreement (Term Loan due 2029),Mandatory Prepayment,Mandatory Prepayments,Asset-sale proceeds sweep,Sec. 2.2(c)(i),2024-05-08,Borrower,None,,,,'any proceeds from Permitted Transfers shall not require any prepayment of the Term Loan.' No asset-sale sweep.,Asset-sale proceeds do NOT have to pay down the loan - a significant leakage risk given Coherus's asset-monetization strategy.,Reported,Negative,Critical,03_Credit_Docs/2024-05-21_CHRS_EX10-28_Loan-Agreement-2024-05-08.pdf,EX-10.28,Sec. 2.2(c)(i),https://www.sec.gov/Archives/edgar/data/1512762/000155837024008542/chrs-20240508xex10d1.htm,Confirmed in practice: ~$483M UDENYCA sale proceeds did NOT prepay the term loan.
"Coherus Oncology, Inc. (f/k/a Coherus BioSciences, Inc.)",CHRS,2024 Loan Agreement (Term Loan due 2029),Mandatory Prepayment,Mandatory Prepayments,Insurance / condemnation proceeds,Sec. 2.2,2024-05-08,Borrower,None,,,,No mandatory prepayment from insurance or condemnation proceeds.,No insurance/casualty proceeds sweep.,Reported,Negative,Medium,03_Credit_Docs/2024-05-21_CHRS_EX10-28_Loan-Agreement-2024-05-08.pdf,EX-10.28,Sec. 2.2,https://www.sec.gov/Archives/edgar/data/1512762/000155837024008542/chrs-20240508xex10d1.htm,
"Coherus Oncology, Inc. (f/k/a Coherus BioSciences, Inc.)",CHRS,2024 Loan Agreement (Term Loan due 2029),Mandatory Prepayment,Mandatory Prepayments,Debt / equity issuance proceeds,Sec. 2.2,2024-05-08,Borrower,None,,,,No mandatory prepayment from debt or equity issuance proceeds.,New debt or equity raises don't have to pay down the loan.,Reported,Negative,Medium,03_Credit_Docs/2024-05-21_CHRS_EX10-28_Loan-Agreement-2024-05-08.pdf,EX-10.28,Sec. 2.2,https://www.sec.gov/Archives/edgar/data/1512762/000155837024008542/chrs-20240508xex10d1.htm,
"Coherus Oncology, Inc. (f/k/a Coherus BioSciences, Inc.)",CHRS,2024 Loan Agreement (Term Loan due 2029),Mandatory Prepayment,Mandatory Prepayments,Excess cash flow,Sec. 2.2,2024-05-08,Borrower,None,,,,No excess-cash-flow sweep.,No ECF sweep.,Reported,Negative,Medium,03_Credit_Docs/2024-05-21_CHRS_EX10-28_Loan-Agreement-2024-05-08.pdf,EX-10.28,Sec. 2.2,https://www.sec.gov/Archives/edgar/data/1512762/000155837024008542/chrs-20240508xex10d1.htm,
"Coherus Oncology, Inc. (f/k/a Coherus BioSciences, Inc.)",CHRS,2024 Loan Agreement (Term Loan due 2029),Mandatory Prepayment,Mandatory Prepayments,Licensing / monetization proceeds,Sec. 2.2,2024-05-08,Borrower,None,,,,No mandatory prepayment from licensing or royalty-monetization proceeds; no reinvestment framework (moot given no sweeps).,Product licensing/royalty monetizations do not have to repay the loan.,Reported,Negative,High,03_Credit_Docs/2024-05-21_CHRS_EX10-28_Loan-Agreement-2024-05-08.pdf,EX-10.28,Sec. 2.2,https://www.sec.gov/Archives/edgar/data/1512762/000155837024008542/chrs-20240508xex10d1.htm,
"Coherus Oncology, Inc. (f/k/a Coherus BioSciences, Inc.)",CHRS,2024 Loan Agreement (Term Loan due 2029),Event of Default,Events of Default,Payment default,Sec. 7.1,2024-05-08,Credit Parties,,,,3 business days (interest only); none for principal,Principal non-payment - no cure; interest/premium/other Obligations - 3 business day grace (no cure if due at maturity or on acceleration).,Missing principal is a breach with no identified cure period; interest has a 3-business-day grace.,Reported,Positive,High,03_Credit_Docs/2024-05-21_CHRS_EX10-28_Loan-Agreement-2024-05-08.pdf,EX-10.28,Sec. 7.1,https://www.sec.gov/Archives/edgar/data/1512762/000155837024008542/chrs-20240508xex10d1.htm,
"Coherus Oncology, Inc. (f/k/a Coherus BioSciences, Inc.)",CHRS,2024 Loan Agreement (Term Loan due 2029),Event of Default,Events of Default,Covenant default,Sec. 7.2,2024-05-08,Credit Parties,,,,0 days (key covenants); 20 days (other),"Breach of Sec. 5.2-5.7, 5.10, 5.12-5.14, 5.16-5.17 or any Sec. 6 covenant = no identified cure period; any other covenant = 20-day cure after knowledge or notice.",Breaching the core covenants (including minimum liquidity and the negative covenants) is a breach with no identified cure period; other covenants get a 20-day cure.,Reported,Positive,High,03_Credit_Docs/2024-05-21_CHRS_EX10-28_Loan-Agreement-2024-05-08.pdf,EX-10.28,Sec. 7.2,https://www.sec.gov/Archives/edgar/data/1512762/000155837024008542/chrs-20240508xex10d1.htm,
"Coherus Oncology, Inc. (f/k/a Coherus BioSciences, Inc.)",CHRS,2024 Loan Agreement (Term Loan due 2029),Event of Default,Events of Default,Material Adverse Change,Sec. 7.3,2024-05-08,Credit Parties,,,,None identified,A Material Adverse Change is a standalone Event of Default.,"A material adverse change alone can trigger default - a strong, subjective lender lever.",Reported,Positive,High,03_Credit_Docs/2024-05-21_CHRS_EX10-28_Loan-Agreement-2024-05-08.pdf,EX-10.28,Sec. 7.3,https://www.sec.gov/Archives/edgar/data/1512762/000155837024008542/chrs-20240508xex10d1.htm,MAC as a direct EOD (not just a rep) is notably lender-protective.
"Coherus Oncology, Inc. (f/k/a Coherus BioSciences, Inc.)",CHRS,2024 Loan Agreement (Term Loan due 2029),Event of Default,Events of Default,Attachment / levy / restraint,Sec. 7.4,2024-05-08,Credit Parties,"5,000,000",USD,,30 days,"Trustee process attaching funds > $5,000,000, or lien/levy on material Collateral, not discharged/stayed within 30 days.",Large attachments/levies not cleared within 30 days default the loan.,Reported,Positive,Medium,03_Credit_Docs/2024-05-21_CHRS_EX10-28_Loan-Agreement-2024-05-08.pdf,EX-10.28,Sec. 7.4,https://www.sec.gov/Archives/edgar/data/1512762/000155837024008542/chrs-20240508xex10d1.htm,
"Coherus Oncology, Inc. (f/k/a Coherus BioSciences, Inc.)",CHRS,2024 Loan Agreement (Term Loan due 2029),Event of Default,Events of Default,Insolvency / bankruptcy,Sec. 7.5,2024-05-08,Credit Parties,,,,60 days (involuntary); none (voluntary),Involuntary proceeding undismissed 60 days; any voluntary bankruptcy/assignment/inability to pay = no cure. Sec. 7.5 triggers automatic acceleration.,A voluntary bankruptcy filing automatically accelerates the whole loan (the agreement expressly makes acceleration automatic here).,Reported,Positive,High,03_Credit_Docs/2024-05-21_CHRS_EX10-28_Loan-Agreement-2024-05-08.pdf,EX-10.28,Sec. 7.5,https://www.sec.gov/Archives/edgar/data/1512762/000155837024008542/chrs-20240508xex10d1.htm,
"Coherus Oncology, Inc. (f/k/a Coherus BioSciences, Inc.)",CHRS,2024 Loan Agreement (Term Loan due 2029),Event of Default,Events of Default,Cross-default / cross-acceleration,Sec. 7.6,2024-05-08,Credit Parties,"5,000,000",USD,,Per underlying instrument,"Failure to pay other Indebtedness (after its grace) or acceleration by holders where the amount exceeds $5,000,000.",A payment failure or acceleration on other debt above $5M cross-defaults this loan.,Reported,Positive,Medium,03_Credit_Docs/2024-05-21_CHRS_EX10-28_Loan-Agreement-2024-05-08.pdf,EX-10.28,Sec. 7.6,https://www.sec.gov/Archives/edgar/data/1512762/000155837024008542/chrs-20240508xex10d1.htm,
"Coherus Oncology, Inc. (f/k/a Coherus BioSciences, Inc.)",CHRS,2024 Loan Agreement (Term Loan due 2029),Event of Default,Events of Default,Judgment default,Sec. 7.7,2024-05-08,Credit Parties,"5,000,000",USD,,30 days,"Final non-appealable money judgment(s) > $5,000,000 (excl. insured/indemnified) not discharged/stayed/bonded within 30 days.",Large unpaid court judgments (>$5M) default the loan.,Reported,Positive,Medium,03_Credit_Docs/2024-05-21_CHRS_EX10-28_Loan-Agreement-2024-05-08.pdf,EX-10.28,Sec. 7.7,https://www.sec.gov/Archives/edgar/data/1512762/000155837024008542/chrs-20240508xex10d1.htm,
"Coherus Oncology, Inc. (f/k/a Coherus BioSciences, Inc.)",CHRS,2024 Loan Agreement (Term Loan due 2029),Event of Default,Events of Default,Misrepresentation,Sec. 7.8,2024-05-08,Credit Parties,,,,None identified,Any representation/warranty incorrect in a material respect (any respect if MAC-qualified).,A materially false rep is a breach with no identified cure period.,Reported,Positive,Medium,03_Credit_Docs/2024-05-21_CHRS_EX10-28_Loan-Agreement-2024-05-08.pdf,EX-10.28,Sec. 7.8,https://www.sec.gov/Archives/edgar/data/1512762/000155837024008542/chrs-20240508xex10d1.htm,
"Coherus Oncology, Inc. (f/k/a Coherus BioSciences, Inc.)",CHRS,2024 Loan Agreement (Term Loan due 2029),Event of Default,Events of Default,Invalidity of guarantees or liens,Sec. 7.9,2024-05-08,Credit Parties,,,,None identified,"Any material Loan Document ceasing to be valid/enforceable, or a Collateral Document ceasing to create/maintain a first-priority perfected security interest in material Collateral.","If the guarantees or first-priority liens fail, that itself defaults the loan.",Reported,Positive,Medium,03_Credit_Docs/2024-05-21_CHRS_EX10-28_Loan-Agreement-2024-05-08.pdf,EX-10.28,Sec. 7.9,https://www.sec.gov/Archives/edgar/data/1512762/000155837024008542/chrs-20240508xex10d1.htm,
"Coherus Oncology, Inc. (f/k/a Coherus BioSciences, Inc.)",CHRS,2024 Loan Agreement (Term Loan due 2029),Event of Default,Events of Default,ERISA event,Sec. 7.10,2024-05-08,Credit Parties,,,,None identified,ERISA Event resulting or reasonably expected to result in a Material Adverse Change or a Sec. 303(k) Lien on Collateral.,Serious pension/ERISA problems can default the loan.,Reported,Neutral,Low,03_Credit_Docs/2024-05-21_CHRS_EX10-28_Loan-Agreement-2024-05-08.pdf,EX-10.28,Sec. 7.10,https://www.sec.gov/Archives/edgar/data/1512762/000155837024008542/chrs-20240508xex10d1.htm,
"Coherus Oncology, Inc. (f/k/a Coherus BioSciences, Inc.)",CHRS,2024 Loan Agreement (Term Loan due 2029),Event of Default,Events of Default,Acceleration & enforcement rights,"Sec. 8.1, 8.3",2024-05-08,Collateral Agent / Lenders,,,,,"On EoD, Collateral Agent may (or at Required Lenders' direction shall), without notice, declare all Obligations due (automatic on insolvency), stop credit, set off and sweep Collateral Accounts (cash dominion), take/sell Collateral with an IP license, and exercise all Code remedies; Makewhole + Prepayment Premium due on acceleration.","On default the lenders can accelerate, seize cash in controlled accounts, and foreclose - including an operating license over the IP.",Reported,Positive,High,03_Credit_Docs/2024-05-21_CHRS_EX10-28_Loan-Agreement-2024-05-08.pdf,EX-10.28,Sec. 8.1,https://www.sec.gov/Archives/edgar/data/1512762/000155837024008542/chrs-20240508xex10d1.htm,
"Coherus Oncology, Inc. (f/k/a Coherus BioSciences, Inc.)",CHRS,2024 Loan Agreement (Term Loan due 2029),Event of Default,Current Status,No default / no waiver (current),Note 8,2026-03-31,Credit Parties,No default,,,,"No Event of Default on the 2029 Term Loan at 9/30/2025, 12/31/2025 or 3/31/2026; no amendments or waivers to the 2029 Loan Agreement disclosed.",The loan is performing with no defaults or waivers to date.,Reported,Positive,High,01_Filings/10Q/2026-05-11_CHRS_10Q_Q1-2026.pdf,10-Q,Note 8,https://www.sec.gov/Archives/edgar/data/1512762/000110465926058703/chrs-20260331x10q.htm,
"Coherus Oncology, Inc. (f/k/a Coherus BioSciences, Inc.)",CHRS,Revenue Participation Right Purchase and Sale Agreement,Facility Term,Revenue Participation,Revenue Participation Right (what is sold),RPRPSA Sec. 1.1,2024-05-08,"Coherus (Seller) / Coduet Royalty Holdings, LLC (Buyer)",,,,,"Sale of the right to receive the Revenue Percentage of U.S. Net Sales of UDENYCA (pegfilgrastim-cbqv) and LOQTORZI (toripalimab-tpzi); Coduet Royalty Holdings, LLC as Buyer Representative (Barings-managed); Ankura as Paying Agent (added by Omnibus Amendment).",A SEPARATE royalty monetization: Coherus sold a slice of U.S. UDENYCA and LOQTORZI net sales to a Barings-managed buyer.,Reported,Neutral,High,03_Credit_Docs/2024-05-21_CHRS_EX10-29_Revenue-Participation-Right-PSA.pdf,EX-10.29,Sec. 1.1,https://www.sec.gov/Archives/edgar/data/1512762/000155837024008542/chrs-20240508xex10d2.htm,Distinct agreement from the Loan Agreement; junior to it via the Intercreditor Agreement.
"Coherus Oncology, Inc. (f/k/a Coherus BioSciences, Inc.)",CHRS,Revenue Participation Right Purchase and Sale Agreement,Economics,Revenue Participation,Upfront purchase price,RPRPSA Sec. 1.1 def. 'Purchase Price',2024-05-08,Coherus (Seller),"37,500,000",USD,,,"Purchase Price = $37,500,000 (per-product UDENYCA/LOQTORZI allocation redacted).",Coherus received $37.5M upfront for the royalty.,Reported,Neutral,High,03_Credit_Docs/2024-05-21_CHRS_EX10-29_Revenue-Participation-Right-PSA.pdf,EX-10.29,Sec. 1.1,https://www.sec.gov/Archives/edgar/data/1512762/000155837024008542/chrs-20240508xex10d2.htm,
"Coherus Oncology, Inc. (f/k/a Coherus BioSciences, Inc.)",CHRS,Revenue Participation Right Purchase and Sale Agreement,Economics,Revenue Participation,Revenue percentage (royalty rate),RPRPSA Sec. 1.1 def. 'Revenue Percentage',2024-05-08,Coherus (Seller),5.0% tier 1 / 0.5% tier 2 (UDENYCA step-up to 6.50%),Percent of U.S. Net Sales,Quarterly,,"Tiered per product per year: 5.0% on first [***] of Net Sales, 0.5% above; UDENYCA rises to 6.50% on a 'Udenyca Step-Up Event' (loss of OnBody/Sorrel supply). Tier dollar thresholds redacted.","The buyer gets 5% of U.S. net sales (0.5% above a sales cap), with a UDENYCA step-up to 6.5% if the on-body injector supply is lost.",Reported,Neutral,Medium,03_Credit_Docs/2024-05-21_CHRS_EX10-29_Revenue-Participation-Right-PSA.pdf,EX-10.29,Sec. 1.1,https://www.sec.gov/Archives/edgar/data/1512762/000155837024008542/chrs-20240508xex10d2.htm,Tier thresholds redacted [***].
"Coherus Oncology, Inc. (f/k/a Coherus BioSciences, Inc.)",CHRS,Revenue Participation Right Purchase and Sale Agreement,Economics,Revenue Participation,Payment cap (Investment Return Amount),RPRPSA Sec. 1.1,2024-05-08,Coherus (Seller),2.25x purchase price per product,Multiple,,,Investment Return Amount = 2.25 x the original Purchase Price allocated to each Product; the obligation for a product ends once the buyer collects 2.25x.,Total payout is capped at 2.25x the purchase price per product.,Reported,Neutral,Medium,03_Credit_Docs/2024-05-21_CHRS_EX10-29_Revenue-Participation-Right-PSA.pdf,EX-10.29,Sec. 1.1,https://www.sec.gov/Archives/edgar/data/1512762/000155837024008542/chrs-20240508xex10d2.htm,
"Coherus Oncology, Inc. (f/k/a Coherus BioSciences, Inc.)",CHRS,Revenue Participation Right Purchase and Sale Agreement,Facility Term,Revenue Participation,Term,RPRPSA Sec. 10.1,2024-05-08,Coherus (Seller),Until 2.25x collected (per product),,,,"Runs product-by-product from the Effective Date until the buyer receives the Investment Return Amount, then auto-terminates and Collateral reverts; no fixed calendar end.",It ends when the 2.25x cap is reached for each product - no fixed maturity date.,Reported,Neutral,Low,03_Credit_Docs/2024-05-21_CHRS_EX10-29_Revenue-Participation-Right-PSA.pdf,EX-10.29,Sec. 10.1,https://www.sec.gov/Archives/edgar/data/1512762/000155837024008542/chrs-20240508xex10d2.htm,
"Coherus Oncology, Inc. (f/k/a Coherus BioSciences, Inc.)",CHRS,Revenue Participation Right Purchase and Sale Agreement,Collateral,Revenue Participation,Security & priority (junior),"RPRPSA Sec. 2.3, 11.13; Omnibus",2024-05-08,Coherus (Seller),Junior to term loan,,,,Structured as a true sale with a back-up security interest in the Revenue Participation Right and Revenue Payments; Omnibus Amendment added a Paying Agent security interest over the Collection Account; lien/remedies subject to the Intercreditor Agreement (junior to the term loan).,The royalty is a 'true sale' but backed by liens that sit behind the term lenders.,Reported,Neutral,Medium,03_Credit_Docs/2024-05-21_CHRS_EX10-29_Revenue-Participation-Right-PSA.pdf,EX-10.29,Sec. 2.3/11.13,https://www.sec.gov/Archives/edgar/data/1512762/000155837024008542/chrs-20240508xex10d2.htm,
"Coherus Oncology, Inc. (f/k/a Coherus BioSciences, Inc.)",CHRS,Revenue Participation Right Purchase and Sale Agreement,Mandatory Prepayment,Revenue Participation,Change-of-control / accelerated termination,"RPRPSA Sec. 7.3(d), 10.3",2024-05-08,Coherus (Seller),Purchase Price or 2.25x (Investment Return Amount),USD,Event-driven,5 business days,"On CoC to an Acceptable Assignee, pay Purchase Price less payments made; to a non-Acceptable Assignee, pay the full Investment Return Amount (2.25x) less payments. On a Material Adverse Effect or breach of specified reps, buyer may accelerate and demand the 2.25x amount.",A change of control or material adverse event can accelerate the royalty to the full 2.25x cap.,Reported,Neutral,Medium,03_Credit_Docs/2024-05-21_CHRS_EX10-29_Revenue-Participation-Right-PSA.pdf,EX-10.29,Sec. 7.3(d)/10.3,https://www.sec.gov/Archives/edgar/data/1512762/000155837024008542/chrs-20240508xex10d2.htm,Change-of-control threshold = 35% beneficial ownership (partly redacted proviso).
"Coherus Oncology, Inc. (f/k/a Coherus BioSciences, Inc.)",CHRS,Revenue Participation Right Purchase and Sale Agreement,Amendment,Revenue Participation,Omnibus Amendment to Transaction Documents,Omnibus Amendment,2024-06-25,Coherus (Seller) / Coduet / Ankura (Paying Agent),,,,,"Amends the RPRPSA and the Security and Paying Agent Agreement: adds Ankura Trust Company as Paying Agent, creates a Paying Agent Security Interest over a segregated Collection Account, defines 'Payment Date' (15th day of the 3rd month after quarter-end), and sets monthly-sweep mechanics; permanent, not a novation.","The June 2024 amendment formalized a paying-agent/lockbox structure for the royalty payments - permanent, with no economic loosening.",Reported,Neutral,Medium,03_Credit_Docs/2024-08-08_CHRS_EX10-31_Omnibus-Amendment-Transaction-Docs.pdf,EX-10.31,Omnibus Amendment,https://www.sec.gov/Archives/edgar/data/1512762/000155837024011629/chrs-20240630xex10d4.htm,"Amends the Revenue Participation documents, NOT the term Loan Agreement."
"Coherus Oncology, Inc. (f/k/a Coherus BioSciences, Inc.)",CHRS,Revenue Participation Right Purchase and Sale Agreement,Amendment,Revenue Participation,UDENYCA royalty buy-out,Note (Revenue Purchase and Sale Agreement),2025-04-15,Coherus / Coduet,"47,700,000",USD,,,"UDENYCA portion of the revenue-participation right terminated/bought out April 15, 2025 for a $47.7M payment funded from UDENYCA sale proceeds ($17,283K derecognized). LOQTORZI portion remains active (net carrying ~$14.4M at 3/31/2026).",Coherus paid $47.7M in April 2025 to buy back the UDENYCA royalty; only the LOQTORZI royalty (~$14.4M) remains.,Reported,Neutral,High,01_Filings/10K/2026-03-09_CHRS_10K_FY2025.pdf,10-K,Note - Rev. PSA,https://www.sec.gov/Archives/edgar/data/1512762/000110465926025308/chrs-20251231x10k.htm,"Modification/partial termination of the Revenue Participation Agreement, not the Loan Agreement."
"Coherus Oncology, Inc. (f/k/a Coherus BioSciences, Inc.)",CHRS,2024 Loan Agreement (Term Loan due 2029),Orion Analysis,Asset-Sale Case Study,UDENYCA divestiture (asset-sale case study),Note - Discontinued Operations,2025-04-11,Coherus / Intas Pharmaceuticals (Accord BioPharma),"483,400,000 upfront + 2 x 37,500,000 earnouts",USD,,,"UDENYCA sold to Intas Pharmaceuticals Ltd. (assets to Accord BioPharma); agreement Dec 2, 2024, closed April 11, 2025; $483.4M upfront (incl. $118.4M inventory) plus two $37.5M net-sales earnouts. Proceeds retired the 2026 Convertible Notes and funded the UDENYCA royalty buy-out - NOT the term loan.",Case study in the no-sweep design: Coherus sold UDENYCA (a key collateral product) for ~$483M plus earnouts and redeployed the cash on the convertibles and royalty buy-out rather than repaying the term loan.,Orion Analysis,Negative,Critical,01_Filings/10K/2026-03-09_CHRS_10K_FY2025.pdf,10-K,Discontinued Ops,https://www.sec.gov/Archives/edgar/data/1512762/000110465926025308/chrs-20251231x10k.htm,Reclassified as an asset-sale case study (not a Loan Agreement amendment). Demonstrates asset-sale leakage risk; LOQTORZI is now the sole commercial product.
"Coherus Oncology, Inc. (f/k/a Coherus BioSciences, Inc.)",CHRS,2024 Loan Agreement (Term Loan due 2029),Facility Term,Current Status,LOQTORZI (sole remaining product),Business / MD&A,2026-03-31,Coherus,LOQTORZI net revenue $40.8M FY2025; $11.8M Q1 2026,USD,,,"LOQTORZI (toripalimab-tpzi), FDA-approved PD-1 inhibitor, is Coherus's sole commercial product post-UDENYCA sale; U.S./Canada rights via Junshi; net revenue $40.8M FY2025, $11.8M Q1 2026 (growing).","The credit now rests on a single product, LOQTORZI, still small but growing.",Reported,Negative,High,01_Filings/10K/2026-03-09_CHRS_10K_FY2025.pdf,10-K,Business/MD&A,https://www.sec.gov/Archives/edgar/data/1512762/000110465926025308/chrs-20251231x10k.htm,Single-product concentration is the key forward credit risk.
"Coherus Oncology, Inc. (f/k/a Coherus BioSciences, Inc.)",CHRS,2024 Loan Agreement (Term Loan due 2029),Facility Term,Current Status,Liquidity & convertible notes,Balance Sheet / Note 9,2026-03-31,Coherus,Cash $115.2M; total liquidity $167.0M; 2026 Notes ~$0.1M,USD,,,"Cash and equivalents $115.2M and total cash/equivalents/marketable securities $167.0M at 3/31/2026. 2026 Convertible Notes reduced from $230M to ~$0.1M (repurchased $170M + $59.9M in 2025); remaining $0.1M matured April 15, 2026.","Coherus holds ~$167M of liquidity and has effectively retired its convertible notes, leaving the ~$38.7M term loan as the main funded debt.",Reported,Positive,High,01_Filings/10Q/2026-05-11_CHRS_10Q_Q1-2026.pdf,10-Q,Balance Sheet,https://www.sec.gov/Archives/edgar/data/1512762/000110465926058703/chrs-20260331x10q.htm,Reported cash is not identical to covenant 'Liquidity' (unrestricted cash in Collateral Accounts).
"Coherus Oncology, Inc. (f/k/a Coherus BioSciences, Inc.)",CHRS,2024 Loan Agreement (Term Loan due 2029),Facility Term,Current Status,No going-concern doubt,MD&A / Liquidity,2026-03-31,Coherus,No substantial doubt,,,,No going-concern qualification or 'substantial doubt' language; management states liquidity is sufficient for at least 12 months from the issuance date.,Auditors and management report no going-concern doubt.,Reported,Positive,High,01_Filings/10Q/2026-05-11_CHRS_10Q_Q1-2026.pdf,10-Q,Liquidity,https://www.sec.gov/Archives/edgar/data/1512762/000110465926058703/chrs-20260331x10q.htm,
"Coherus Oncology, Inc. (f/k/a Coherus BioSciences, Inc.)",CHRS,2024 Loan Agreement (Term Loan due 2029),Facility Term,Lender Exposure,Barings BDC (BBDC) lender confirmation,Schedule of Investments,2026-03-31,"Barings BDC, Inc. (BBDC) and Barings-managed funds (lenders)",SOFR + 8.00%; maturity 2029-05-08,Percent per annum / Date,,,"Barings confirmed as lender (per Latham & Watkins deal announcement and Barings funds' Schedules of Investments). Barings BDC (CIK 1379785) lists Coherus in 8+ filings (10-Qs through 2026-05-07, 10-Ks 2025/2026). Sister funds show the tranche: 'Coherus - Term Loan', SOFR + 8.00%, maturing 5/8/2029 (e.g., Barings Corporate Investors par $598,648, FV $594,457 at 12/31/2025; Barings Participation Investors par $299,324 at 9/30/2025), plus Coduet Royalty Holdings SPV equity.",Barings BDC is a confirmed lender in the Coherus term loan syndicate at SOFR+8% maturing May 2029; its exact dollar slice isn't line-item extractable from the public tooling but sister Barings funds confirm the terms.,Reported,Neutral,Medium,04_BBDC (Barings BDC EDGAR filings),10-Q / 10-K,Schedule of Investments,https://www.sec.gov/Archives/edgar/data/1379785/000137978526000022/bbdc-20260331.htm,BBDC's specific par/cost/fair value not extractable via available tooling (SOI tables truncate); confirmed exposure and terms via co-investing Barings vehicles MCI/MPV.
"Coherus Oncology, Inc. (f/k/a Coherus BioSciences, Inc.)",CHRS,2024 Loan Agreement (Term Loan due 2029),Orion Analysis,Orion Credit Assessment,Overall lender protection,n/a,,Facility-wide (2024 Loan Agreement),,,,,"First-priority all-asset lien (incl. IP), guarantees from the four named Credit Parties, cash-dominion via account control, MAC event of default, no-cure covenant defaults on core covenants, and a small ($38.7M) loan against ~$167M liquidity.","Structurally the lenders are well protected: senior secured, guaranteed, with cash control and fast-acting, low-cure defaults on a small, well-covered loan.",Orion Analysis,Positive,High,03_Credit_Docs/2024-05-21_CHRS_EX10-28_Loan-Agreement-2024-05-08.pdf + filings,Analysis,Synthesis,https://www.sec.gov/Archives/edgar/data/1512762/000155837024008542/chrs-20240508xex10d1.htm,"Balanced-to-lender-friendly on structure; the gap is the covenant/prepayment package, not the security."
"Coherus Oncology, Inc. (f/k/a Coherus BioSciences, Inc.)",CHRS,2024 Loan Agreement (Term Loan due 2029),Orion Analysis,Orion Credit Assessment,Financial-covenant strength,n/a,,Facility-wide (2024 Loan Agreement),,,,,"Sole financial maintenance covenant is $15M minimum liquidity; no leverage, coverage, revenue or EBITDA test. Coverage against the floor appears ample on reported cash but is indicative, since the covenant counts only unrestricted cash in Collateral Accounts.",The financial covenant package is thin - one liquidity floor and nothing tied to performance - so it gives little early warning; and even the headroom is indicative because only unrestricted cash in controlled accounts counts.,Orion Analysis,Negative,High,03_Credit_Docs/2024-05-21_CHRS_EX10-28_Loan-Agreement-2024-05-08.pdf + filings,Analysis,Synthesis,https://www.sec.gov/Archives/edgar/data/1512762/000155837024008542/chrs-20240508xex10d1.htm,Largest single weakness in the covenant architecture.
"Coherus Oncology, Inc. (f/k/a Coherus BioSciences, Inc.)",CHRS,2024 Loan Agreement (Term Loan due 2029),Orion Analysis,Orion Credit Assessment,Collateral-package strength,n/a,,Facility-wide (2024 Loan Agreement),,,,,"Blanket first-priority lien on substantially all assets including product IP (USPTO-recorded), equity pledges, and account control; senior to the Coduet royalty via intercreditor.","The collateral package is strong and senior, though its value now concentrates in LOQTORZI after UDENYCA was sold.",Orion Analysis,Positive,High,03_Credit_Docs/2024-05-21_CHRS_EX10-28_Loan-Agreement-2024-05-08.pdf + filings,Analysis,Synthesis,https://www.sec.gov/Archives/edgar/data/1512762/000155837024008542/chrs-20240508xex10d1.htm,Security-agreement enumerated collateral/excluded property redacted in public filing.
"Coherus Oncology, Inc. (f/k/a Coherus BioSciences, Inc.)",CHRS,2024 Loan Agreement (Term Loan due 2029),Orion Analysis,Orion Credit Assessment,Guarantee coverage,n/a,,Facility-wide (2024 Loan Agreement),,,,,"The four named guarantors - Coherus Intermediate Corp., Intekrin Therapeutics Inc., Surface Oncology, LLC, and Coherus Oncology Supportive Care LLC - guarantee and pledge; the covenant sweeps in future subs (other than <$2M-asset Excluded Subs and named Coherus Immunology LLC) within 45 days. Surface Oncology is the sole significant sub per Ex-21.1.",Guarantee coverage runs to the four named subsidiary guarantors and any future material subs across a small subsidiary group.,Orion Analysis,Positive,Medium,03_Credit_Docs/2024-05-21_CHRS_EX10-28_Loan-Agreement-2024-05-08.pdf + filings,Analysis,Synthesis,https://www.sec.gov/Archives/edgar/data/1512762/000155837024008542/chrs-20240508xex10d1.htm,Simple corporate structure limits structural-subordination risk.
"Coherus Oncology, Inc. (f/k/a Coherus BioSciences, Inc.)",CHRS,2024 Loan Agreement (Term Loan due 2029),Orion Analysis,Orion Credit Assessment,Leakage risk,n/a,,Facility-wide (2024 Loan Agreement),,,,,"No asset-sale, ECF, insurance, debt/equity, or licensing-proceeds prepayment sweep; only change-of-control forces repayment. Demonstrated by ~$483M UDENYCA proceeds bypassing the term loan.",Value can leak: Coherus sold its biggest product and kept/redeployed the cash without repaying the loan - the clearest documentary hole.,Orion Analysis,Negative,High,03_Credit_Docs/2024-05-21_CHRS_EX10-28_Loan-Agreement-2024-05-08.pdf + filings,Analysis,Synthesis,https://www.sec.gov/Archives/edgar/data/1512762/000155837024008542/chrs-20240508xex10d1.htm,This is the provision most likely to matter alongside single-product concentration.
"Coherus Oncology, Inc. (f/k/a Coherus BioSciences, Inc.)",CHRS,2024 Loan Agreement (Term Loan due 2029),Orion Analysis,Orion Credit Assessment,Incremental-debt capacity,n/a,,Facility-wide (2024 Loan Agreement),,,,,Convertible basket = greater of $350M or 25% of market cap (structurally junior/unsecured); secured incremental capacity is limited to small ($5M-class) capex/acquisition/subordinated baskets.,Coherus can raise sizable convertible (junior) debt but very little additional secured debt ahead of the lenders.,Orion Analysis,Neutral,Medium,03_Credit_Docs/2024-05-21_CHRS_EX10-28_Loan-Agreement-2024-05-08.pdf + filings,Analysis,Synthesis,https://www.sec.gov/Archives/edgar/data/1512762/000155837024008542/chrs-20240508xex10d1.htm,Large convertible basket is mitigated by the term loan's senior secured position.
"Coherus Oncology, Inc. (f/k/a Coherus BioSciences, Inc.)",CHRS,2024 Loan Agreement (Term Loan due 2029),Orion Analysis,Orion Credit Assessment,Restricted-payment flexibility,n/a,,Facility-wide (2024 Loan Agreement),,,,,"No dividend basket; only ~$2.5M/year employee equity repurchases (plus key-man insurance). Junior/convertible cash redemptions blocked until the loan is repaid, subject to equity/asset-sale-proceeds carve-outs.","Cash can't be dividended out, and convertibles generally can't be cash-redeemed ahead of the loan - though asset-sale proceeds are a carve-out that was used.",Orion Analysis,Positive,Medium,03_Credit_Docs/2024-05-21_CHRS_EX10-28_Loan-Agreement-2024-05-08.pdf + filings,Analysis,Synthesis,https://www.sec.gov/Archives/edgar/data/1512762/000155837024008542/chrs-20240508xex10d1.htm,The equity/asset-proceeds carve-out to the junior-redemption block is where cash actually exited.
"Coherus Oncology, Inc. (f/k/a Coherus BioSciences, Inc.)",CHRS,2024 Loan Agreement (Term Loan due 2029),Orion Analysis,Orion Credit Assessment,Asset-transfer flexibility,n/a,,Facility-wide (2024 Loan Agreement),,,,,"Dispositions limited to Permitted Transfers, but several material monetization/licensing baskets ((r),(s),(t)) are redacted and carry no prepayment sweep; general basket only $1.5M.","On paper transfers are restricted, but redacted monetization baskets plus the absence of a sweep let Coherus monetize major assets without paying down debt.",Orion Analysis,Negative,High,03_Credit_Docs/2024-05-21_CHRS_EX10-28_Loan-Agreement-2024-05-08.pdf + filings,Analysis,Synthesis,https://www.sec.gov/Archives/edgar/data/1512762/000155837024008542/chrs-20240508xex10d1.htm,Redacted baskets prevent full quantification; treat as a material leakage channel.
"Coherus Oncology, Inc. (f/k/a Coherus BioSciences, Inc.)",CHRS,2024 Loan Agreement (Term Loan due 2029),Orion Analysis,Orion Credit Assessment,Intellectual-property transfer risk,n/a,,Facility-wide (2024 Loan Agreement),,,,,"Product IP is collateral and Sec. 6.14 restricts gutting IP agreements, but the redacted Permitted Transfer baskets and the licensing/out-license framework allow IP monetization; no IP-proceeds sweep.",The key risk vector for a biotech: product IP could be licensed/monetized through permitted baskets without repaying lenders.,Orion Analysis,Negative,High,03_Credit_Docs/2024-05-21_CHRS_EX10-28_Loan-Agreement-2024-05-08.pdf + filings,Analysis,Synthesis,https://www.sec.gov/Archives/edgar/data/1512762/000155837024008542/chrs-20240508xex10d1.htm,Most likely path for future value transfer given Coherus's monetization playbook.
"Coherus Oncology, Inc. (f/k/a Coherus BioSciences, Inc.)",CHRS,2024 Loan Agreement (Term Loan due 2029),Orion Analysis,Orion Credit Assessment,Reporting strength,n/a,,Facility-wide (2024 Loan Agreement),,,,,"Quarterly (45-day) and annual (90-day) financials plus compliance certificates and prompt default/litigation/IP notices, but no monthly reporting, no budget/projection delivery, and going-concern qualifications expressly permitted.","Reporting is adequate but public-company-standard - no budgets, no monthly numbers, and a permitted going-concern audit qualification.",Orion Analysis,Neutral,Medium,03_Credit_Docs/2024-05-21_CHRS_EX10-28_Loan-Agreement-2024-05-08.pdf + filings,Analysis,Synthesis,https://www.sec.gov/Archives/edgar/data/1512762/000155837024008542/chrs-20240508xex10d1.htm,Forward-looking visibility (budgets/projections) is absent.
"Coherus Oncology, Inc. (f/k/a Coherus BioSciences, Inc.)",CHRS,2024 Loan Agreement (Term Loan due 2029),Orion Analysis,Orion Credit Assessment,Default-trigger sensitivity,n/a,,Facility-wide (2024 Loan Agreement),,,,,"MAC standalone EoD, no-cure covenant defaults on core covenants, $5M cross-default/judgment thresholds, automatic acceleration on insolvency, cash dominion on default.","Default triggers are sensitive and lender-favorable - a MAC or covenant slip is a breach with no identified cure period, backed by fast enforcement.",Orion Analysis,Positive,High,03_Credit_Docs/2024-05-21_CHRS_EX10-28_Loan-Agreement-2024-05-08.pdf + filings,Analysis,Synthesis,https://www.sec.gov/Archives/edgar/data/1512762/000155837024008542/chrs-20240508xex10d1.htm,"Offsets some of the thin financial-covenant package by giving lenders early, discretionary exit levers."
"Coherus Oncology, Inc. (f/k/a Coherus BioSciences, Inc.)",CHRS,2024 Loan Agreement (Term Loan due 2029),Orion Analysis,Orion Credit Assessment,Amendment risk,n/a,,Facility-wide (2024 Loan Agreement),,,,,Standard Required-Lenders amendment regime with sacred-rights protections; concentrated Barings-controlled syndicate. Only amendment to date is the June 2024 royalty Omnibus (no term-loan amendments/waivers).,Amendment risk is average; the concentrated Barings holder group cuts both ways but no covenant relief has been needed.,Orion Analysis,Neutral,Medium,03_Credit_Docs/2024-05-21_CHRS_EX10-28_Loan-Agreement-2024-05-08.pdf + filings,Analysis,Synthesis,https://www.sec.gov/Archives/edgar/data/1512762/000155837024008542/chrs-20240508xex10d1.htm,No term-loan amendments or waivers granted through Q1 2026.
"Coherus Oncology, Inc. (f/k/a Coherus BioSciences, Inc.)",CHRS,2024 Loan Agreement (Term Loan due 2029),Orion Analysis,Orion Credit Assessment,Most lender-protective provision,n/a,,Facility-wide (2024 Loan Agreement),,,,,The combination of a first-priority all-asset/IP lien with cash dominion (account control) and a MAC event of default: lenders can seize controlled cash and accelerate on a discretionary adverse-change judgment.,The strongest protection is senior secured cash control plus a MAC default - lenders can act fast and reach the cash.,Orion Analysis,Positive,Critical,03_Credit_Docs/2024-05-21_CHRS_EX10-28_Loan-Agreement-2024-05-08.pdf + filings,Analysis,Synthesis,https://www.sec.gov/Archives/edgar/data/1512762/000155837024008542/chrs-20240508xex10d1.htm,
"Coherus Oncology, Inc. (f/k/a Coherus BioSciences, Inc.)",CHRS,2024 Loan Agreement (Term Loan due 2029),Orion Analysis,Orion Credit Assessment,Largest documentary weakness,n/a,,Facility-wide (2024 Loan Agreement),,,,,Absence of any proceeds-based mandatory prepayment (no asset-sale/ECF/licensing sweep) combined with only a single $15M liquidity covenant - proven when ~$483M of UDENYCA proceeds bypassed the loan.,"The biggest hole is that Coherus can sell core assets and keep the cash, with no performance covenant to catch deterioration.",Orion Analysis,Negative,Critical,03_Credit_Docs/2024-05-21_CHRS_EX10-28_Loan-Agreement-2024-05-08.pdf + filings,Analysis,Synthesis,https://www.sec.gov/Archives/edgar/data/1512762/000155837024008542/chrs-20240508xex10d1.htm,
"Coherus Oncology, Inc. (f/k/a Coherus BioSciences, Inc.)",CHRS,2024 Loan Agreement (Term Loan due 2029),Orion Analysis,Orion Credit Assessment,Provision most likely to become relevant first,n/a,,Facility-wide (2024 Loan Agreement),,,,,The no-sweep asset-transfer/IP-monetization framework (Sec. 2.2(c)(i) and redacted Permitted Transfers) against a now single-product (LOQTORZI) collateral base; secondarily the $15M minimum liquidity floor.,"What bites first is likely another asset/IP monetization draining value, watched against the $15M liquidity floor - not a performance covenant, because there isn't one.",Orion Analysis,Negative,High,03_Credit_Docs/2024-05-21_CHRS_EX10-28_Loan-Agreement-2024-05-08.pdf + filings,Analysis,Synthesis,https://www.sec.gov/Archives/edgar/data/1512762/000155837024008542/chrs-20240508xex10d1.htm,
"Coherus Oncology, Inc. (f/k/a Coherus BioSciences, Inc.)",CHRS,2024 Loan Agreement (Term Loan due 2029),Orion Analysis,Orion Summary,Summary - Scope of this CSV,n/a,,Facility-wide (2024 Loan Agreement),,,,,,"This CSV analyzes the 2024 Loan Agreement (senior secured term loan due 2029) as the controlling credit agreement, and separately captures the related Revenue Participation Right Purchase and Sale Agreement (rows carry the agreement_name 'Revenue Participation Right Purchase and Sale Agreement') plus its June 2024 Omnibus Amendment. Loan Agreement rows and Revenue Participation rows are distinguished by the agreement_name column so the two financings are not conflated.",Orion Analysis,Neutral,Critical,03_Credit_Docs/2024-05-21_CHRS_EX10-28_Loan-Agreement-2024-05-08.pdf + filings,Analysis,Summary,https://www.sec.gov/Archives/edgar/data/1512762/000155837024008542/chrs-20240508xex10d1.htm,
"Coherus Oncology, Inc. (f/k/a Coherus BioSciences, Inc.)",CHRS,2024 Loan Agreement (Term Loan due 2029),Orion Analysis,Orion Summary,Summary - What lenders are protected by,n/a,,Facility-wide (2024 Loan Agreement),,,,,,"Lenders hold a senior, first-priority security interest in substantially all assets - including product intellectual property - backed by guarantees from the four named subsidiary guarantors (Coherus Intermediate Corp., Intekrin Therapeutics Inc., Surface Oncology, LLC, and Coherus Oncology Supportive Care LLC) and by deposit-account control that lets them sweep cash on default. The loan is small (~$38.7M) relative to Coherus's ~$167M of reported liquidity, and default triggers are aggressive: a standalone material-adverse-change event of default, no-cure defaults on the core covenants, $5M cross-default and judgment thresholds, automatic acceleration on insolvency, and a make-whole/prepayment premium payable on acceleration. Priority over the Coduet revenue-participation buyer is locked in by an intercreditor agreement.",Orion Analysis,Neutral,Critical,03_Credit_Docs/2024-05-21_CHRS_EX10-28_Loan-Agreement-2024-05-08.pdf + filings,Analysis,Summary,https://www.sec.gov/Archives/edgar/data/1512762/000155837024008542/chrs-20240508xex10d1.htm,
"Coherus Oncology, Inc. (f/k/a Coherus BioSciences, Inc.)",CHRS,2024 Loan Agreement (Term Loan due 2029),Orion Analysis,Orion Summary,Summary - What management can still do,n/a,,Facility-wide (2024 Loan Agreement),,,,,,"A great deal. There is no leverage, coverage, revenue, or EBITDA covenant - only a $15M minimum-liquidity floor, which reported cash clears comfortably (indicatively, since the covenant counts only unrestricted cash in controlled Collateral Accounts). Critically, no class of proceeds (asset sales, licensing/royalty monetizations, insurance, debt or equity issuance, or excess cash flow) must be used to prepay the loan; only a change of control forces repayment. Management can therefore monetize products and IP through permitted-transfer baskets (several of which are redacted) and redeploy the cash, can raise a large amount of convertible/junior debt (the greater of $350M or 25% of market cap), and can retire junior debt with equity or asset-sale proceeds - as it in fact did.",Orion Analysis,Neutral,Critical,03_Credit_Docs/2024-05-21_CHRS_EX10-28_Loan-Agreement-2024-05-08.pdf + filings,Analysis,Summary,https://www.sec.gov/Archives/edgar/data/1512762/000155837024008542/chrs-20240508xex10d1.htm,
"Coherus Oncology, Inc. (f/k/a Coherus BioSciences, Inc.)",CHRS,2024 Loan Agreement (Term Loan due 2029),Orion Analysis,Orion Summary,Summary - Where value could leak outside the collateral package,n/a,,Facility-wide (2024 Loan Agreement),,,,,,"The clearest leakage path is asset and IP monetization without a repayment sweep. Coherus proved this in 2025: it sold UDENYCA - a key collateral product - to Intas/Accord for ~$483M upfront plus earnouts and used the proceeds to retire the 2026 convertible notes and buy out the UDENYCA royalty ($47.7M), leaving the term loan fully outstanding. The redacted Permitted Transfer baskets ((r),(s),(t)) and the licensing framework are the mechanisms; the missing mandatory-prepayment package is what makes leakage possible. Value now concentrates in a single remaining product, LOQTORZI.",Orion Analysis,Neutral,Critical,03_Credit_Docs/2024-05-21_CHRS_EX10-28_Loan-Agreement-2024-05-08.pdf + filings,Analysis,Summary,https://www.sec.gov/Archives/edgar/data/1512762/000155837024008542/chrs-20240508xex10d1.htm,
"Coherus Oncology, Inc. (f/k/a Coherus BioSciences, Inc.)",CHRS,2024 Loan Agreement (Term Loan due 2029),Orion Analysis,Orion Summary,Summary - Which covenant or trigger matters first,n/a,,Facility-wide (2024 Loan Agreement),,,,,,"Because there is no performance covenant, the first live risk is another asset/IP monetization draining collateral value rather than a covenant breach. The $15M minimum-liquidity floor is the only financial tripwire and, on reported cash, is not close to being hit (though the qualifying amount is narrower than total cash). If credit deteriorates, lenders are more likely to rely on the discretionary material-adverse-change event of default and cash-dominion rights than on any numeric covenant - so the MAC clause, not a ratio, is the practical early lever.",Orion Analysis,Neutral,Critical,03_Credit_Docs/2024-05-21_CHRS_EX10-28_Loan-Agreement-2024-05-08.pdf + filings,Analysis,Summary,https://www.sec.gov/Archives/edgar/data/1512762/000155837024008542/chrs-20240508xex10d1.htm,
"Coherus Oncology, Inc. (f/k/a Coherus BioSciences, Inc.)",CHRS,2024 Loan Agreement (Term Loan due 2029),Orion Analysis,Orion Summary,Summary - Overall verdict,n/a,,Facility-wide (2024 Loan Agreement),,,,,,"On structure the agreement is lender-friendly - senior secured, guaranteed, cash-dominion, MAC default, small balance, strong liquidity. On the covenant and prepayment package it is decidedly borrower-friendly - a single liquidity covenant, no proceeds sweeps, generous junior-debt capacity, and permitted asset/IP monetization. Netting these, the facility is best characterized as BALANCED but structure-heavy: the lenders are well secured and can exit quickly, but they rely on collateral value and discretionary triggers rather than on covenants to police the borrower, and Coherus retains wide latitude to move assets and cash so long as it stays solvent and above $15M of qualifying liquidity. This is not legal advice.",Orion Analysis,Neutral,Critical,03_Credit_Docs/2024-05-21_CHRS_EX10-28_Loan-Agreement-2024-05-08.pdf + filings,Analysis,Summary,https://www.sec.gov/Archives/edgar/data/1512762/000155837024008542/chrs-20240508xex10d1.htm,
