Portfolio Company,Industries,Classifications,Debt Cost ($000),Debt Fair Value ($000),Equity Cost ($000),Equity Fair Value ($000),Total Cost ($000),Total Fair Value ($000),Instrument Count,FV / Cost
"Eclipse Business Capital, LLC","Banking, Finance, Insurance, & Real Estate",Affiliate,18020.0,18092.0,111072.0,157631.0,129092.0,175723.0,5.0,1.361223003749264
Rocade Holdings LLC,"Banking, Finance, Insurance, & Real Estate",Affiliate,4013.0,4013.0,93252.0,98055.0,97265.0,102068.0,4.0,1.0493805582686475
Security Holdings B.V.,Capital Equipment,Control,32178.0,32283.0,35751.0,44214.0,67929.0,76497.0,6.0,1.1261316963299917
"Coastal Marina Holdings, LLC","Hotel, Gaming, & Leisure",Affiliate,23189.0,23335.0,39684.0,43494.0,62873.0,66829.0,5.0,1.0629204905126206
"Policy Services Company, LLC","Banking, Finance, Insurance, & Real Estate",Non-Control / Non-Affiliate,53500.0,48567.0,0.0,0.0,53500.0,48567.0,5.0,0.9077943925233645
VB Spine Intermediary II LLC,Healthcare & Pharmaceuticals,Non-Control / Non-Affiliate,44911.0,44912.0,0.0,0.0,44911.0,44912.0,2.0,1.0000222662599363
Skyvault Holdings LLC,Aerospace & Defense,Affiliate,16144.0,16143.0,21534.0,25236.0,37678.0,41379.0,3.0,1.0982270821168851
"Screenvision, LLC",Media: Diversified & Production,Non-Control / Non-Affiliate,37533.0,37597.0,0.0,0.0,37533.0,37597.0,3.0,1.0017051661204806
Jocassee Partners LLC,"Hotel, Gaming, & Leisure",Affiliate,0.0,0.0,35158.0,35248.0,35158.0,35248.0,1.0,1.0025598725752318
"Celebration Bidco, LLC","Chemicals, Plastics, & Rubber",Affiliate,8722.0,8578.0,20899.0,18759.0,29621.0,27337.0,3.0,0.9228925424529895
"Next Holdco, LLC",Healthcare & Pharmaceuticals,Non-Control / Non-Affiliate,21883.0,22025.0,0.0,0.0,21883.0,22025.0,2.0,1.0064890554311565
"CTI Foods Holdings Co., LLC","Beverage, Food, & Tobacco",Non-Control / Non-Affiliate,19851.0,20097.0,0.0,1875.0,19851.0,21972.0,6.0,1.106846002720266
RPX Corporation,Services: Business,Non-Control / Non-Affiliate,21360.0,21421.0,0.0,0.0,21360.0,21421.0,2.0,1.0028558052434458
"TSYL Corporate Buyer, Inc.",Services: Business,Non-Control / Non-Affiliate,20004.0,20212.0,5.0,39.0,20009.0,20251.0,3.0,1.0120945574491478
"Woodland Foods, LLC","Beverage, Food, & Tobacco",Non-Control / Non-Affiliate,17668.0,17670.0,2358.0,2513.0,20026.0,20183.0,5.0,1.0078398082492759
"OSP Hamilton Purchaser, LLC",Healthcare & Pharmaceuticals,Non-Control / Non-Affiliate,18702.0,18736.0,174.0,165.0,18876.0,18901.0,3.0,1.001324433142615
ATL II MRO Holdings Inc.,Aerospace & Defense,Non-Control / Non-Affiliate,18803.0,18844.0,0.0,0.0,18803.0,18844.0,2.0,1.0021805031112057
"USLS Acquisition, Inc. (f/k/a US Legal Support, Inc.)",Services: Business,Non-Control / Non-Affiliate,17847.0,17769.0,0.0,0.0,17847.0,17769.0,1.0,0.9956295175659775
"Discovery Buyer, L.P.",Healthcare & Pharmaceuticals,Non-Control / Non-Affiliate,16847.0,16912.0,0.0,0.0,16847.0,16912.0,2.0,1.0038582536950198
Shelf Bidco Ltd,"Banking, Finance, Insurance, & Real Estate",Non-Control / Non-Affiliate,12011.0,12013.0,1200.0,4716.0,13211.0,16729.0,2.0,1.266293240481417
"Bridger Aerospace Group Holdings, LLC",Environmental Industries,Non-Control / Non-Affiliate,0.0,0.0,17978.0,16521.0,17978.0,16521.0,1.0,0.9189565023918123
"Solo Buyer, L.P.",Media: Diversified & Production,Non-Control / Non-Affiliate,15679.0,15405.0,516.0,270.0,16195.0,15675.0,3.0,0.9678913244828651
"CGI Parent, LLC",Services: Business,Non-Control / Non-Affiliate,13326.0,13402.0,722.0,1833.0,14048.0,15235.0,3.0,1.084496013667426
"Heartland Veterinary Partners, LLC",Healthcare & Pharmaceuticals,Non-Control / Non-Affiliate,15947.0,15207.0,0.0,0.0,15947.0,15207.0,1.0,0.9535962877030162
Xeinadin Bidco Limited,Services: Business,Non-Control / Non-Affiliate,13485.0,14279.0,565.0,927.0,14050.0,15206.0,4.0,1.0822775800711744
NAW Buyer LLC,Healthcare & Pharmaceuticals,Non-Control / Non-Affiliate,14318.0,14546.0,473.0,608.0,14791.0,15154.0,3.0,1.0245419511865324
"Whitcraft Holdings, Inc.",Aerospace & Defense,Non-Control / Non-Affiliate,13068.0,13172.0,631.0,1409.0,13699.0,14581.0,3.0,1.0643842616249362
Five Star Holding LLC,"Containers, Packaging, & Glass",Non-Control / Non-Affiliate,13528.0,13692.0,967.0,784.0,14495.0,14476.0,2.0,0.9986892031735081
"Dwyer Instruments, Inc.",Healthcare & Pharmaceuticals,Non-Control / Non-Affiliate,14256.0,14404.0,0.0,0.0,14256.0,14404.0,1.0,1.010381593714927
Caldwell & Gregory LLC,Services: Business,Non-Control / Non-Affiliate,14199.0,14269.0,0.0,0.0,14199.0,14269.0,2.0,1.0049299246425805
British Engineering Services Holdco Limited,Services: Business,Non-Control / Non-Affiliate,16511.0,14231.0,0.0,0.0,16511.0,14231.0,1.0,0.8619102416570771
Napa Bidco Pty Ltd,Healthcare & Pharmaceuticals,Non-Control / Non-Affiliate,14348.0,13783.0,0.0,0.0,14348.0,13783.0,1.0,0.9606216894340674
"Randys Holdings, Inc.",Automotive,Non-Control / Non-Affiliate,12997.0,13102.0,533.0,679.0,13530.0,13781.0,3.0,1.0185513673318551
"Kid Distro Holdings, LLC",Services: Consumer,Non-Control / Non-Affiliate,12931.0,12964.0,638.0,788.0,13569.0,13752.0,2.0,1.0134866239221756
"World 50, Inc.",Services: Business,Non-Control / Non-Affiliate,13510.0,13722.0,0.0,0.0,13510.0,13722.0,2.0,1.0156920799407847
"Vital Buyer, LLC",Media: Diversified & Production,Non-Control / Non-Affiliate,13138.0,13164.0,164.0,502.0,13302.0,13666.0,2.0,1.0273643061193805
Accurus Aerospace Corporation,Aerospace & Defense,Non-Control / Non-Affiliate,13221.0,13250.0,456.0,380.0,13677.0,13630.0,4.0,0.9965635738831615
"Saab Purchaser, Inc.",Healthcare & Pharmaceuticals,Non-Control / Non-Affiliate,13460.0,13401.0,0.0,0.0,13460.0,13401.0,2.0,0.9956166419019317
"SmartShift Group, Inc.",Services: Business,Non-Control / Non-Affiliate,12553.0,12781.0,275.0,531.0,12828.0,13312.0,3.0,1.0377299657000312
"WEST-NR ACQUISITIONCO, LLC","Banking, Finance, Insurance, & Real Estate",Non-Control / Non-Affiliate,13043.0,13230.0,0.0,0.0,13043.0,13230.0,1.0,1.01433719236372
"Gojo Industries, Inc.",Consumer goods: Durable,Non-Control / Non-Affiliate,12262.0,13098.0,0.0,0.0,12262.0,13098.0,1.0,1.068178111237971
PDQ.Com Corporation,Healthcare & Pharmaceuticals,Non-Control / Non-Affiliate,13206.0,13025.0,14.0,27.0,13220.0,13052.0,2.0,0.9872919818456883
"Northstar Recycling, LLC",Environmental Industries,Non-Control / Non-Affiliate,12452.0,12606.0,0.0,0.0,12452.0,12606.0,2.0,1.0123674911660778
"Trident Maritime Systems, Inc.",Aerospace & Defense,Non-Control / Non-Affiliate,14231.0,12346.0,0.0,0.0,14231.0,12346.0,1.0,0.8675426884969433
MVC Automotive Group GmbH,Automotive,Control,3583.0,3457.0,23173.0,8826.0,26756.0,12283.0,2.0,0.4590746000896995
CloudOne Digital Corp.,Services: Business,Non-Control / Non-Affiliate,12092.0,12115.0,0.0,0.0,12092.0,12115.0,2.0,1.0019020840224941
"RKD Group, LLC",Services: Business,Non-Control / Non-Affiliate,11984.0,12012.0,0.0,0.0,11984.0,12012.0,2.0,1.0023364485981308
Energy: Electricity WWEC Holdings III Corp,"Containers, Packaging, & Glass",Non-Control / Non-Affiliate,11933.0,11987.0,0.0,0.0,11933.0,11987.0,1.0,1.0045252660688846
UKFast Leaders Limited,Telecommunications,Non-Control / Non-Affiliate,11930.0,11897.0,0.0,0.0,11930.0,11897.0,1.0,0.9972338642078793
"GB Eagle Buyer, Inc.",Aerospace & Defense,Non-Control / Non-Affiliate,9396.0,9425.0,687.0,2373.0,10083.0,11798.0,3.0,1.1700882673807398
"G 3 Chickadee Purchaser, LLC","Chemicals, Plastics, & Rubber",Non-Control / Non-Affiliate,11607.0,11610.0,0.0,0.0,11607.0,11610.0,1.0,1.0002584647195658
"Syniverse Holdings, Inc.",Telecommunications,Non-Control / Non-Affiliate,0.0,0.0,11497.0,11515.0,11497.0,11515.0,1.0,1.0015656258154302
BPG Holdings IV Corp,Capital Equipment,Non-Control / Non-Affiliate,14185.0,11460.0,0.0,0.0,14185.0,11460.0,1.0,0.8078956644342615
"Recovery Point Systems, Inc.",Services: Business,Non-Control / Non-Affiliate,11133.0,11147.0,187.0,93.0,11320.0,11240.0,2.0,0.9929328621908127
"Comply365, LLC",Services: Business,Non-Control / Non-Affiliate,10935.0,10992.0,0.0,0.0,10935.0,10992.0,2.0,1.005212620027435
ICREDITWORKS LLC,"Banking, Finance, Insurance, & Real Estate",Non-Control / Non-Affiliate,0.0,0.0,11042.0,10982.0,11042.0,10982.0,2.0,0.9945662017750407
Amalfi Midco,Healthcare & Pharmaceuticals,Non-Control / Non-Affiliate,6340.0,7374.0,1119.0,3496.0,7459.0,10870.0,4.0,1.4572999061536398
HTI Technology & Industries,Consumer goods: Durable,Non-Control / Non-Affiliate,11081.0,10853.0,0.0,0.0,11081.0,10853.0,2.0,0.9794242396895587
"UHY Advisors, Inc.",Services: Business,Non-Control / Non-Affiliate,10290.0,10399.0,0.0,0.0,10290.0,10399.0,2.0,1.0105928085519922
"BNI Global, LLC",Services: Business,Non-Control / Non-Affiliate,9678.0,10372.0,0.0,0.0,9678.0,10372.0,1.0,1.0717090307914858
"BKF Buyer, Inc.",Construction & Building,Non-Control / Non-Affiliate,9053.0,9018.0,1004.0,1177.0,10057.0,10195.0,3.0,1.0137217858208214
MC Group Ventures Corporation,Services: Business,Non-Control / Non-Affiliate,9934.0,9609.0,747.0,582.0,10681.0,10191.0,3.0,0.9541241456792435
"RA Outdoors, LLC",Healthcare & Pharmaceuticals,Non-Control / Non-Affiliate,16401.0,10179.0,0.0,0.0,16401.0,10179.0,2.0,0.620632888238522
"HW Holdco, LLC (Hanley Wood LLC)",Healthcare & Pharmaceuticals,Non-Control / Non-Affiliate,10127.0,10132.0,0.0,0.0,10127.0,10132.0,1.0,1.0004937296336527
"Premium Franchise Brands, LLC",Services: Consumer,Non-Control / Non-Affiliate,10040.0,10087.0,0.0,0.0,10040.0,10087.0,1.0,1.0046812749003984
"LeadsOnline, LLC",Services: Business,Non-Control / Non-Affiliate,9865.0,9882.0,85.0,189.0,9950.0,10071.0,3.0,1.0121608040201004
TAPCO Buyer LLC,Capital Equipment,Non-Control / Non-Affiliate,9452.0,9460.0,364.0,484.0,9816.0,9944.0,3.0,1.013039934800326
Perimeter Master Note Business Trust,Services: Consumer,Non-Control / Non-Affiliate,10002.0,9824.0,0.0,0.0,10002.0,9824.0,5.0,0.9822035592881424
"Safety Products Holdings, LLC",Consumer goods: Non-durable,Non-Control / Non-Affiliate,9232.0,9251.0,380.0,540.0,9612.0,9791.0,2.0,1.018622555139409
Tank Holding Corp,"Containers, Packaging, & Glass",Non-Control / Non-Affiliate,10684.0,9751.0,0.0,0.0,10684.0,9751.0,3.0,0.9126731561213028
Premium Invest,"Banking, Finance, Insurance, & Real Estate",Non-Control / Non-Affiliate,8930.0,9736.0,0.0,0.0,8930.0,9736.0,1.0,1.0902575587905936
"Hydratech Holdings, Inc.",Services: Business,Non-Control / Non-Affiliate,9757.0,9710.0,0.0,0.0,9757.0,9710.0,2.0,0.9951829455775341
Proceed Legal Inc.,Services: Business,Non-Control / Non-Affiliate,9499.0,9499.0,0.0,0.0,9499.0,9499.0,2.0,1.0
FSS Buyer LLC,Healthcare & Pharmaceuticals,Non-Control / Non-Affiliate,9313.0,9313.0,63.0,83.0,9376.0,9396.0,3.0,1.0021331058020477
"LHS Borrower, LLC",Services: Business,Non-Control / Non-Affiliate,9184.0,9200.0,0.0,0.0,9184.0,9200.0,2.0,1.0017421602787457
EMI Porta Holdco LLC,Construction & Building,Non-Control / Non-Affiliate,12879.0,9187.0,0.0,0.0,12879.0,9187.0,2.0,0.7133317804177343
ROI Solutions LLC,Services: Business,Non-Control / Non-Affiliate,8985.0,8894.0,0.0,0.0,8985.0,8894.0,2.0,0.9898720089037284
Haystack Holdings LLC,Healthcare & Pharmaceuticals,Non-Control / Non-Affiliate,8774.0,8775.0,0.0,0.0,8774.0,8775.0,2.0,1.0001139731023478
SBP Holdings LP,Services: Business,Non-Control / Non-Affiliate,8408.0,8527.0,0.0,0.0,8408.0,8527.0,2.0,1.0141531874405327
Sanoptis S.A.R.L.,Healthcare & Pharmaceuticals,Non-Control / Non-Affiliate,7624.0,8464.0,0.0,0.0,7624.0,8464.0,2.0,1.1101783840503672
"Long Term Care Group, Inc.",Services: Business,Non-Control / Non-Affiliate,8693.0,8374.0,0.0,0.0,8693.0,8374.0,1.0,0.9633038076613367
Metals & Mining Arch Global Precision LLC,Media: Diversified & Production,Non-Control / Non-Affiliate,8871.0,8348.0,0.0,0.0,8871.0,8348.0,1.0,0.9410438507496336
CM Acquisitions Holdings Inc.,Media: Diversified & Production,Non-Control / Non-Affiliate,8192.0,8072.0,0.0,0.0,8192.0,8072.0,1.0,0.9853515625
Bidwax,Consumer goods: Non-durable,Non-Control / Non-Affiliate,8191.0,8065.0,0.0,0.0,8191.0,8065.0,1.0,0.9846172628494689
"Pro-Vision Solutions Holdings, LLC",Healthcare & Pharmaceuticals,Non-Control / Non-Affiliate,7583.0,7670.0,236.0,327.0,7819.0,7997.0,3.0,1.0227650594705204
"Basin Innovation Group, LLC",Services: Business,Non-Control / Non-Affiliate,7925.0,7946.0,0.0,0.0,7925.0,7946.0,2.0,1.0026498422712933
"SPATCO Energy Solutions, LLC",Automotive,Non-Control / Non-Affiliate,7541.0,7603.0,287.0,275.0,7828.0,7878.0,3.0,1.0063873275421564
GMES LLC,Construction & Building,Non-Control / Non-Affiliate,7779.0,7792.0,0.0,0.0,7779.0,7792.0,2.0,1.001671165959635
Jade Bidco Limited (Jane's),Aerospace & Defense,Non-Control / Non-Affiliate,7626.0,7765.0,0.0,0.0,7626.0,7765.0,2.0,1.0182271177550486
Rock Labor LLC,Media: Diversified & Production,Non-Control / Non-Affiliate,6308.0,6455.0,1252.0,1299.0,7560.0,7754.0,3.0,1.0256613756613757
Credit Key Funding II LLC,"Banking, Finance, Insurance, & Real Estate",Non-Control / Non-Affiliate,5181.0,5187.0,2633.0,2560.0,7814.0,7747.0,4.0,0.991425646275915
"The Caprock Group, Inc. (aka TA/TCG Holdings, LLC)","Banking, Finance, Insurance, & Real Estate",Non-Control / Non-Affiliate,7738.0,7743.0,0.0,0.0,7738.0,7743.0,2.0,1.0006461617989144
Modern Star Holdings Bidco Pty Limited,Consumer goods: Non-durable,Non-Control / Non-Affiliate,8182.0,7621.0,0.0,0.0,8182.0,7621.0,1.0,0.9314348570031777
"AirX Climate Solutions, Inc.",Capital Equipment,Non-Control / Non-Affiliate,7462.0,7538.0,0.0,0.0,7462.0,7538.0,3.0,1.0101849370142053
Acclime Holdings HK Limited,Services: Business,Non-Control / Non-Affiliate,7406.0,7493.0,0.0,0.0,7406.0,7493.0,2.0,1.011747231974075
"Tencarva Machinery Company, LLC",Capital Equipment,Non-Control / Non-Affiliate,7435.0,7457.0,0.0,0.0,7435.0,7457.0,2.0,1.0029589778076664
A.T. Holdings II LTD,Healthcare & Pharmaceuticals,Non-Control / Non-Affiliate,11875.0,7420.0,0.0,0.0,11875.0,7420.0,1.0,0.6248421052631579
BrightSign LLC,Media: Diversified & Production,Non-Control / Non-Affiliate,5987.0,6007.0,1107.0,1381.0,7094.0,7388.0,3.0,1.041443473357767
"Momentum Textiles, LLC",Consumer goods: Durable,Non-Control / Non-Affiliate,7192.0,7185.0,0.0,0.0,7192.0,7185.0,2.0,0.9990266963292548
"Azalea Buyer, Inc.",Services: Business,Non-Control / Non-Affiliate,6790.0,6828.0,192.0,317.0,6982.0,7145.0,3.0,1.023345746204526
"SISU ACQUISITIONCO., INC.",Aerospace & Defense,Non-Control / Non-Affiliate,7180.0,7130.0,0.0,0.0,7180.0,7130.0,1.0,0.9930362116991643
"Heavy Construction Systems Specialists, LLC",Healthcare & Pharmaceuticals,Non-Control / Non-Affiliate,7063.0,7129.0,0.0,0.0,7063.0,7129.0,2.0,1.0093444711878805
AnalytiChem Holding GmbH,"Chemicals, Plastics, & Rubber",Non-Control / Non-Affiliate,6779.0,7096.0,0.0,0.0,6779.0,7096.0,2.0,1.0467620593007818
DISA Holdings Corp.,Services: Business,Non-Control / Non-Affiliate,6959.0,7062.0,0.0,0.0,6959.0,7062.0,2.0,1.0148009771518895
"FL Hawk Intermediate Holdings, Inc. (f/k/a Fineline Technologies, Inc.)",Services: Consumer,Non-Control / Non-Affiliate,6877.0,6903.0,0.0,0.0,6877.0,6903.0,1.0,1.003780718336484
"SCP CDH Buyer, Inc.",Healthcare & Pharmaceuticals,Non-Control / Non-Affiliate,6879.0,6883.0,0.0,0.0,6879.0,6883.0,2.0,1.0005814798662596
"Music Reports, Inc.",Media: Broadcasting & Subscription,Non-Control / Non-Affiliate,6909.0,6867.0,0.0,0.0,6909.0,6867.0,1.0,0.993920972644377
"ORS Buyer, Inc.","Banking, Finance, Insurance, & Real Estate",Non-Control / Non-Affiliate,6700.0,6717.0,0.0,0.0,6700.0,6717.0,2.0,1.002537313432836
Honour Lane Logistics Holdings Limited,Transportation: Cargo,Non-Control / Non-Affiliate,6581.0,6593.0,0.0,0.0,6581.0,6593.0,1.0,1.0018234310895
"Armstrong Transport Group (Pele Buyer, LLC)",Transportation: Cargo,Non-Control / Non-Affiliate,6613.0,6494.0,0.0,0.0,6613.0,6494.0,2.0,0.9820051413881749
"NF Holdco, LLC",Services: Business,Non-Control / Non-Affiliate,6784.0,6246.0,659.0,84.0,7443.0,6330.0,3.0,0.8504635227730754
"CCFF Buyer, LLC",Consumer goods: Non-durable,Non-Control / Non-Affiliate,5914.0,5977.0,233.0,255.0,6147.0,6232.0,3.0,1.0138278835204164
"Entact Environmental Services, Inc.",Environmental Industries,Non-Control / Non-Affiliate,6120.0,6136.0,0.0,0.0,6120.0,6136.0,1.0,1.0026143790849673
Archimede,Services: Consumer,Non-Control / Non-Affiliate,6188.0,6112.0,0.0,0.0,6188.0,6112.0,1.0,0.9877181641887525
"THG Acquisition, LLC","Banking, Finance, Insurance, & Real Estate",Non-Control / Non-Affiliate,5944.0,5969.0,0.0,0.0,5944.0,5969.0,2.0,1.0042059219380888
"Forest Buyer, LLC",Healthcare & Pharmaceuticals,Non-Control / Non-Affiliate,5980.0,5754.0,122.0,145.0,6102.0,5899.0,4.0,0.9667322189446084
Coyo Uprising GmbH,Services: Business,Non-Control / Non-Affiliate,5452.0,5332.0,651.0,526.0,6103.0,5858.0,3.0,0.9598558086187121
"ASC Communications, LLC","Media: Advertising, Printing, & Publishing",Non-Control / Non-Affiliate,4841.0,4833.0,539.0,961.0,5380.0,5794.0,3.0,1.0769516728624535
Rapid Buyer LLC,Capital Equipment,Non-Control / Non-Affiliate,5320.0,5330.0,533.0,445.0,5853.0,5775.0,3.0,0.9866735007688365
Isolstar Holding NV (IPCOM),Services: Business,Non-Control / Non-Affiliate,4862.0,5686.0,0.0,0.0,4862.0,5686.0,1.0,1.169477581242287
"CW Group Holdings, LLC",Healthcare & Pharmaceuticals,Non-Control / Non-Affiliate,5068.0,5160.0,161.0,475.0,5229.0,5635.0,2.0,1.0776439089692103
Protego Bidco B.V.,Aerospace & Defense,Non-Control / Non-Affiliate,5615.0,5607.0,0.0,0.0,5615.0,5607.0,3.0,0.9985752448797863
"Process Insights Acquisition, Inc.",Capital Equipment,Non-Control / Non-Affiliate,6593.0,5592.0,281.0,7.0,6874.0,5599.0,3.0,0.8145184754146058
"Brown Machine Group Holdings, LLC",Capital Equipment,Non-Control / Non-Affiliate,6050.0,5578.0,0.0,0.0,6050.0,5578.0,1.0,0.9219834710743802
"PowerGEM Buyer, Inc.",Healthcare & Pharmaceuticals,Non-Control / Non-Affiliate,5537.0,5551.0,0.0,0.0,5537.0,5551.0,2.0,1.0025284450063212
Utac Ceram,Services: Business,Non-Control / Non-Affiliate,5455.0,5470.0,0.0,0.0,5455.0,5470.0,2.0,1.002749770852429
"Coherus Biosciences, Inc.",Healthcare & Pharmaceuticals,Affiliate; Non-Control / Non-Affiliate,3908.0,3963.0,1264.0,1466.0,5172.0,5429.0,2.0,1.04969064191802
AlliA Insurance Brokers NV,Services: Business,Non-Control / Non-Affiliate,4943.0,5405.0,0.0,0.0,4943.0,5405.0,1.0,1.0934655067772607
HEKA Invest,Services: Business,Non-Control / Non-Affiliate,4531.0,5397.0,0.0,0.0,4531.0,5397.0,1.0,1.1911277863606269
Zeppelin Bidco Limited,Services: Business,Affiliate,2149.0,2647.0,2149.0,2731.0,4298.0,5378.0,3.0,1.2512796649604467
Contabo Finco S.À.R.L,Healthcare & Pharmaceuticals,Non-Control / Non-Affiliate,4579.0,5365.0,0.0,0.0,4579.0,5365.0,1.0,1.1716531993885129
Groupe Guemas,"Banking, Finance, Insurance, & Real Estate",Non-Control / Non-Affiliate,4843.0,5337.0,0.0,0.0,4843.0,5337.0,1.0,1.1020028907701838
Aegros Holdco 2 Ltd,"Banking, Finance, Insurance, & Real Estate",Non-Control / Non-Affiliate,5389.0,4691.0,12.0,593.0,5401.0,5284.0,2.0,0.9783373449361229
"Process Equipment, Inc. (ProcessBarron)",Capital Equipment,Non-Control / Non-Affiliate,5262.0,5270.0,0.0,0.0,5262.0,5270.0,1.0,1.0015203344735841
"Media Recovery, Inc. (SpotSee)","Containers, Packaging, & Glass",Non-Control / Non-Affiliate,5241.0,5258.0,0.0,0.0,5241.0,5258.0,4.0,1.0032436557908797
FragilePak LLC,Transportation: Cargo,Affiliate; Non-Control / Non-Affiliate,4457.0,4485.0,938.0,670.0,5395.0,5155.0,2.0,0.9555143651529193
"Bishop Street Underwriters, LLC","Banking, Finance, Insurance, & Real Estate",Non-Control / Non-Affiliate,4744.0,4738.0,287.0,261.0,5031.0,4999.0,2.0,0.9936394354999006
"Americo Chemical Products, LLC","Chemicals, Plastics, & Rubber",Non-Control / Non-Affiliate,4825.0,4827.0,88.0,104.0,4913.0,4931.0,3.0,1.0036637492367189
Finexvet,Healthcare & Pharmaceuticals,Non-Control / Non-Affiliate,5076.0,4922.0,0.0,0.0,5076.0,4922.0,1.0,0.9696611505122144
"Ice House America, L.L.C.",Consumer goods: Non-durable,Non-Control / Non-Affiliate,4876.0,4709.0,289.0,167.0,5165.0,4876.0,3.0,0.9440464666021298
"Renovation Parent Holdings, LLC",Consumer goods: Durable,Non-Control / Non-Affiliate,4615.0,4648.0,202.0,214.0,4817.0,4862.0,2.0,1.0093419140543907
Markerstudy Group Limited,"Banking, Finance, Insurance, & Real Estate",Non-Control / Non-Affiliate,4891.0,4831.0,0.0,0.0,4891.0,4831.0,1.0,0.9877325700265794
"Ocular Therapeutix, Inc.",Healthcare & Pharmaceuticals,Non-Control / Non-Affiliate,3854.0,4779.0,0.0,0.0,3854.0,4779.0,1.0,1.2400103788271926
"Bitly, Inc.",Healthcare & Pharmaceuticals,Non-Control / Non-Affiliate,4764.0,4767.0,0.0,0.0,4764.0,4767.0,2.0,1.0006297229219143
"Turnberry Solutions, Inc.",Services: Business,Non-Control / Non-Affiliate,4802.0,4724.0,0.0,0.0,4802.0,4724.0,1.0,0.9837567680133278
"Magnetite XIX, Limited",Services: Consumer,Non-Control / Non-Affiliate,5250.0,4689.0,0.0,0.0,5250.0,4689.0,1.0,0.8931428571428571
SRS Acquiom Holdings LLC,"Banking, Finance, Insurance, & Real Estate",Non-Control / Non-Affiliate,4515.0,4514.0,0.0,0.0,4515.0,4514.0,2.0,0.9997785160575858
Patriot New Midco 1 Limited (Forensic Risk Alliance),Services: Business,Non-Control / Non-Affiliate,4355.0,4472.0,0.0,0.0,4355.0,4472.0,2.0,1.026865671641791
FinThrive Software Intermediate Holdings Inc.,Healthcare & Pharmaceuticals,Non-Control / Non-Affiliate,0.0,0.0,10967.0,4449.0,10967.0,4449.0,1.0,0.4056715601349503
Cascade Residential Services LLC,Services: Consumer,Non-Control / Non-Affiliate,4708.0,4434.0,0.0,0.0,4708.0,4434.0,2.0,0.9418011894647409
"Argus Intermediate, LLC",Transportation: Cargo,Non-Control / Non-Affiliate,4352.0,4406.0,0.0,0.0,4352.0,4406.0,2.0,1.0124080882352942
Lambir Bidco Limited,Healthcare & Pharmaceuticals,Non-Control / Non-Affiliate,4494.0,4377.0,0.0,0.0,4494.0,4377.0,2.0,0.9739652870493992
Burgess Point Purchaser Corporation,Automotive,Non-Control / Non-Affiliate,4440.0,3950.0,455.0,413.0,4895.0,4363.0,2.0,0.891317671092952
"Real Chemistry Intermediate III, Inc.",Services: Business,Non-Control / Non-Affiliate,4363.0,4363.0,0.0,0.0,4363.0,4363.0,2.0,1.0
Smile Brands Group Inc.,Healthcare & Pharmaceuticals,Non-Control / Non-Affiliate,5435.0,4322.0,0.0,0.0,5435.0,4322.0,1.0,0.7952161913523459
Finaxy Holding,"Banking, Finance, Insurance, & Real Estate",Non-Control / Non-Affiliate,3951.0,4289.0,0.0,0.0,3951.0,4289.0,1.0,1.0855479625411288
Scout Bidco B.V.,Healthcare & Pharmaceuticals,Non-Control / Non-Affiliate,4265.0,4245.0,0.0,0.0,4265.0,4245.0,3.0,0.9953106682297772
Ceres Pharma NV,Healthcare & Pharmaceuticals,Non-Control / Non-Affiliate,3956.0,4184.0,0.0,0.0,3956.0,4184.0,2.0,1.057633973710819
OAC Holdings I Corp,Automotive,Non-Control / Non-Affiliate,4137.0,4176.0,0.0,0.0,4137.0,4176.0,2.0,1.009427121102248
"Megawatt Acquisitionco, Inc.",Aerospace & Defense,Non-Control / Non-Affiliate,4043.0,3988.0,205.0,167.0,4248.0,4155.0,4.0,0.9781073446327684
US Bank National Association Series 2025-2,Services: Consumer,Non-Control / Non-Affiliate,4113.0,4147.0,0.0,0.0,4113.0,4147.0,1.0,1.0082664721614394
"OSP Lakeside Intermediate Holdings 2, LLC",Healthcare & Pharmaceuticals,Non-Control / Non-Affiliate,4185.0,4144.0,0.0,0.0,4185.0,4144.0,2.0,0.9902031063321386
US Bank National Association Series 2025-1,Services: Consumer,Non-Control / Non-Affiliate,4026.0,4114.0,0.0,0.0,4026.0,4114.0,1.0,1.0218579234972678
M-Personal Protection Management GmbH,Aerospace & Defense,Non-Control / Non-Affiliate,3781.0,4061.0,0.0,0.0,3781.0,4061.0,1.0,1.0740544829410208
"Bounteous, Inc.",Services: Business,Non-Control / Non-Affiliate,4033.0,4037.0,0.0,0.0,4033.0,4037.0,1.0,1.000991817505579
Panther Bidco Pty Ltd,Services: Consumer,Non-Control / Non-Affiliate,4080.0,4014.0,0.0,0.0,4080.0,4014.0,1.0,0.9838235294117647
"CMT Opco Holding, LLC (Concept Machine)",Services: Business,Non-Control / Non-Affiliate,4708.0,4013.0,506.0,0.0,5214.0,4013.0,2.0,0.7696586114307633
"FitzMark Buyer, LLC",Transportation: Cargo,Non-Control / Non-Affiliate,3984.0,3994.0,0.0,0.0,3984.0,3994.0,1.0,1.0025100401606426
Victoria Bidco Limited,Consumer goods: Durable,Non-Control / Non-Affiliate,4102.0,3955.0,0.0,0.0,4102.0,3955.0,1.0,0.9641638225255973
Pare SAS (SAS Maurice MARLE),Healthcare & Pharmaceuticals,Non-Control / Non-Affiliate,3815.0,3907.0,0.0,0.0,3815.0,3907.0,2.0,1.0241153342070772
"MB Purchaser, LLC",Services: Business,Non-Control / Non-Affiliate,3752.0,3761.0,68.0,88.0,3820.0,3849.0,3.0,1.0075916230366493
Flywheel Holdings Segregated Portfolio 2025-2,"Banking, Finance, Insurance, & Real Estate",Non-Control / Non-Affiliate,0.0,0.0,3422.0,3833.0,3422.0,3833.0,1.0,1.1201052016364699
"CTS US Bidco, Inc.",Environmental Industries,Non-Control / Non-Affiliate,3720.0,3793.0,0.0,0.0,3720.0,3793.0,1.0,1.0196236559139784
Apex Bidco Limited,Services: Business,Non-Control / Non-Affiliate,3620.0,3736.0,0.0,0.0,3620.0,3736.0,2.0,1.0320441988950275
Everest Midco Limited,Healthcare & Pharmaceuticals,Non-Control / Non-Affiliate,3714.0,3708.0,0.0,0.0,3714.0,3708.0,3.0,0.9983844911147012
"Transportation Insight, LLC",Transportation: Cargo,Affiliate; Non-Control / Non-Affiliate,0.0,0.5,3099.0,3640.0,3099.0,3640.5,4.0,1.1747337850919652
"Superjet Buyer, LLC","Media: Advertising, Printing, & Publishing",Non-Control / Non-Affiliate,3548.0,3555.0,0.0,0.0,3548.0,3555.0,2.0,1.0019729425028185
MSI Express Inc.,"Containers, Packaging, & Glass",Non-Control / Non-Affiliate,3506.0,3502.0,0.0,0.0,3506.0,3502.0,2.0,0.9988590986879635
OG III B.V.,"Containers, Packaging, & Glass",Non-Control / Non-Affiliate,3710.0,3470.0,0.0,0.0,3710.0,3470.0,1.0,0.9353099730458221
Heilbron (f/k/a Sucsez (Bolt Bidco B.V.)),"Banking, Finance, Insurance, & Real Estate",Non-Control / Non-Affiliate,3676.0,3460.0,0.0,0.0,3676.0,3460.0,1.0,0.941240478781284
"TA KHP Aggregator, L.P.",Healthcare & Pharmaceuticals,Non-Control / Non-Affiliate,3366.0,3378.0,47.0,51.0,3413.0,3429.0,4.0,1.0046879578083798
TA SL Cayman Aggregator Corp.,Services: Business,Non-Control / Non-Affiliate,3325.0,3339.0,50.0,74.0,3375.0,3413.0,2.0,1.0112592592592593
"CEC Entertainment, LLC",Services: Consumer,Non-Control / Non-Affiliate,3409.0,3410.0,0.0,0.0,3409.0,3410.0,1.0,1.0002933411557642
Global Academic Group Limited,Services: Consumer,Non-Control / Non-Affiliate,3444.0,3397.0,0.0,0.0,3444.0,3397.0,2.0,0.9863530778164924
Accelerant Holdings,"Banking, Finance, Insurance, & Real Estate",Non-Control / Non-Affiliate,0.0,0.0,3341.0,3356.0,3341.0,3356.0,1.0,1.0044896737503741
"MIV Buyer, LLC",Services: Business,Non-Control / Non-Affiliate,3230.0,3237.0,101.0,102.0,3331.0,3339.0,3.0,1.0024016811768237
HSL Compliance,Services: Business,Non-Control / Non-Affiliate,3257.0,3324.0,0.0,0.0,3257.0,3324.0,1.0,1.0205710776788455
Maia Bidco Limited,Healthcare & Pharmaceuticals,Non-Control / Non-Affiliate,3298.0,3288.0,0.0,0.0,3298.0,3288.0,3.0,0.9969678593086719
"ARC Interco Purchaser, LLC",Services: Business,Non-Control / Non-Affiliate,3143.0,3147.0,122.0,107.0,3265.0,3254.0,3.0,0.9966309341500765
"Home Care Assistance, LLC",Healthcare & Pharmaceuticals,Non-Control / Non-Affiliate,3740.0,3244.0,0.0,0.0,3740.0,3244.0,1.0,0.8673796791443851
"Lockmasters Security Intermediate, Inc.",Construction & Building,Non-Control / Non-Affiliate,3206.0,3201.0,0.0,0.0,3206.0,3201.0,2.0,0.9984404242046163
Argus Bidco Limited,Healthcare & Pharmaceuticals,Non-Control / Non-Affiliate,3071.0,3106.0,140.0,43.0,3211.0,3149.0,5.0,0.980691373403924
Mercell Holding AS,Telecommunications,Non-Control / Non-Affiliate,3166.0,3063.0,111.0,84.0,3277.0,3147.0,3.0,0.9603295697284101
Herbalife Ltd.,Consumer goods: Non-durable,Non-Control / Non-Affiliate,2979.0,3119.0,0.0,0.0,2979.0,3119.0,1.0,1.0469956361195032
Selenium Designated Activity Company,Services: Consumer,Non-Control / Non-Affiliate,2912.0,3113.0,0.0,0.0,2912.0,3113.0,1.0,1.0690247252747254
Syntax Midco 2 Inc.,Healthcare & Pharmaceuticals,Non-Control / Non-Affiliate,3089.0,3096.0,0.0,0.0,3089.0,3096.0,2.0,1.002266105535772
Thompson Rivers LLC,"Hotel, Gaming, & Leisure",Affiliate,0.0,0.0,18823.0,3059.0,18823.0,3059.0,1.0,0.16251394570472294
"Express Wash Acquisition Company, LLC",Services: Consumer,Non-Control / Non-Affiliate,3223.0,3053.0,0.0,0.0,3223.0,3053.0,2.0,0.9472541110766367
"Polara Enterprises, L.L.C.",Capital Equipment,Non-Control / Non-Affiliate,1133.0,1147.0,741.0,1905.0,1874.0,3052.0,3.0,1.6286019210245464
Ferrellgas L.P.,Energy: Oil & Gas,Non-Control / Non-Affiliate,0.0,0.0,2799.0,3030.0,2799.0,3030.0,1.0,1.082529474812433
Astra Bidco Limited,Healthcare & Pharmaceuticals,Non-Control / Non-Affiliate,2939.0,2993.0,0.0,0.0,2939.0,2993.0,2.0,1.0183735964613814
Infoniqa Holdings GmbH,Services: Business,Non-Control / Non-Affiliate,2937.0,2980.0,0.0,0.0,2937.0,2980.0,1.0,1.0146407899216887
Flywheel Re Segregated Portfolio 2022-4,"Banking, Finance, Insurance, & Real Estate",Non-Control / Non-Affiliate,0.0,0.0,2026.0,2883.0,2026.0,2883.0,1.0,1.4230009871668312
IM Square,"Banking, Finance, Insurance, & Real Estate",Non-Control / Non-Affiliate,2973.0,2881.0,0.0,0.0,2973.0,2881.0,1.0,0.9690548267743021
"OSP AFS Buyer, LLC","Banking, Finance, Insurance, & Real Estate",Non-Control / Non-Affiliate,2868.0,2878.0,0.0,0.0,2868.0,2878.0,2.0,1.003486750348675
Permaconn BidCo Pty Ltd,Telecommunications,Non-Control / Non-Affiliate,2721.0,2806.0,0.0,0.0,2721.0,2806.0,1.0,1.0312385152517456
Qima Finance LTD,Services: Business,Non-Control / Non-Affiliate,2793.0,2805.0,0.0,0.0,2793.0,2805.0,1.0,1.004296455424275
Oracle Vision Bidco Limited,Healthcare & Pharmaceuticals,Non-Control / Non-Affiliate,3191.0,2795.0,0.0,0.0,3191.0,2795.0,1.0,0.875900971482294
NeoxCo,Healthcare & Pharmaceuticals,Non-Control / Non-Affiliate,2538.0,2755.0,0.0,0.0,2538.0,2755.0,1.0,1.0855003940110324
"HemaSource, Inc.",Healthcare & Pharmaceuticals,Non-Control / Non-Affiliate,2510.0,2579.0,101.0,152.0,2611.0,2731.0,3.0,1.0459594025277672
EZ SMBO Bidco,Healthcare & Pharmaceuticals,Non-Control / Non-Affiliate,2669.0,2709.0,0.0,0.0,2669.0,2709.0,4.0,1.014986886474335
"BLI Buyer, Inc.","Containers, Packaging, & Glass",Non-Control / Non-Affiliate,2702.0,2705.0,0.0,0.0,2702.0,2705.0,2.0,1.0011102886750556
"Forge Borrower, LLC","Banking, Finance, Insurance, & Real Estate",Non-Control / Non-Affiliate,2694.0,2692.0,0.0,0.0,2694.0,2692.0,2.0,0.9992576095025983
Biolam Group,Healthcare & Pharmaceuticals,Affiliate,2537.0,1338.0,2537.0,1338.0,5074.0,2676.0,3.0,0.5273945605045329
"Sparus Holdings, LLC (f/k/a Sparus Holdings, Inc.)",Services: Business,Non-Control / Non-Affiliate,2653.0,2668.0,0.0,0.0,2653.0,2668.0,2.0,1.00565397663023
APC1 Holding,Capital Equipment,Non-Control / Non-Affiliate,2339.0,2601.0,0.0,0.0,2339.0,2601.0,1.0,1.112013681060282
Acogroup,Services: Business,Non-Control / Non-Affiliate,8051.0,2517.0,0.0,0.0,8051.0,2517.0,1.0,0.3126319711837039
"Broadway Buyer, LLC",Services: Business,Non-Control / Non-Affiliate,2142.0,2145.0,312.0,371.0,2454.0,2516.0,3.0,1.0252648736756316
DAWGS Intermediate Holdings Co.,Capital Equipment,Non-Control / Non-Affiliate,2040.0,2058.0,347.0,441.0,2387.0,2499.0,3.0,1.0469208211143695
"Owl Intermediate Holdings, LLC","Banking, Finance, Insurance, & Real Estate",Non-Control / Non-Affiliate,2791.0,2485.0,0.0,0.0,2791.0,2485.0,2.0,0.8903618774632748
Starnmeer B.V.,Services: Business,Non-Control / Non-Affiliate,2491.0,2478.0,0.0,0.0,2491.0,2478.0,1.0,0.9947812123645122
HS Advisory Buyer LLC,Services: Business,Non-Control / Non-Affiliate,2492.0,2475.0,0.0,0.0,2492.0,2475.0,2.0,0.9931781701444623
UBC Ledgers Holding AB,Services: Business,Non-Control / Non-Affiliate,2204.0,2435.0,0.0,0.0,2204.0,2435.0,2.0,1.1048094373865698
Auxi International,Services: Business,Non-Control / Non-Affiliate,2462.0,2410.0,0.0,0.0,2462.0,2410.0,2.0,0.9788789601949635
"Unosquare, LLC",Healthcare & Pharmaceuticals,Non-Control / Non-Affiliate,2343.0,2209.0,261.0,171.0,2604.0,2380.0,3.0,0.9139784946236559
Riedel Beheer B.V.,"Beverage, Food, & Tobacco",Non-Control / Non-Affiliate,2276.0,2378.0,0.0,0.0,2276.0,2378.0,1.0,1.0448154657293498
"GMF Parent, Inc.","Beverage, Food, & Tobacco",Non-Control / Non-Affiliate,2214.0,2216.0,138.0,138.0,2352.0,2354.0,3.0,1.0008503401360545
"Dane Street, LLC",Healthcare & Pharmaceuticals,Non-Control / Non-Affiliate,2354.0,2354.0,0.0,0.0,2354.0,2354.0,2.0,1.0
NPM Investments 28 B.V.,Healthcare & Pharmaceuticals,Non-Control / Non-Affiliate,2007.0,2347.0,0.0,0.0,2007.0,2347.0,1.0,1.1694070752366716
"PSP Intermediate 4, LLC",Healthcare & Pharmaceuticals,Non-Control / Non-Affiliate,2252.0,2336.0,0.0,0.0,2252.0,2336.0,2.0,1.0373001776198933
Lighthouse Finco SARL,Healthcare & Pharmaceuticals,Non-Control / Non-Affiliate,2378.0,2322.0,0.0,0.0,2378.0,2322.0,2.0,0.9764507989907485
Adhefin International,Services: Business,Non-Control / Non-Affiliate,2204.0,2292.0,0.0,0.0,2204.0,2292.0,1.0,1.0399274047186933
Featherstone Bidco Limited,"Hotel, Gaming, & Leisure",Non-Control / Non-Affiliate,2280.0,2290.0,0.0,0.0,2280.0,2290.0,2.0,1.0043859649122806
Moonlight Bidco Limited,Healthcare & Pharmaceuticals,Non-Control / Non-Affiliate,1993.0,2052.0,138.0,203.0,2131.0,2255.0,2.0,1.058188643829188
White Bidco Limited,Healthcare & Pharmaceuticals,Non-Control / Non-Affiliate,2233.0,2250.0,0.0,0.0,2233.0,2250.0,1.0,1.0076130765785938
InvoCare Limited,Services: Consumer,Non-Control / Non-Affiliate,2078.0,2201.0,0.0,0.0,2078.0,2201.0,1.0,1.0591915303176132
HomeX Services Group LLC,Services: Consumer,Non-Control / Non-Affiliate,2163.0,2183.0,0.0,0.0,2163.0,2183.0,2.0,1.0092464170134072
"SCP Medical Products, LLC.",Healthcare & Pharmaceuticals,Non-Control / Non-Affiliate,2036.0,2040.0,53.0,47.0,2089.0,2087.0,3.0,0.9990426041168023
"ProfitOptics, LLC",Healthcare & Pharmaceuticals,Non-Control / Non-Affiliate,1657.0,1635.0,161.0,444.0,1818.0,2079.0,4.0,1.1435643564356435
"The Octave Music Group, Inc.",Media: Broadcasting & Subscription,Non-Control / Non-Affiliate,60.0,57.0,677.0,1954.0,737.0,2011.0,2.0,2.728629579375848
Recon Buyer LLC,Automotive,Non-Control / Non-Affiliate,1873.0,1879.0,116.0,121.0,1989.0,2000.0,3.0,1.0055304172951232
EB Development,Healthcare & Pharmaceuticals,Non-Control / Non-Affiliate,1797.0,1996.0,0.0,0.0,1797.0,1996.0,1.0,1.110740122426266
"Swoop Intermediate III, Inc.",Healthcare & Pharmaceuticals,Non-Control / Non-Affiliate,1957.0,1977.0,0.0,0.0,1957.0,1977.0,2.0,1.0102197240674502
"Lifestyle Intermediate II, LLC",Consumer goods: Durable,Non-Control / Non-Affiliate,2887.0,1909.0,0.0,0.0,2887.0,1909.0,2.0,0.6612400415656391
Footco 40 Limited,Media: Diversified & Production,Non-Control / Non-Affiliate,1870.0,1853.0,0.0,0.0,1870.0,1853.0,2.0,0.990909090909091
Sunrise Acquisition Bidco Limited,Services: Business,Non-Control / Non-Affiliate,1828.0,1847.0,0.0,0.0,1828.0,1847.0,1.0,1.0103938730853392
Broadstone Group UK LTD,"Banking, Finance, Insurance, & Real Estate",Non-Control / Non-Affiliate,1744.0,1812.0,0.0,0.0,1744.0,1812.0,1.0,1.0389908256880733
Sapphire Bidco S.A.R.L.,Services: Business,Non-Control / Non-Affiliate,1776.0,1776.0,0.0,0.0,1776.0,1776.0,1.0,1.0
Tanqueray Bidco Limited,Services: Business,Non-Control / Non-Affiliate,1532.0,1765.0,0.0,0.0,1532.0,1765.0,1.0,1.152088772845953
Sinari Invest,Healthcare & Pharmaceuticals,Non-Control / Non-Affiliate,1954.0,1761.0,0.0,0.0,1954.0,1761.0,1.0,0.9012282497441146
Faraday,Healthcare & Pharmaceuticals,Non-Control / Non-Affiliate,1633.0,1755.0,0.0,0.0,1633.0,1755.0,1.0,1.0747091243110838
Eurofins Digital Testing International LUX Holding SARL,Healthcare & Pharmaceuticals,Non-Control / Non-Affiliate,2761.0,1752.0,0.0,0.0,2761.0,1752.0,6.0,0.6345526982977182
"ERS Holdings, LLC","Banking, Finance, Insurance, & Real Estate",Non-Control / Non-Affiliate,1704.0,1703.0,46.0,46.0,1750.0,1749.0,3.0,0.9994285714285714
Greenhill II BV,Services: Business,Non-Control / Non-Affiliate,1582.0,1719.0,0.0,0.0,1582.0,1719.0,1.0,1.086599241466498
Jon Bidco Limited,Healthcare & Pharmaceuticals,Non-Control / Non-Affiliate,1893.0,1714.0,0.0,0.0,1893.0,1714.0,1.0,0.9054410987849973
Catawba River Limited,Services: Consumer,Non-Control / Non-Affiliate,3579.0,1714.0,0.0,0.0,3579.0,1714.0,1.0,0.4789047219893825
Ruby Bidco Pty Ltd,Services: Business,Non-Control / Non-Affiliate,1658.0,1707.0,0.0,0.0,1658.0,1707.0,1.0,1.0295536791314837
High Tech Industries Argus Bidco Limited,Healthcare & Pharmaceuticals,Non-Control / Non-Affiliate,1668.0,1703.0,1.0,0.0,1669.0,1703.0,2.0,1.0203714799281007
SSCP Pegasus Midco Limited,Healthcare & Pharmaceuticals,Non-Control / Non-Affiliate,1721.0,1699.0,0.0,0.0,1721.0,1699.0,1.0,0.9872167344567112
QPE7 SPV1 BidCo Pty Ltd,Services: Consumer,Non-Control / Non-Affiliate,1798.0,1681.0,0.0,0.0,1798.0,1681.0,1.0,0.9349276974416018
Zelda Luxco S.A.S,Healthcare & Pharmaceuticals,Non-Control / Non-Affiliate,1690.0,1679.0,0.0,0.0,1690.0,1679.0,1.0,0.993491124260355
Avance Clinical Bidco Pty Ltd,Healthcare & Pharmaceuticals,Non-Control / Non-Affiliate,1687.0,1652.0,0.0,0.0,1687.0,1652.0,1.0,0.979253112033195
Interstellar Group B.V.,Services: Business,Non-Control / Non-Affiliate,1632.0,1642.0,0.0,0.0,1632.0,1642.0,1.0,1.0061274509803921
Pepper Bidco Pty Ltd,Healthcare & Pharmaceuticals,Non-Control / Non-Affiliate,1693.0,1625.0,0.0,0.0,1693.0,1625.0,1.0,0.9598346131128175
Application Boot Camp LLC,Services: Consumer,Non-Control / Non-Affiliate,1278.0,1300.0,235.0,295.0,1513.0,1595.0,4.0,1.0541969596827494
Events Software BidCo Pty Ltd,Services: Business,Non-Control / Non-Affiliate,1835.0,1567.0,0.0,0.0,1835.0,1567.0,1.0,0.8539509536784741
Diversified Packaging Holdings LLC,"Containers, Packaging, & Glass",Non-Control / Non-Affiliate,1030.0,1024.0,277.0,534.0,1307.0,1558.0,2.0,1.1920428462127008
Accelevation LLC,Services: Business,Non-Control / Non-Affiliate,1506.0,1536.0,0.0,0.0,1506.0,1536.0,2.0,1.0199203187250996
Murphy Midco Limited,Media: Diversified & Production,Non-Control / Non-Affiliate,1726.0,1475.0,0.0,0.0,1726.0,1475.0,1.0,0.854577056778679
"Scaled Agile, Inc.",Services: Business,Non-Control / Non-Affiliate,2167.0,1393.0,0.0,0.0,2167.0,1393.0,2.0,0.6428241808952468
"Durare Bidco, LLC",Healthcare & Pharmaceuticals,Non-Control / Non-Affiliate,1382.0,1376.0,0.0,0.0,1382.0,1376.0,2.0,0.9956584659913169
Cobham Slip Rings SAS,Capital Equipment,Non-Control / Non-Affiliate,1294.0,1303.0,0.0,0.0,1294.0,1303.0,1.0,1.0069551777434311
Electric Equipment & Engineering Co.,Services: Business,Non-Control / Non-Affiliate,717.0,715.0,188.0,390.0,905.0,1105.0,2.0,1.2209944751381216
Expert Institute Group Inc.,Services: Business,Non-Control / Non-Affiliate,1059.0,1090.0,0.0,0.0,1059.0,1090.0,2.0,1.0292728989612843
"Compass Precision, LLC",Aerospace & Defense,Non-Control / Non-Affiliate,653.0,656.0,125.0,400.0,778.0,1056.0,2.0,1.3573264781491003
ORTEC INTERNATIONAL NEWCO B.V.,Healthcare & Pharmaceuticals,Non-Control / Non-Affiliate,980.0,1053.0,0.0,0.0,980.0,1053.0,1.0,1.0744897959183672
Union Bidco Limited,Healthcare & Pharmaceuticals,Non-Control / Non-Affiliate,958.0,1046.0,0.0,0.0,958.0,1046.0,1.0,1.091858037578288
EFC International,Services: Business,Non-Control / Non-Affiliate,816.0,825.0,231.0,218.0,1047.0,1043.0,2.0,0.9961795606494747
Sansidor BV,Services: Business,Non-Control / Non-Affiliate,1020.0,1042.0,0.0,0.0,1020.0,1042.0,1.0,1.0215686274509803
SSCP Spring Bidco 3 Limited,Healthcare & Pharmaceuticals,Non-Control / Non-Affiliate,940.0,1004.0,0.0,0.0,940.0,1004.0,1.0,1.0680851063829788
Dunlipharder B.V.,Services: Business,Non-Control / Non-Affiliate,994.0,1000.0,0.0,0.0,994.0,1000.0,1.0,1.0060362173038229
"Structured Product Apidos CLO XXIV, Series 2016- 24A",Services: Consumer,Non-Control / Non-Affiliate,3383.0,995.0,0.0,0.0,3383.0,995.0,1.0,0.29411764705882354
Technology Service Stream BidCo Pty Ltd,Services: Business,Non-Control / Non-Affiliate,947.0,979.0,0.0,0.0,947.0,979.0,1.0,1.0337909186906018
"ITI Intermodal, Inc.",Transportation: Cargo,Affiliate; Non-Control / Non-Affiliate,0.0,1.1,750.0,977.0,750.0,978.1,3.0,1.3041333333333334
Arc Education,Services: Consumer,Non-Control / Non-Affiliate,924.0,973.0,0.0,0.0,924.0,973.0,1.0,1.053030303030303
"Team Air Distributing, LLC",Consumer goods: Durable,Non-Control / Non-Affiliate,802.0,755.0,613.0,212.0,1415.0,967.0,3.0,0.6833922261484099
SVI International LLC,Automotive,Non-Control / Non-Affiliate,629.0,639.0,208.0,327.0,837.0,966.0,3.0,1.1541218637992832
GCDL LLC,Healthcare & Pharmaceuticals,Non-Control / Non-Affiliate,607.0,608.0,243.0,340.0,850.0,948.0,3.0,1.1152941176470588
"AIT Worldwide Logistics Holdings, Inc.",Transportation: Cargo,Affiliate,0.0,0.0,349.0,929.0,349.0,929.0,1.0,2.66189111747851
Lattice Group Holdings Bidco Limited,Healthcare & Pharmaceuticals,Non-Control / Non-Affiliate,934.0,928.0,0.0,0.0,934.0,928.0,3.0,0.9935760171306209
"CH Buyer, LLC",Healthcare & Pharmaceuticals,Non-Control / Non-Affiliate,856.0,864.0,69.0,62.0,925.0,926.0,3.0,1.001081081081081
"Echo Global Logistics, Inc.",Transportation: Cargo,Affiliate,0.0,0.0,531.0,912.0,531.0,912.0,1.0,1.7175141242937852
Parkview Dental Holdings LLC,Healthcare & Pharmaceuticals,Non-Control / Non-Affiliate,616.0,622.0,311.0,275.0,927.0,897.0,4.0,0.9676375404530745
Keystone Bidco B.V.,Healthcare & Pharmaceuticals,Non-Control / Non-Affiliate,873.0,886.0,0.0,0.0,873.0,886.0,2.0,1.0148911798396334
Origin Bidco Limited,Services: Business,Non-Control / Non-Affiliate,885.0,866.0,0.0,0.0,885.0,866.0,2.0,0.9785310734463277
David Wood Baking UK Ltd,Consumer goods: Non-durable,Non-Control / Non-Affiliate,829.0,849.0,0.0,0.0,829.0,849.0,1.0,1.0241254523522316
Sonicwall US Holdings Inc,Healthcare & Pharmaceuticals,Non-Control / Non-Affiliate,2836.0,847.0,0.0,0.0,2836.0,847.0,1.0,0.2986600846262341
Serta Simmons Bedding LLC,Consumer goods: Durable,Non-Control / Non-Affiliate,0.0,0.0,1630.0,839.0,1630.0,839.0,1.0,0.5147239263803681
HeartHealth Bidco Pty Ltd,Healthcare & Pharmaceuticals,Non-Control / Non-Affiliate,814.0,809.0,0.0,0.0,814.0,809.0,1.0,0.9938574938574939
Waccamaw River LLC,"Hotel, Gaming, & Leisure",Affiliate,0.0,0.0,13203.0,649.0,13203.0,649.0,1.0,0.049155494963265926
Artemis Bidco Limited,Services: Business,Non-Control / Non-Affiliate,578.0,619.0,0.0,0.0,578.0,619.0,1.0,1.0709342560553634
Unither (Uniholding),Healthcare & Pharmaceuticals,Non-Control / Non-Affiliate,530.0,577.0,0.0,0.0,530.0,577.0,1.0,1.088679245283019
Vista Global Holding Ltd,Services: Consumer,Non-Control / Non-Affiliate,481.0,471.0,0.0,0.0,481.0,471.0,1.0,0.9792099792099792
"Kanawha Scales & Systems, LLC",Capital Equipment,Non-Control / Non-Affiliate,449.0,449.0,0.0,0.0,449.0,449.0,2.0,1.0
Canadian Orthodontic Partners Corp.,Healthcare & Pharmaceuticals,Non-Control / Non-Affiliate,1949.0,426.0,424.0,0.0,2373.0,426.0,6.0,0.179519595448799
Bariacum S.A.,Services: Consumer,Non-Control / Non-Affiliate,3693.0,415.0,0.0,0.0,3693.0,415.0,3.0,0.11237476306525859
Groupe Product Life,Healthcare & Pharmaceuticals,Non-Control / Non-Affiliate,475.0,403.0,0.0,0.0,475.0,403.0,1.0,0.848421052631579
"Medical Solutions Parent Holdings, Inc.",Healthcare & Pharmaceuticals,Non-Control / Non-Affiliate,4400.0,354.0,0.0,0.0,4400.0,354.0,1.0,0.08045454545454546
"Advantage Software Company (The), LLC","Media: Advertising, Printing, & Publishing",Non-Control / Non-Affiliate,0.0,0.0,363.0,336.0,363.0,336.0,4.0,0.9256198347107438
"Polymer Solutions Group Holdings, LLC","Chemicals, Plastics, & Rubber",Non-Control / Non-Affiliate,994.0,322.0,0.0,0.0,994.0,322.0,2.0,0.323943661971831
High Street Buyer Inc.,"Banking, Finance, Insurance, & Real Estate",Non-Control / Non-Affiliate,289.0,289.0,0.0,0.0,289.0,289.0,1.0,1.0
Pinion Holdings Limited,"Banking, Finance, Insurance, & Real Estate",Non-Control / Non-Affiliate,0.0,0.0,289.0,289.0,289.0,289.0,1.0,1.0
"MNS Buyer, Inc.",Construction & Building,Non-Control / Non-Affiliate,267.0,268.0,0.0,0.0,267.0,268.0,1.0,1.00374531835206
"Terrybear, Inc.",Consumer goods: Durable,Non-Control / Non-Affiliate,297.0,234.0,239.0,0.0,536.0,234.0,2.0,0.43656716417910446
Marmoutier Holding B.V.,Services: Consumer,Non-Control / Non-Affiliate,442.0,216.0,0.0,0.0,442.0,216.0,4.0,0.48868778280542985
"DataServ Integrations, LLC",Services: Business,Non-Control / Non-Affiliate,0.0,0.0,192.0,198.0,192.0,198.0,1.0,1.03125
"Command Alkon (Project Potter Buyer, LLC)",Healthcare & Pharmaceuticals,Non-Control / Non-Affiliate,0.0,0.0,0.0,158.0,0.0,158.0,1.0,
Aptus 1829. GmbH,"Chemicals, Plastics, & Rubber",Non-Control / Non-Affiliate,0.0,0.0,132.0,71.0,132.0,71.0,2.0,0.5378787878787878
"RTIC Subsidiary Holdings, LLC",Consumer goods: Durable,Non-Control / Non-Affiliate,0.0,0.0,454.0,30.0,454.0,30.0,4.0,0.06607929515418502
"Velocity Pooling Vehicle, LLC",Automotive,Non-Control / Non-Affiliate,0.0,0.0,132.0,5.0,132.0,5.0,2.0,0.03787878787878788
"ITI Intermodal, Inc. PAS Chassis Holdco LLC",Transportation: Cargo,Non-Control / Non-Affiliate,0.0,1.2,0.0,0.0,0.0,1.2,1.0,
"R1 Holdings, LLC",Transportation: Cargo,Non-Control / Non-Affiliate,0.0,0.7,0.0,0.0,0.0,0.7,2.0,
International Fleet Financing No.2 B.V.,Transportation: Cargo,Non-Control / Non-Affiliate,0.0,0.7,0.0,0.0,0.0,0.7,1.0,
Spatial Business Systems LLC,Utilities: Electric,Non-Control / Non-Affiliate,0.0,0.6,0.0,0.0,0.0,0.6,1.0,
Breeze Aviation Group Inc,Transportation: Cargo,Non-Control / Non-Affiliate,0.0,0.4,0.0,0.0,0.0,0.4,2.0,
REP SEKO MERGER SUB LLC,Transportation: Cargo,Affiliate; Non-Control / Non-Affiliate,0.0,0.2,5403.0,0.0,5403.0,0.2,2.0,3.701647233018694e-05
Transportation: Consumer Breeze Aviation Group Inc,Transportation: Cargo,Non-Control / Non-Affiliate,0.0,0.2,0.0,0.0,0.0,0.2,1.0,
Panoche Energy Center LLC,Utilities: Electric,Non-Control / Non-Affiliate,0.0,0.2,0.0,0.0,0.0,0.2,1.0,
REP SEKO MERGER SUB LLC LLC,Transportation: Cargo,Non-Control / Non-Affiliate,0.0,0.1,0.0,0.0,0.0,0.1,1.0,
"Resolute Investment Managers, Inc.","Banking, Finance, Insurance, & Real Estate",Non-Control / Non-Affiliate,0.0,0.0,0.0,0.0,0.0,0.0,1.0,
"DecksDirect, LLC",Consumer goods: Durable,Non-Control / Non-Affiliate,0.0,0.0,113.0,0.0,113.0,0.0,3.0,0.0
LLC,"Hotel, Gaming, & Leisure",Affiliate,0.0,0.0,11608.0,0.0,11608.0,0.0,1.0,0.0
KAMC Holdings Inc.,Utilities: Electric,Non-Control / Non-Affiliate,0.0,-6.6,0.0,0.0,0.0,-6.6,2.0,
GPNZ II GmbH,Healthcare & Pharmaceuticals,Non-Control / Non-Affiliate,941.0,-12.0,0.0,0.0,941.0,-12.0,3.0,-0.012752391073326248
WWEC Holdings III Corp,"Containers, Packaging, & Glass",Non-Control / Non-Affiliate,-27.0,-16.0,0.0,0.0,-27.0,-16.0,1.0,0.5925925925925926
,,,,,,,,,,
,,,,,,,,,,
,,,,,,,,,,
,,,,,,,,,,
,,,,,,,,,,
,,,,,,,,,,
,,,,,,,,,,
,,,,,,,,,,
,,,,,,,,,,
,,,,,,,,,,
,,,,,,,,,,
,,,,,,,,,,
,,,,,,,,,,
,,,,,,,,,,
,,,,,,,,,,
,,,,,,,,,,
,,,,,,,,,,
,,,,,,,,,,
,,,,,,,,,,
,,,,,,,,,,
,,,,,,,,,,
,,,,,,,,,,
,,,,,,,,,,
,,,,,,,,,,
,,,,,,,,,,
,,,,,,,,,,
,,,,,,,,,,
,,,,,,,,,,
,,,,,,,,,,
,,,,,,,,,,
,,,,,,,,,,
,,,,,,,,,,
,,,,,,,,,,
,,,,,,,,,,
,,,,,,,,,,
,,,,,,,,,,
,,,,,,,,,,
,,,,,,,,,,
,,,,,,,,,,
,,,,,,,,,,
,,,,,,,,,,
,,,,,,,,,,
,,,,,,,,,,
,,,,,,,,,,
,,,,,,,,,,
,,,,,,,,,,
,,,,,,,,,,
,,,,,,,,,,
,,,,,,,,,,
,,,,,,,,,,
,,,,,,,,,,
,,,,,,,,,,
,,,,,,,,,,
,,,,,,,,,,
,,,,,,,,,,
,,,,,,,,,,
,,,,,,,,,,
,,,,,,,,,,
,,,,,,,,,,
,,,,,,,,,,
,,,,,,,,,,
,,,,,,,,,,
,,,,,,,,,,
,,,,,,,,,,
,,,,,,,,,,
,,,,,,,,,,
,,,,,,,,,,
,,,,,,,,,,
,,,,,,,,,,
,,,,,,,,,,
,,,,,,,,,,
,,,,,,,,,,
,,,,,,,,,,
,,,,,,,,,,
,,,,,,,,,,
,,,,,,,,,,
,,,,,,,,,,
,,,,,,,,,,
,,,,,,,,,,
,,,,,,,,,,
,,,,,,,,,,
,,,,,,,,,,
,,,,,,,,,,
,,,,,,,,,,
,,,,,,,,,,
,,,,,,,,,,
,,,,,,,,,,
,,,,,,,,,,
,,,,,,,,,,
,,,,,,,,,,
,,,,,,,,,,
,,,,,,,,,,
,,,,,,,,,,
,,,,,,,,,,
,,,,,,,,,,
,,,,,,,,,,
,,,,,,,,,,
,,,,,,,,,,
,,,,,,,,,,
,,,,,,,,,,
,,,,,,,,,,
,,,,,,,,,,
,,,,,,,,,,
,,,,,,,,,,
,,,,,,,,,,
,,,,,,,,,,
,,,,,,,,,,
,,,,,,,,,,
,,,,,,,,,,
,,,,,,,,,,
,,,,,,,,,,
,,,,,,,,,,
,,,,,,,,,,
,,,,,,,,,,
,,,,,,,,,,
,,,,,,,,,,
,,,,,,,,,,
,,,,,,,,,,
,,,,,,,,,,
,,,,,,,,,,
,,,,,,,,,,
,,,,,,,,,,
,,,,,,,,,,
,,,,,,,,,,
,,,,,,,,,,
,,,,,,,,,,
,,,,,,,,,,
,,,,,,,,,,
,,,,,,,,,,
,,,,,,,,,,
,,,,,,,,,,
,,,,,,,,,,
,,,,,,,,,,
,,,,,,,,,,
,,,,,,,,,,
,,,,,,,,,,
,,,,,,,,,,
,,,,,,,,,,
,,,,,,,,,,
,,,,,,,,,,
,,,,,,,,,,
,,,,,,,,,,
,,,,,,,,,,
,,,,,,,,,,
,,,,,,,,,,
,,,,,,,,,,
,,,,,,,,,,
,,,,,,,,,,
,,,,,,,,,,
,,,,,,,,,,
,,,,,,,,,,
,,,,,,,,,,
,,,,,,,,,,
,,,,,,,,,,
,,,,,,,,,,
,,,,,,,,,,
,,,,,,,,,,
,,,,,,,,,,
,,,,,,,,,,
,,,,,,,,,,
,,,,,,,,,,
,,,,,,,,,,
,,,,,,,,,,
,,,,,,,,,,
,,,,,,,,,,
,,,,,,,,,,
,,,,,,,,,,
,,,,,,,,,,
,,,,,,,,,,
,,,,,,,,,,
,,,,,,,,,,
,,,,,,,,,,
,,,,,,,,,,
,,,,,,,,,,
,,,,,,,,,,
,,,,,,,,,,
,,,,,,,,,,
,,,,,,,,,,
,,,,,,,,,,
,,,,,,,,,,
,,,,,,,,,,
,,,,,,,,,,
,,,,,,,,,,
,,,,,,,,,,
,,,,,,,,,,
,,,,,,,,,,
,,,,,,,,,,
,,,,,,,,,,
,,,,,,,,,,
,,,,,,,,,,
,,,,,,,,,,
,,,,,,,,,,
,,,,,,,,,,
,,,,,,,,,,
,,,,,,,,,,
,,,,,,,,,,
,,,,,,,,,,
,,,,,,,,,,
,,,,,,,,,,
,,,,,,,,,,
,,,,,,,,,,
,,,,,,,,,,
,,,,,,,,,,
,,,,,,,,,,
,,,,,,,,,,
,,,,,,,,,,
,,,,,,,,,,
,,,,,,,,,,
,,,,,,,,,,
,,,,,,,,,,
,,,,,,,,,,
,,,,,,,,,,
,,,,,,,,,,
,,,,,,,,,,
,,,,,,,,,,
,,,,,,,,,,
,,,,,,,,,,
,,,,,,,,,,
,,,,,,,,,,
,,,,,,,,,,
,,,,,,,,,,
,,,,,,,,,,
,,,,,,,,,,
,,,,,,,,,,
,,,,,,,,,,
,,,,,,,,,,
,,,,,,,,,,
,,,,,,,,,,
,,,,,,,,,,
,,,,,,,,,,
,,,,,,,,,,
,,,,,,,,,,
,,,,,,,,,,
,,,,,,,,,,
,,,,,,,,,,
,,,,,,,,,,
,,,,,,,,,,
,,,,,,,,,,
,,,,,,,,,,
,,,,,,,,,,
,,,,,,,,,,
,,,,,,,,,,
,,,,,,,,,,
,,,,,,,,,,
,,,,,,,,,,
,,,,,,,,,,
,,,,,,,,,,
,,,,,,,,,,
,,,,,,,,,,
,,,,,,,,,,
,,,,,,,,,,
,,,,,,,,,,
,,,,,,,,,,
,,,,,,,,,,
,,,,,,,,,,
,,,,,,,,,,
,,,,,,,,,,
,,,,,,,,,,
,,,,,,,,,,
,,,,,,,,,,
,,,,,,,,,,
,,,,,,,,,,
,,,,,,,,,,
,,,,,,,,,,
,,,,,,,,,,
,,,,,,,,,,
,,,,,,,,,,
,,,,,,,,,,
,,,,,,,,,,
,,,,,,,,,,
,,,,,,,,,,
,,,,,,,,,,
,,,,,,,,,,
,,,,,,,,,,
,,,,,,,,,,
,,,,,,,,,,
,,,,,,,,,,
,,,,,,,,,,
,,,,,,,,,,
,,,,,,,,,,
,,,,,,,,,,
,,,,,,,,,,
,,,,,,,,,,
,,,,,,,,,,
,,,,,,,,,,
,,,,,,,,,,
,,,,,,,,,,
,,,,,,,,,,
,,,,,,,,,,
,,,,,,,,,,
,,,,,,,,,,
,,,,,,,,,,
,,,,,,,,,,
,,,,,,,,,,
,,,,,,,,,,
,,,,,,,,,,
,,,,,,,,,,
,,,,,,,,,,
,,,,,,,,,,
,,,,,,,,,,
,,,,,,,,,,
,,,,,,,,,,
,,,,,,,,,,
,,,,,,,,,,
,,,,,,,,,,
,,,,,,,,,,
,,,,,,,,,,
,,,,,,,,,,
,,,,,,,,,,
,,,,,,,,,,
,,,,,,,,,,
,,,,,,,,,,
,,,,,,,,,,
,,,,,,,,,,
,,,,,,,,,,
,,,,,,,,,,
,,,,,,,,,,
,,,,,,,,,,
,,,,,,,,,,
,,,,,,,,,,
,,,,,,,,,,
,,,,,,,,,,
,,,,,,,,,,
,,,,,,,,,,
,,,,,,,,,,
,,,,,,,,,,
,,,,,,,,,,
,,,,,,,,,,
,,,,,,,,,,
,,,,,,,,,,
,,,,,,,,,,
,,,,,,,,,,
,,,,,,,,,,
,,,,,,,,,,
,,,,,,,,,,
,,,,,,,,,,
,,,,,,,,,,
,,,,,,,,,,
,,,,,,,,,,
,,,,,,,,,,
,,,,,,,,,,
,,,,,,,,,,
,,,,,,,,,,
,,,,,,,,,,
,,,,,,,,,,
,,,,,,,,,,
,,,,,,,,,,
,,,,,,,,,,
,,,,,,,,,,
,,,,,,,,,,
,,,,,,,,,,
,,,,,,,,,,
,,,,,,,,,,
,,,,,,,,,,
,,,,,,,,,,
,,,,,,,,,,
,,,,,,,,,,
,,,,,,,,,,
,,,,,,,,,,
,,,,,,,,,,
,,,,,,,,,,
,,,,,,,,,,
,,,,,,,,,,
,,,,,,,,,,
,,,,,,,,,,
,,,,,,,,,,
,,,,,,,,,,
,,,,,,,,,,
,,,,,,,,,,
,,,,,,,,,,
,,,,,,,,,,
,,,,,,,,,,
,,,,,,,,,,
,,,,,,,,,,
,,,,,,,,,,
,,,,,,,,,,
,,,,,,,,,,
,,,,,,,,,,
,,,,,,,,,,
,,,,,,,,,,
,,,,,,,,,,
,,,,,,,,,,
,,,,,,,,,,
,,,,,,,,,,
,,,,,,,,,,
,,,,,,,,,,
,,,,,,,,,,
,,,,,,,,,,
,,,,,,,,,,
,,,,,,,,,,
,,,,,,,,,,
,,,,,,,,,,
,,,,,,,,,,
,,,,,,,,,,
,,,,,,,,,,
,,,,,,,,,,
,,,,,,,,,,
,,,,,,,,,,
,,,,,,,,,,
,,,,,,,,,,
,,,,,,,,,,
,,,,,,,,,,
,,,,,,,,,,
,,,,,,,,,,
,,,,,,,,,,
,,,,,,,,,,
,,,,,,,,,,
,,,,,,,,,,
,,,,,,,,,,
,,,,,,,,,,
,,,,,,,,,,
,,,,,,,,,,
,,,,,,,,,,
,,,,,,,,,,
,,,,,,,,,,
,,,,,,,,,,
,,,,,,,,,,
,,,,,,,,,,
,,,,,,,,,,
,,,,,,,,,,
,,,,,,,,,,
,,,,,,,,,,
,,,,,,,,,,
,,,,,,,,,,
,,,,,,,,,,
,,,,,,,,,,
,,,,,,,,,,
,,,,,,,,,,
,,,,,,,,,,
,,,,,,,,,,
,,,,,,,,,,
,,,,,,,,,,
,,,,,,,,,,
,,,,,,,,,,
,,,,,,,,,,
,,,,,,,,,,
,,,,,,,,,,
,,,,,,,,,,
,,,,,,,,,,
,,,,,,,,,,
,,,,,,,,,,
,,,,,,,,,,
,,,,,,,,,,
,,,,,,,,,,
,,,,,,,,,,
,,,,,,,,,,
,,,,,,,,,,
,,,,,,,,,,
,,,,,,,,,,
,,,,,,,,,,
,,,,,,,,,,
,,,,,,,,,,
,,,,,,,,,,
,,,,,,,,,,
,,,,,,,,,,
,,,,,,,,,,
,,,,,,,,,,
,,,,,,,,,,
,,,,,,,,,,
,,,,,,,,,,
,,,,,,,,,,
,,,,,,,,,,
,,,,,,,,,,
,,,,,,,,,,
,,,,,,,,,,
,,,,,,,,,,
,,,,,,,,,,
,,,,,,,,,,
,,,,,,,,,,
,,,,,,,,,,
,,,,,,,,,,
,,,,,,,,,,
,,,,,,,,,,
,,,,,,,,,,
,,,,,,,,,,
,,,,,,,,,,
,,,,,,,,,,
,,,,,,,,,,
,,,,,,,,,,
,,,,,,,,,,
,,,,,,,,,,
,,,,,,,,,,
,,,,,,,,,,
,,,,,,,,,,
,,,,,,,,,,
,,,,,,,,,,
,,,,,,,,,,
,,,,,,,,,,
,,,,,,,,,,
,,,,,,,,,,
,,,,,,,,,,
,,,,,,,,,,
,,,,,,,,,,
,,,,,,,,,,
,,,,,,,,,,
,,,,,,,,,,
,,,,,,,,,,
,,,,,,,,,,
,,,,,,,,,,
,,,,,,,,,,
,,,,,,,,,,
,,,,,,,,,,
,,,,,,,,,,
,,,,,,,,,,
,,,,,,,,,,
,,,,,,,,,,
,,,,,,,,,,
,,,,,,,,,,
,,,,,,,,,,
,,,,,,,,,,
,,,,,,,,,,
,,,,,,,,,,
,,,,,,,,,,
,,,,,,,,,,
,,,,,,,,,,
,,,,,,,,,,
,,,,,,,,,,
,,,,,,,,,,
,,,,,,,,,,
,,,,,,,,,,
,,,,,,,,,,
,,,,,,,,,,
,,,,,,,,,,
,,,,,,,,,,
,,,,,,,,,,
,,,,,,,,,,
,,,,,,,,,,
,,,,,,,,,,
,,,,,,,,,,
,,,,,,,,,,
,,,,,,,,,,
,,,,,,,,,,
,,,,,,,,,,
,,,,,,,,,,
,,,,,,,,,,
,,,,,,,,,,
,,,,,,,,,,
,,,,,,,,,,
,,,,,,,,,,
,,,,,,,,,,
,,,,,,,,,,
,,,,,,,,,,
,,,,,,,,,,
,,,,,,,,,,
,,,,,,,,,,
,,,,,,,,,,
,,,,,,,,,,
,,,,,,,,,,
,,,,,,,,,,
,,,,,,,,,,
,,,,,,,,,,
,,,,,,,,,,
,,,,,,,,,,
,,,,,,,,,,
,,,,,,,,,,
,,,,,,,,,,
,,,,,,,,,,
,,,,,,,,,,
,,,,,,,,,,
,,,,,,,,,,
,,,,,,,,,,
,,,,,,,,,,
,,,,,,,,,,
,,,,,,,,,,
,,,,,,,,,,
,,,,,,,,,,
,,,,,,,,,,
,,,,,,,,,,
,,,,,,,,,,
,,,,,,,,,,
,,,,,,,,,,
,,,,,,,,,,
,,,,,,,,,,
,,,,,,,,,,
,,,,,,,,,,
,,,,,,,,,,
,,,,,,,,,,
,,,,,,,,,,
,,,,,,,,,,
,,,,,,,,,,
,,,,,,,,,,
,,,,,,,,,,
,,,,,,,,,,
,,,,,,,,,,
,,,,,,,,,,
,,,,,,,,,,
,,,,,,,,,,
,,,,,,,,,,
,,,,,,,,,,
,,,,,,,,,,
,,,,,,,,,,
,,,,,,,,,,
,,,,,,,,,,
,,,,,,,,,,
,,,,,,,,,,
,,,,,,,,,,
,,,,,,,,,,
,,,,,,,,,,
,,,,,,,,,,
,,,,,,,,,,
,,,,,,,,,,
,,,,,,,,,,
,,,,,,,,,,
,,,,,,,,,,
,,,,,,,,,,
,,,,,,,,,,
,,,,,,,,,,
,,,,,,,,,,
,,,,,,,,,,
,,,,,,,,,,
,,,,,,,,,,
,,,,,,,,,,
,,,,,,,,,,
,,,,,,,,,,
,,,,,,,,,,
,,,,,,,,,,
,,,,,,,,,,
,,,,,,,,,,
,,,,,,,,,,
,,,,,,,,,,
,,,,,,,,,,
,,,,,,,,,,
,,,,,,,,,,
,,,,,,,,,,
,,,,,,,,,,
,,,,,,,,,,
,,,,,,,,,,
,,,,,,,,,,
,,,,,,,,,,
,,,,,,,,,,
,,,,,,,,,,
,,,,,,,,,,
,,,,,,,,,,
,,,,,,,,,,
,,,,,,,,,,
,,,,,,,,,,
,,,,,,,,,,
,,,,,,,,,,
,,,,,,,,,,
,,,,,,,,,,
,,,,,,,,,,
,,,,,,,,,,
,,,,,,,,,,
,,,,,,,,,,
,,,,,,,,,,
,,,,,,,,,,
,,,,,,,,,,
,,,,,,,,,,
,,,,,,,,,,
,,,,,,,,,,
,,,,,,,,,,
,,,,,,,,,,
,,,,,,,,,,
,,,,,,,,,,
,,,,,,,,,,
,,,,,,,,,,
,,,,,,,,,,
,,,,,,,,,,
,,,,,,,,,,
,,,,,,,,,,
,,,,,,,,,,
,,,,,,,,,,
,,,,,,,,,,
,,,,,,,,,,
